-- MySQL dump 10.13  Distrib 5.7.26, for Linux (x86_64)
--
-- Host: localhost    Database: hhapp
-- ------------------------------------------------------
-- Server version	5.7.26-0ubuntu0.16.04.1

/*!40101 SET @OLD_CHARACTER_SET_CLIENT=@@CHARACTER_SET_CLIENT */;
/*!40101 SET @OLD_CHARACTER_SET_RESULTS=@@CHARACTER_SET_RESULTS */;
/*!40101 SET @OLD_COLLATION_CONNECTION=@@COLLATION_CONNECTION */;
/*!40101 SET NAMES utf8 */;
/*!40103 SET @OLD_TIME_ZONE=@@TIME_ZONE */;
/*!40103 SET TIME_ZONE='+00:00' */;
/*!40014 SET @OLD_UNIQUE_CHECKS=@@UNIQUE_CHECKS, UNIQUE_CHECKS=0 */;
/*!40014 SET @OLD_FOREIGN_KEY_CHECKS=@@FOREIGN_KEY_CHECKS, FOREIGN_KEY_CHECKS=0 */;
/*!40101 SET @OLD_SQL_MODE=@@SQL_MODE, SQL_MODE='NO_AUTO_VALUE_ON_ZERO' */;
/*!40111 SET @OLD_SQL_NOTES=@@SQL_NOTES, SQL_NOTES=0 */;

--
-- Table structure for table `env_records`
--

DROP TABLE IF EXISTS `env_records`;
/*!40101 SET @saved_cs_client     = @@character_set_client */;
/*!40101 SET character_set_client = utf8 */;
CREATE TABLE `env_records` (
  `id` int(11) NOT NULL AUTO_INCREMENT,
  `household_id` int(11) NOT NULL,
  `value` json DEFAULT NULL,
  `date` timestamp NOT NULL DEFAULT CURRENT_TIMESTAMP,
  `type` enum('temperature','humidity','movement') DEFAULT NULL,
  PRIMARY KEY (`id`),
  KEY `household_id` (`household_id`),
  CONSTRAINT `env_records_ibfk_1` FOREIGN KEY (`household_id`) REFERENCES `households` (`id`) ON DELETE CASCADE
) ENGINE=InnoDB AUTO_INCREMENT=1745 DEFAULT CHARSET=utf8;
/*!40101 SET character_set_client = @saved_cs_client */;

--
-- Dumping data for table `env_records`
--

LOCK TABLES `env_records` WRITE;
/*!40000 ALTER TABLE `env_records` DISABLE KEYS */;
INSERT INTO `env_records` VALUES (1,1,'{\"room_1\": 18.267568418382893, \"room_2\": 19.08522642714848, \"room_3\": 21.4250575944651, \"room_4\": 18.718427486881644}','2019-04-21 16:34:41','temperature'),(2,1,'{\"room_1\": 20.94977526550832, \"room_2\": 22.32822680887888, \"room_3\": 24.82028229374189, \"room_4\": 24.16069074005653}','2019-04-21 17:04:41','temperature'),(3,1,'{\"room_1\": 23.195452481750053, \"room_2\": 22.67379265224576, \"room_3\": 24.904990170910548, \"room_4\": 25.455185092051668}','2019-04-21 17:34:41','temperature'),(4,1,'{\"room_1\": 18.906549069676863, \"room_2\": 23.991483159953138, \"room_3\": 19.0118193757965, \"room_4\": 19.777315043347535}','2019-04-21 18:04:41','temperature'),(5,1,'{\"room_1\": 25.63595831859568, \"room_2\": 22.195688395460607, \"room_3\": 22.40446372005053, \"room_4\": 22.90303476682056}','2019-04-21 18:34:41','temperature'),(6,1,'{\"room_1\": 22.585701472319816, \"room_2\": 23.801583547451123, \"room_3\": 23.97068080129244, \"room_4\": 20.385528763675424}','2019-04-21 19:04:41','temperature'),(7,1,'{\"room_1\": 21.246994767411703, \"room_2\": 21.548254342667796, \"room_3\": 24.96991136775682, \"room_4\": 24.246434365392368}','2019-04-21 19:34:41','temperature'),(8,1,'{\"room_1\": 19.444252162246084, \"room_2\": 18.945494325802652, \"room_3\": 19.6772262699085, \"room_4\": 21.649242040270753}','2019-04-21 20:04:41','temperature'),(9,1,'{\"room_1\": 20.074348461205673, \"room_2\": 23.112501782169105, \"room_3\": 23.35469410752472, \"room_4\": 24.134445412589884}','2019-04-21 20:34:41','temperature'),(10,1,'{\"room_1\": 22.80162765208341, \"room_2\": 20.318034473214706, \"room_3\": 22.178171227942116, \"room_4\": 21.27218326592352}','2019-04-21 21:04:41','temperature'),(11,1,'{\"room_1\": 23.078428529930413, \"room_2\": 23.395277583015535, \"room_3\": 21.019281666895655, \"room_4\": 20.770593249767032}','2019-04-21 21:34:41','temperature'),(12,1,'{\"room_1\": 21.600235468046023, \"room_2\": 22.969555397116217, \"room_3\": 20.326167250800133, \"room_4\": 18.007402283921735}','2019-04-21 22:04:41','temperature'),(13,1,'{\"room_1\": 20.09079213985339, \"room_2\": 20.28535315766949, \"room_3\": 18.959850415439615, \"room_4\": 18.851912737405872}','2019-04-21 22:34:41','temperature'),(14,1,'{\"room_1\": 22.208935996026263, \"room_2\": 22.847081002308833, \"room_3\": 24.29502065675933, \"room_4\": 18.1622801509457}','2019-04-21 23:04:41','temperature'),(15,1,'{\"room_1\": 19.516482377446643, \"room_2\": 20.6941547008349, \"room_3\": 24.355198492967165, \"room_4\": 24.00585942564992}','2019-04-21 23:34:41','temperature'),(16,1,'{\"room_1\": 20.177618212690664, \"room_2\": 24.155488254851768, \"room_3\": 20.32321299859256, \"room_4\": 24.38422370350657}','2019-04-22 00:04:41','temperature'),(17,1,'{\"room_1\": 22.90809117044646, \"room_2\": 23.416430326841347, \"room_3\": 21.311583853072392, \"room_4\": 25.725239485533315}','2019-04-22 00:34:41','temperature'),(18,1,'{\"room_1\": 18.682741544793625, \"room_2\": 19.202323830567405, \"room_3\": 18.643725394080764, \"room_4\": 21.047359017716666}','2019-04-22 01:04:41','temperature'),(19,1,'{\"room_1\": 23.395249262694108, \"room_2\": 22.82127498421173, \"room_3\": 20.95225568091387, \"room_4\": 25.091396468378846}','2019-04-22 01:34:41','temperature'),(20,1,'{\"room_1\": 19.61808071994247, \"room_2\": 21.00912004065731, \"room_3\": 23.869061889712405, \"room_4\": 25.11090801378136}','2019-04-22 02:04:41','temperature'),(21,1,'{\"room_1\": 23.876470173573257, \"room_2\": 22.006484832662668, \"room_3\": 18.517726600259685, \"room_4\": 20.242907310244107}','2019-04-22 02:34:41','temperature'),(22,1,'{\"room_1\": 24.1349659521991, \"room_2\": 25.102569025643767, \"room_3\": 21.515166834127967, \"room_4\": 18.03817801046727}','2019-04-22 03:04:41','temperature'),(23,1,'{\"room_1\": 23.42705430631969, \"room_2\": 19.89479739210315, \"room_3\": 24.598585329065816, \"room_4\": 24.69698689115735}','2019-04-22 03:34:41','temperature'),(24,1,'{\"room_1\": 25.805661159352105, \"room_2\": 22.710314248781593, \"room_3\": 25.385081713954747, \"room_4\": 19.2189209976236}','2019-04-22 04:04:41','temperature'),(25,1,'{\"room_1\": 20.84888372627018, \"room_2\": 21.17561357727383, \"room_3\": 20.04618934680559, \"room_4\": 23.597217248170928}','2019-04-22 04:34:41','temperature'),(26,1,'{\"room_1\": 21.63305760578053, \"room_2\": 20.40146691034655, \"room_3\": 21.53436044242737, \"room_4\": 22.45863087757799}','2019-04-22 05:04:41','temperature'),(27,1,'{\"room_1\": 21.58024175102686, \"room_2\": 20.51234490534689, \"room_3\": 24.440621308813306, \"room_4\": 21.316613141746146}','2019-04-22 05:34:41','temperature'),(28,1,'{\"room_1\": 22.02957451858306, \"room_2\": 23.324211512056323, \"room_3\": 25.471419596071044, \"room_4\": 19.770215938156824}','2019-04-22 06:04:41','temperature'),(29,1,'{\"room_1\": 18.655026746321862, \"room_2\": 24.229989205967883, \"room_3\": 20.452800255707498, \"room_4\": 25.93316708908851}','2019-04-22 06:34:41','temperature'),(30,1,'{\"room_1\": 21.345320912639572, \"room_2\": 18.000497264536346, \"room_3\": 24.513500953040065, \"room_4\": 23.226037058056885}','2019-04-22 07:04:41','temperature'),(31,1,'{\"room_1\": 24.670507428848744, \"room_2\": 19.16157336144518, \"room_3\": 20.456678374882532, \"room_4\": 21.562872130090675}','2019-04-22 07:34:41','temperature'),(32,1,'{\"room_1\": 19.47787026992124, \"room_2\": 25.409012111335706, \"room_3\": 23.775538430879028, \"room_4\": 20.890751276990187}','2019-04-22 08:04:41','temperature'),(33,1,'{\"room_1\": 18.609150460379873, \"room_2\": 18.530804533985098, \"room_3\": 23.37304708071572, \"room_4\": 18.282991523998923}','2019-04-22 08:34:41','temperature'),(34,1,'{\"room_1\": 25.501899114497675, \"room_2\": 23.103025213737304, \"room_3\": 25.727372905391128, \"room_4\": 18.738379635046897}','2019-04-22 09:04:41','temperature'),(35,1,'{\"room_1\": 21.61960253708375, \"room_2\": 21.90135276589038, \"room_3\": 24.26540587937543, \"room_4\": 23.07293327558775}','2019-04-22 09:34:41','temperature'),(36,1,'{\"room_1\": 25.002714128055377, \"room_2\": 23.22981296206582, \"room_3\": 20.604620385063228, \"room_4\": 23.231410052941108}','2019-04-22 10:04:41','temperature'),(37,1,'{\"room_1\": 19.196682762728848, \"room_2\": 22.71263893828245, \"room_3\": 25.760226638118397, \"room_4\": 20.995177272353654}','2019-04-22 10:34:41','temperature'),(38,1,'{\"room_1\": 23.495560148657177, \"room_2\": 20.867887608928747, \"room_3\": 24.7211454598314, \"room_4\": 21.5263424378955}','2019-04-22 11:04:41','temperature'),(39,1,'{\"room_1\": 19.810122825903743, \"room_2\": 20.64569071867984, \"room_3\": 23.40986400007538, \"room_4\": 22.94895957493361}','2019-04-22 11:34:41','temperature'),(40,1,'{\"room_1\": 23.608962281838984, \"room_2\": 21.880364794530067, \"room_3\": 19.538632946222737, \"room_4\": 18.173696803816576}','2019-04-22 12:04:41','temperature'),(41,1,'{\"room_1\": 18.67176888149055, \"room_2\": 18.39151755023769, \"room_3\": 23.703177696720154, \"room_4\": 23.24595424871722}','2019-04-22 12:34:41','temperature'),(42,1,'{\"room_1\": 22.6159564243912, \"room_2\": 20.14309750988959, \"room_3\": 20.89655247841624, \"room_4\": 23.527551317310735}','2019-04-22 13:04:41','temperature'),(43,1,'{\"room_1\": 23.70327109984058, \"room_2\": 20.826357084788263, \"room_3\": 24.869633943585207, \"room_4\": 18.74348513572015}','2019-04-22 13:34:41','temperature'),(44,1,'{\"room_1\": 22.334460220979487, \"room_2\": 24.077001407425456, \"room_3\": 21.700222248601655, \"room_4\": 19.94045022304299}','2019-04-22 14:04:41','temperature'),(45,1,'{\"room_1\": 20.142350693689114, \"room_2\": 22.146643184864782, \"room_3\": 21.01397338262747, \"room_4\": 19.0723433399066}','2019-04-22 14:34:41','temperature'),(46,1,'{\"room_1\": 18.472569414884177, \"room_2\": 20.293091645404303, \"room_3\": 24.14746720421064, \"room_4\": 23.787056188203877}','2019-04-22 15:04:41','temperature'),(47,1,'{\"room_1\": 22.614336371513364, \"room_2\": 24.127057049840236, \"room_3\": 20.904128193492745, \"room_4\": 23.75208296564792}','2019-04-22 15:34:41','temperature'),(48,1,'{\"room_1\": 23.8179946830546, \"room_2\": 21.13244404302325, \"room_3\": 19.39825963085486, \"room_4\": 20.595170594297567}','2019-04-22 16:04:41','temperature'),(49,1,'{\"room_1\": 22.894970251363745, \"room_2\": 24.86213459761919, \"room_3\": 21.128901333396172, \"room_4\": 23.809283198176217}','2019-04-22 16:34:41','temperature'),(50,1,'{\"room_1\": 18.12997991354939, \"room_2\": 20.239647858638023, \"room_3\": 23.696278147401095, \"room_4\": 19.07688492184578}','2019-04-22 17:04:41','temperature'),(51,1,'{\"room_1\": 21.523190455436485, \"room_2\": 19.94204157285744, \"room_3\": 20.77138611755722, \"room_4\": 20.55452998879804}','2019-04-22 17:34:41','temperature'),(52,1,'{\"room_1\": 19.719414470235588, \"room_2\": 23.537400285714575, \"room_3\": 23.18768344943022, \"room_4\": 24.14729302295271}','2019-04-22 18:04:41','temperature'),(53,1,'{\"room_1\": 18.163231945987203, \"room_2\": 20.28182789671024, \"room_3\": 20.15143014238761, \"room_4\": 25.17844787434668}','2019-04-22 18:34:41','temperature'),(54,1,'{\"room_1\": 24.832291459893337, \"room_2\": 24.744145300660033, \"room_3\": 22.96396648106912, \"room_4\": 19.812581601660337}','2019-04-22 19:04:41','temperature'),(55,1,'{\"room_1\": 23.978034413822776, \"room_2\": 24.881711625288144, \"room_3\": 22.031954356633275, \"room_4\": 23.666333236534307}','2019-04-22 19:34:41','temperature'),(56,1,'{\"room_1\": 22.60735857255026, \"room_2\": 24.984209864864035, \"room_3\": 21.51450166991598, \"room_4\": 23.253582977544504}','2019-04-22 20:04:41','temperature'),(57,1,'{\"room_1\": 25.640912308903523, \"room_2\": 19.45952117830585, \"room_3\": 21.44163812620025, \"room_4\": 24.5843081899531}','2019-04-22 20:34:41','temperature'),(58,1,'{\"room_1\": 22.62877552522054, \"room_2\": 23.88178459580842, \"room_3\": 22.025291776320493, \"room_4\": 25.162517425396093}','2019-04-22 21:04:41','temperature'),(59,1,'{\"room_1\": 18.579929731608253, \"room_2\": 24.690193383089422, \"room_3\": 25.74784210096979, \"room_4\": 18.063660723400623}','2019-04-22 21:34:41','temperature'),(60,1,'{\"room_1\": 18.26711840274634, \"room_2\": 18.678709073703143, \"room_3\": 23.68975778615581, \"room_4\": 21.96310033492718}','2019-04-22 22:04:41','temperature'),(61,1,'{\"room_1\": 25.41429889549638, \"room_2\": 23.160492853017367, \"room_3\": 24.397816355687475, \"room_4\": 21.236779453051476}','2019-04-22 22:34:41','temperature'),(62,1,'{\"room_1\": 18.118909775468477, \"room_2\": 24.16321080122072, \"room_3\": 18.387764157195285, \"room_4\": 21.60858887770181}','2019-04-22 23:04:41','temperature'),(63,1,'{\"room_1\": 18.91387876742594, \"room_2\": 20.22907848119971, \"room_3\": 21.772087397037737, \"room_4\": 25.5570633448217}','2019-04-22 23:34:41','temperature'),(64,1,'{\"room_1\": 20.142122571182405, \"room_2\": 24.63258411117802, \"room_3\": 21.951009702423804, \"room_4\": 25.539425595496603}','2019-04-23 00:04:41','temperature'),(65,1,'{\"room_1\": 24.809756147689193, \"room_2\": 18.360706731856943, \"room_3\": 25.22932858230108, \"room_4\": 19.782973169447946}','2019-04-23 00:34:41','temperature'),(66,1,'{\"room_1\": 19.3362237109897, \"room_2\": 24.471206791239283, \"room_3\": 18.42361016083635, \"room_4\": 22.699339229827213}','2019-04-23 01:04:41','temperature'),(67,1,'{\"room_1\": 25.970411700375376, \"room_2\": 22.838687582723615, \"room_3\": 21.77781186638108, \"room_4\": 21.563270868862325}','2019-04-23 01:34:41','temperature'),(68,1,'{\"room_1\": 25.17949954499755, \"room_2\": 18.23744708801319, \"room_3\": 19.57944972586185, \"room_4\": 22.13797344469119}','2019-04-23 02:04:41','temperature'),(69,1,'{\"room_1\": 25.41895617407165, \"room_2\": 18.935663420272945, \"room_3\": 20.451379918625825, \"room_4\": 19.728117077437243}','2019-04-23 02:34:41','temperature'),(70,1,'{\"room_1\": 24.86194619531218, \"room_2\": 20.29513036564863, \"room_3\": 22.462143775684147, \"room_4\": 19.772023291302595}','2019-04-23 03:04:41','temperature'),(71,1,'{\"room_1\": 24.427860606424936, \"room_2\": 19.043714954034947, \"room_3\": 21.74801739816255, \"room_4\": 24.497912870514895}','2019-04-23 03:34:41','temperature'),(72,1,'{\"room_1\": 23.320017163379863, \"room_2\": 18.877417328584297, \"room_3\": 24.360261780329115, \"room_4\": 23.028231575599452}','2019-04-23 04:04:41','temperature'),(73,1,'{\"room_1\": 25.950939994779432, \"room_2\": 21.14711950684715, \"room_3\": 21.99405585310279, \"room_4\": 25.06495783645735}','2019-04-23 04:34:41','temperature'),(74,1,'{\"room_1\": 18.379328108021905, \"room_2\": 24.32054007513244, \"room_3\": 21.44867341883488, \"room_4\": 22.51984400884366}','2019-04-23 05:04:41','temperature'),(75,1,'{\"room_1\": 24.292003840943742, \"room_2\": 25.375208568381385, \"room_3\": 24.06586777934882, \"room_4\": 21.879364797756907}','2019-04-23 05:34:41','temperature'),(76,1,'{\"room_1\": 22.995605586103498, \"room_2\": 22.55507308386476, \"room_3\": 20.77257104783306, \"room_4\": 19.25090348711247}','2019-04-23 06:04:41','temperature'),(77,1,'{\"room_1\": 22.249717432205433, \"room_2\": 19.32731989057348, \"room_3\": 19.685376021618424, \"room_4\": 25.28453741823235}','2019-04-23 06:34:41','temperature'),(78,1,'{\"room_1\": 23.3671760870515, \"room_2\": 21.326979371075815, \"room_3\": 18.6870720790618, \"room_4\": 20.464745208421338}','2019-04-23 07:04:41','temperature'),(79,1,'{\"room_1\": 20.526333963519697, \"room_2\": 19.759063036575665, \"room_3\": 21.794332914844947, \"room_4\": 23.17924074386627}','2019-04-23 07:34:41','temperature'),(80,1,'{\"room_1\": 18.661247402954817, \"room_2\": 22.80598666808921, \"room_3\": 25.12174737443974, \"room_4\": 21.228955873031524}','2019-04-23 08:04:41','temperature'),(81,1,'{\"room_1\": 24.90463576195384, \"room_2\": 22.05576702966112, \"room_3\": 23.913894575262436, \"room_4\": 23.7157540188098}','2019-04-23 08:34:41','temperature'),(82,1,'{\"room_1\": 22.547269131363706, \"room_2\": 20.289022762082546, \"room_3\": 22.912771808194663, \"room_4\": 25.438173617105143}','2019-04-23 09:04:41','temperature'),(83,1,'{\"room_1\": 18.096540987540415, \"room_2\": 19.610122546928658, \"room_3\": 21.047128985372343, \"room_4\": 21.70518759087342}','2019-04-23 09:34:41','temperature'),(84,1,'{\"room_1\": 21.56473598893708, \"room_2\": 21.79809332476765, \"room_3\": 21.460230261709647, \"room_4\": 20.062952252188108}','2019-04-23 10:04:41','temperature'),(85,1,'{\"room_1\": 21.7871411741276, \"room_2\": 21.88712765519142, \"room_3\": 23.57801566449148, \"room_4\": 25.041972810450865}','2019-04-23 10:34:41','temperature'),(86,1,'{\"room_1\": 22.9072173068572, \"room_2\": 23.490406796443313, \"room_3\": 23.01657920037221, \"room_4\": 23.192647501809457}','2019-04-23 11:04:41','temperature'),(87,1,'{\"room_1\": 22.087551618689716, \"room_2\": 20.951916214301896, \"room_3\": 23.84336553909251, \"room_4\": 24.560701928547353}','2019-04-23 11:34:41','temperature'),(88,1,'{\"room_1\": 23.7533555997701, \"room_2\": 19.21677994438265, \"room_3\": 24.771112851349223, \"room_4\": 21.938729838416968}','2019-04-23 12:04:41','temperature'),(89,1,'{\"room_1\": 24.861500537177548, \"room_2\": 19.57594651805617, \"room_3\": 22.0644251838465, \"room_4\": 18.33787943661582}','2019-04-23 12:34:41','temperature'),(90,1,'{\"room_1\": 20.764961103381246, \"room_2\": 20.175240607381884, \"room_3\": 19.678322533449258, \"room_4\": 19.067121943893937}','2019-04-23 13:04:41','temperature'),(91,1,'{\"room_1\": 24.298912923016005, \"room_2\": 20.32856927783185, \"room_3\": 19.487476154959364, \"room_4\": 19.122297435570275}','2019-04-23 13:34:41','temperature'),(92,1,'{\"room_1\": 24.870698786767477, \"room_2\": 20.659879807383284, \"room_3\": 21.281282354094166, \"room_4\": 23.27820803385353}','2019-04-23 14:04:41','temperature'),(93,1,'{\"room_1\": 24.31980020365347, \"room_2\": 23.54837957591205, \"room_3\": 18.867221204125325, \"room_4\": 25.149060713534993}','2019-04-23 14:34:41','temperature'),(94,1,'{\"room_1\": 24.911735924068765, \"room_2\": 19.363647111073902, \"room_3\": 23.05251149498004, \"room_4\": 23.731990596301905}','2019-04-23 15:04:41','temperature'),(95,1,'{\"room_1\": 24.146603778930356, \"room_2\": 19.16871062001763, \"room_3\": 18.10674248940649, \"room_4\": 22.478122033841263}','2019-04-23 15:34:41','temperature'),(96,1,'{\"room_1\": 18.66303677659827, \"room_2\": 23.589665118160795, \"room_3\": 24.925230262080326, \"room_4\": 24.953345548142305}','2019-04-23 16:04:41','temperature'),(97,1,'{\"room_1\": 22.162581889967345, \"room_2\": 20.408184338537033, \"room_3\": 23.748299566492328, \"room_4\": 20.442284241927176}','2019-04-23 16:34:41','temperature'),(98,1,'{\"room_1\": 21.42731651401276, \"room_2\": 18.84848306639915, \"room_3\": 23.57696725115933, \"room_4\": 22.09128663696351}','2019-04-23 17:04:41','temperature'),(99,1,'{\"room_1\": 21.20942633258165, \"room_2\": 18.725980715289364, \"room_3\": 19.35413311842048, \"room_4\": 21.70690863574511}','2019-04-23 17:34:41','temperature'),(100,1,'{\"room_1\": 20.15136336237119, \"room_2\": 23.391267669730283, \"room_3\": 20.1058021937056, \"room_4\": 25.836264739807675}','2019-04-23 18:04:41','temperature'),(101,1,'{\"room_1\": 22.420271710505123, \"room_2\": 20.4083693680045, \"room_3\": 21.122050619851542, \"room_4\": 22.42507029126728}','2019-04-23 18:34:41','temperature'),(102,1,'{\"room_1\": 21.51357242905339, \"room_2\": 19.186440215693963, \"room_3\": 21.456261419451018, \"room_4\": 24.119597874433467}','2019-04-23 19:04:41','temperature'),(103,1,'{\"room_1\": 25.6101097236604, \"room_2\": 19.992672035477383, \"room_3\": 20.881817753678575, \"room_4\": 23.86285533878368}','2019-04-23 19:34:41','temperature'),(104,1,'{\"room_1\": 24.62235877506517, \"room_2\": 18.84281825305765, \"room_3\": 23.944984704977117, \"room_4\": 24.711668761810134}','2019-04-23 20:04:41','temperature'),(105,1,'{\"room_1\": 25.604097988739177, \"room_2\": 22.763203192383852, \"room_3\": 24.41170516340129, \"room_4\": 20.39516749087303}','2019-04-23 20:34:41','temperature'),(106,1,'{\"room_1\": 24.66070690192684, \"room_2\": 18.01965578887289, \"room_3\": 20.9736793430233, \"room_4\": 21.760898716981487}','2019-04-23 21:04:41','temperature'),(107,1,'{\"room_1\": 19.15937419836567, \"room_2\": 20.720290241166666, \"room_3\": 19.213364580742077, \"room_4\": 22.135634011773952}','2019-04-23 21:34:41','temperature'),(108,1,'{\"room_1\": 23.99335059781989, \"room_2\": 21.628544127381534, \"room_3\": 23.550876591537563, \"room_4\": 18.459341066079286}','2019-04-23 22:04:41','temperature'),(109,1,'{\"room_1\": 21.48117546978463, \"room_2\": 20.81765653134412, \"room_3\": 21.50808359753469, \"room_4\": 18.48735551879446}','2019-04-23 22:34:41','temperature'),(110,1,'{\"room_1\": 24.66398420275683, \"room_2\": 22.71875173863514, \"room_3\": 22.00147558012665, \"room_4\": 19.166368244180973}','2019-04-23 23:04:41','temperature'),(111,1,'{\"room_1\": 20.713480411992737, \"room_2\": 20.60382011433479, \"room_3\": 19.66777915878459, \"room_4\": 18.87547702443213}','2019-04-23 23:34:41','temperature'),(112,1,'{\"room_1\": 18.024903397377372, \"room_2\": 22.74727659524755, \"room_3\": 20.789680734686627, \"room_4\": 25.333907996230117}','2019-04-24 00:04:41','temperature'),(113,1,'{\"room_1\": 25.43287105598073, \"room_2\": 18.5654038794126, \"room_3\": 18.903139997774232, \"room_4\": 23.041306895800677}','2019-04-24 00:34:41','temperature'),(114,1,'{\"room_1\": 25.25521885702063, \"room_2\": 19.10309491109997, \"room_3\": 19.02152043771432, \"room_4\": 20.701006300749423}','2019-04-24 01:04:41','temperature'),(115,1,'{\"room_1\": 21.41056128281707, \"room_2\": 20.517452860890167, \"room_3\": 18.98389648272596, \"room_4\": 20.658352574288937}','2019-04-24 01:34:41','temperature'),(116,1,'{\"room_1\": 22.256987997900417, \"room_2\": 19.07083839349214, \"room_3\": 18.727110377837096, \"room_4\": 22.24448329082943}','2019-04-24 02:04:41','temperature'),(117,1,'{\"room_1\": 24.958887632429366, \"room_2\": 23.69090689184832, \"room_3\": 25.91005889330514, \"room_4\": 20.886326687573984}','2019-04-24 02:34:41','temperature'),(118,1,'{\"room_1\": 21.90828525386068, \"room_2\": 22.69436601229101, \"room_3\": 25.053306617575785, \"room_4\": 24.12658336073779}','2019-04-24 03:04:41','temperature'),(119,1,'{\"room_1\": 25.31044286781197, \"room_2\": 18.21887241023756, \"room_3\": 24.832253780625315, \"room_4\": 19.13001399172134}','2019-04-24 03:34:41','temperature'),(120,1,'{\"room_1\": 25.465381230025383, \"room_2\": 20.84953172103338, \"room_3\": 20.740967840465416, \"room_4\": 18.35973471254967}','2019-04-24 04:04:41','temperature'),(121,1,'{\"room_1\": 20.90981069404273, \"room_2\": 20.41624446802474, \"room_3\": 25.10944741841566, \"room_4\": 24.245159206735377}','2019-04-24 04:34:41','temperature'),(122,1,'{\"room_1\": 21.774606163177054, \"room_2\": 21.74840142332203, \"room_3\": 18.87258063489468, \"room_4\": 21.357465958521985}','2019-04-24 05:04:41','temperature'),(123,1,'{\"room_1\": 20.93618876143519, \"room_2\": 24.513636001056337, \"room_3\": 20.48659051962959, \"room_4\": 18.01239538889444}','2019-04-24 05:34:41','temperature'),(124,1,'{\"room_1\": 24.8335989405021, \"room_2\": 22.176088957671222, \"room_3\": 22.23112404872888, \"room_4\": 20.30887583292594}','2019-04-24 06:04:41','temperature'),(125,1,'{\"room_1\": 21.62984695305651, \"room_2\": 24.070580705894105, \"room_3\": 18.315806147735582, \"room_4\": 19.140436068190787}','2019-04-24 06:34:41','temperature'),(126,1,'{\"room_1\": 24.835648311907747, \"room_2\": 22.397096070966008, \"room_3\": 21.39925217340739, \"room_4\": 25.114591562183985}','2019-04-24 07:04:41','temperature'),(127,1,'{\"room_1\": 21.62075137307624, \"room_2\": 25.46562160641688, \"room_3\": 22.816003688219105, \"room_4\": 21.30170940006119}','2019-04-24 07:34:41','temperature'),(128,1,'{\"room_1\": 21.757019663080655, \"room_2\": 23.583136929676904, \"room_3\": 19.41807622405359, \"room_4\": 18.02186884473057}','2019-04-24 08:04:41','temperature'),(129,1,'{\"room_1\": 18.825372447145224, \"room_2\": 20.859732865142725, \"room_3\": 19.340682048434793, \"room_4\": 24.669250467514107}','2019-04-24 08:34:41','temperature'),(130,1,'{\"room_1\": 23.057533279637894, \"room_2\": 20.887136151090964, \"room_3\": 21.3314874875755, \"room_4\": 23.14153140131132}','2019-04-24 09:04:41','temperature'),(131,1,'{\"room_1\": 19.200701671469982, \"room_2\": 24.691852202935575, \"room_3\": 22.340427780920447, \"room_4\": 25.523669980417928}','2019-04-24 09:34:41','temperature'),(132,1,'{\"room_1\": 25.341845089621224, \"room_2\": 19.71863963098072, \"room_3\": 23.678955153714185, \"room_4\": 18.1374248659977}','2019-04-24 10:04:41','temperature'),(133,1,'{\"room_1\": 25.523096449702503, \"room_2\": 18.923407742523302, \"room_3\": 21.913847758645915, \"room_4\": 21.838361844588555}','2019-04-24 10:34:41','temperature'),(134,1,'{\"room_1\": 25.907660441671332, \"room_2\": 21.826878510966388, \"room_3\": 21.12338630267205, \"room_4\": 20.2535316575991}','2019-04-24 11:04:41','temperature'),(135,1,'{\"room_1\": 19.08339333060323, \"room_2\": 25.01750848502879, \"room_3\": 18.95799004513239, \"room_4\": 24.0238509120553}','2019-04-24 11:34:41','temperature'),(136,1,'{\"room_1\": 22.730842611819924, \"room_2\": 25.34223063269989, \"room_3\": 25.18533092365497, \"room_4\": 23.80047916580539}','2019-04-24 12:04:41','temperature'),(137,1,'{\"room_1\": 19.4686495074242, \"room_2\": 19.730760333806007, \"room_3\": 19.0408905283497, \"room_4\": 18.17963658549322}','2019-04-24 12:34:41','temperature'),(138,1,'{\"room_1\": 25.740211292874456, \"room_2\": 19.031188764586027, \"room_3\": 20.824303208064567, \"room_4\": 22.138205558005353}','2019-04-24 13:04:41','temperature'),(139,1,'{\"room_1\": 22.902321384779768, \"room_2\": 22.128091236793907, \"room_3\": 25.995977300883983, \"room_4\": 24.949939352096923}','2019-04-24 13:34:41','temperature'),(140,1,'{\"room_1\": 18.08067713077645, \"room_2\": 19.6265162891184, \"room_3\": 18.773779582579976, \"room_4\": 22.050910585397347}','2019-04-24 14:04:41','temperature'),(141,1,'{\"room_1\": 24.816944680663035, \"room_2\": 23.459982100785275, \"room_3\": 19.878541364796423, \"room_4\": 22.260210004953997}','2019-04-24 14:34:41','temperature'),(142,1,'{\"room_1\": 25.83058133145196, \"room_2\": 20.75671484008612, \"room_3\": 21.13311399595419, \"room_4\": 19.765621082022047}','2019-04-24 15:04:41','temperature'),(143,1,'{\"room_1\": 24.2241210547748, \"room_2\": 21.218688091884296, \"room_3\": 23.633642242129326, \"room_4\": 23.139438047611797}','2019-04-24 15:34:41','temperature'),(144,1,'{\"room_1\": 18.207489166769797, \"room_2\": 18.108330360516767, \"room_3\": 19.50508516858655, \"room_4\": 22.620238755075235}','2019-04-24 16:04:41','temperature'),(145,1,'{\"room_1\": 22.554679550993814, \"room_2\": 25.452146454402005, \"room_3\": 25.396557144476677, \"room_4\": 19.937660937569277}','2019-04-24 16:34:41','temperature'),(146,1,'{\"room_1\": 63.61222563626797, \"room_2\": 49.45367812637387, \"room_3\": 50.95886519128068, \"room_4\": 90.2064524183723}','2019-04-21 16:34:41','humidity'),(147,1,'{\"room_1\": 64.87236548435763, \"room_2\": 85.9162930459137, \"room_3\": 67.8497049907921, \"room_4\": 73.16746961052156}','2019-04-21 17:04:41','humidity'),(148,1,'{\"room_1\": 72.98013871069577, \"room_2\": 55.026162143971376, \"room_3\": 67.24997568374242, \"room_4\": 85.43584404552792}','2019-04-21 17:34:41','humidity'),(149,1,'{\"room_1\": 82.62351557879929, \"room_2\": 57.65628532750436, \"room_3\": 84.0191066949649, \"room_4\": 61.089229900683975}','2019-04-21 18:04:41','humidity'),(150,1,'{\"room_1\": 54.73428709597485, \"room_2\": 87.72789679107382, \"room_3\": 53.19490709655077, \"room_4\": 79.95495970988352}','2019-04-21 18:34:41','humidity'),(151,1,'{\"room_1\": 64.59855285217967, \"room_2\": 85.50901175646007, \"room_3\": 59.7624946985838, \"room_4\": 72.0217560609374}','2019-04-21 19:04:41','humidity'),(152,1,'{\"room_1\": 72.87267297540248, \"room_2\": 40.28339143656213, \"room_3\": 52.32046074263064, \"room_4\": 58.81135738476473}','2019-04-21 19:34:41','humidity'),(153,1,'{\"room_1\": 60.38564513598482, \"room_2\": 42.02008235608573, \"room_3\": 65.96329865722025, \"room_4\": 67.02628212591068}','2019-04-21 20:04:41','humidity'),(154,1,'{\"room_1\": 58.05217756687135, \"room_2\": 94.62564750626233, \"room_3\": 47.19543333398893, \"room_4\": 47.41429680817369}','2019-04-21 20:34:41','humidity'),(155,1,'{\"room_1\": 80.18760616091001, \"room_2\": 92.99550286711168, \"room_3\": 63.790096368193446, \"room_4\": 67.04443313228808}','2019-04-21 21:04:41','humidity'),(156,1,'{\"room_1\": 82.76260172813768, \"room_2\": 92.70372239902412, \"room_3\": 51.05097993750542, \"room_4\": 80.37505526059599}','2019-04-21 21:34:41','humidity'),(157,1,'{\"room_1\": 65.37929372473396, \"room_2\": 71.997522028449, \"room_3\": 75.30459062471581, \"room_4\": 48.74190541090678}','2019-04-21 22:04:41','humidity'),(158,1,'{\"room_1\": 74.38971724015266, \"room_2\": 93.64933386563334, \"room_3\": 59.12435775466686, \"room_4\": 93.09378019575922}','2019-04-21 22:34:41','humidity'),(159,1,'{\"room_1\": 86.65549318272676, \"room_2\": 73.12060483068112, \"room_3\": 71.99059849745191, \"room_4\": 62.36341753090375}','2019-04-21 23:04:41','humidity'),(160,1,'{\"room_1\": 70.47800770333265, \"room_2\": 90.47923295328272, \"room_3\": 60.56913861210223, \"room_4\": 85.89234871174006}','2019-04-21 23:34:41','humidity'),(161,1,'{\"room_1\": 62.08039475220646, \"room_2\": 83.56139280347082, \"room_3\": 99.68830699487576, \"room_4\": 53.48451667798702}','2019-04-22 00:04:41','humidity'),(162,1,'{\"room_1\": 57.70420272296592, \"room_2\": 88.14123679904492, \"room_3\": 62.89355240205735, \"room_4\": 80.22811483592403}','2019-04-22 00:34:41','humidity'),(163,1,'{\"room_1\": 64.12268556109447, \"room_2\": 62.01473048055115, \"room_3\": 95.50863760095804, \"room_4\": 83.215996358772}','2019-04-22 01:04:41','humidity'),(164,1,'{\"room_1\": 92.3569343406336, \"room_2\": 98.21877858517531, \"room_3\": 50.84868131012147, \"room_4\": 43.51263340353057}','2019-04-22 01:34:41','humidity'),(165,1,'{\"room_1\": 76.77496927361187, \"room_2\": 49.96145503880163, \"room_3\": 78.26243353890143, \"room_4\": 42.20594461415426}','2019-04-22 02:04:41','humidity'),(166,1,'{\"room_1\": 52.00742756401236, \"room_2\": 59.38848931803618, \"room_3\": 40.58876473811563, \"room_4\": 79.00509085310816}','2019-04-22 02:34:41','humidity'),(167,1,'{\"room_1\": 63.97396527306982, \"room_2\": 56.49938725300451, \"room_3\": 89.91941222601943, \"room_4\": 83.54212233304085}','2019-04-22 03:04:41','humidity'),(168,1,'{\"room_1\": 68.99265580773242, \"room_2\": 89.07397464228734, \"room_3\": 64.04350716127186, \"room_4\": 54.38995241317872}','2019-04-22 03:34:41','humidity'),(169,1,'{\"room_1\": 95.2601601463604, \"room_2\": 69.46692933889139, \"room_3\": 69.92235964135475, \"room_4\": 81.30618549960937}','2019-04-22 04:04:41','humidity'),(170,1,'{\"room_1\": 79.49351175911531, \"room_2\": 46.53670512086632, \"room_3\": 48.18160427203128, \"room_4\": 76.71468813852599}','2019-04-22 04:34:41','humidity'),(171,1,'{\"room_1\": 71.73322874179638, \"room_2\": 94.82350106705115, \"room_3\": 50.33106367327973, \"room_4\": 69.51571932083574}','2019-04-22 05:04:41','humidity'),(172,1,'{\"room_1\": 48.32071429569247, \"room_2\": 70.3536570828041, \"room_3\": 84.27608699594454, \"room_4\": 71.74655564781189}','2019-04-22 05:34:41','humidity'),(173,1,'{\"room_1\": 83.90783981335983, \"room_2\": 58.71819919753784, \"room_3\": 98.85521523983654, \"room_4\": 97.86884329030607}','2019-04-22 06:04:41','humidity'),(174,1,'{\"room_1\": 48.713651601759835, \"room_2\": 44.28598323554918, \"room_3\": 72.93164278775387, \"room_4\": 62.880902480812175}','2019-04-22 06:34:41','humidity'),(175,1,'{\"room_1\": 90.12325535413152, \"room_2\": 44.185230539219646, \"room_3\": 52.52379163280002, \"room_4\": 74.47804858877697}','2019-04-22 07:04:41','humidity'),(176,1,'{\"room_1\": 69.7119896421374, \"room_2\": 94.5008639369374, \"room_3\": 71.57033027642221, \"room_4\": 47.384031745122115}','2019-04-22 07:34:41','humidity'),(177,1,'{\"room_1\": 93.11600143279708, \"room_2\": 41.82553124813052, \"room_3\": 43.14307810964253, \"room_4\": 85.24712269990846}','2019-04-22 08:04:41','humidity'),(178,1,'{\"room_1\": 80.19708653488192, \"room_2\": 61.07549467747881, \"room_3\": 60.371696814683474, \"room_4\": 99.02620068712928}','2019-04-22 08:34:41','humidity'),(179,1,'{\"room_1\": 58.51267568812936, \"room_2\": 54.73613932196663, \"room_3\": 78.84998283924605, \"room_4\": 58.80467974131519}','2019-04-22 09:04:41','humidity'),(180,1,'{\"room_1\": 96.91576881271658, \"room_2\": 63.94995360614061, \"room_3\": 70.66362090788374, \"room_4\": 83.81633319823683}','2019-04-22 09:34:41','humidity'),(181,1,'{\"room_1\": 63.38902228903103, \"room_2\": 81.25776066810256, \"room_3\": 95.96399693032188, \"room_4\": 62.40811912798983}','2019-04-22 10:04:41','humidity'),(182,1,'{\"room_1\": 96.08961439949776, \"room_2\": 66.37102050310173, \"room_3\": 58.559378854421304, \"room_4\": 99.52934767135292}','2019-04-22 10:34:41','humidity'),(183,1,'{\"room_1\": 46.14762614697063, \"room_2\": 63.94020874337649, \"room_3\": 80.71755915011823, \"room_4\": 45.719215694318606}','2019-04-22 11:04:41','humidity'),(184,1,'{\"room_1\": 77.47876481518128, \"room_2\": 41.596018228166145, \"room_3\": 56.156368999409, \"room_4\": 83.86166693698196}','2019-04-22 11:34:41','humidity'),(185,1,'{\"room_1\": 63.10359836680249, \"room_2\": 77.89251836561377, \"room_3\": 68.9547842121653, \"room_4\": 81.78995469749515}','2019-04-22 12:04:41','humidity'),(186,1,'{\"room_1\": 83.31417431653341, \"room_2\": 46.622932689486206, \"room_3\": 90.9545663792129, \"room_4\": 72.12769115056881}','2019-04-22 12:34:41','humidity'),(187,1,'{\"room_1\": 86.69878870674924, \"room_2\": 71.47543862313256, \"room_3\": 66.7736268864356, \"room_4\": 71.87579103579677}','2019-04-22 13:04:41','humidity'),(188,1,'{\"room_1\": 82.99473350892715, \"room_2\": 40.123173174431294, \"room_3\": 85.41533906996462, \"room_4\": 96.8908430083778}','2019-04-22 13:34:41','humidity'),(189,1,'{\"room_1\": 77.86729414504615, \"room_2\": 78.74671825950583, \"room_3\": 84.0767450774736, \"room_4\": 54.80846294887685}','2019-04-22 14:04:41','humidity'),(190,1,'{\"room_1\": 85.04942611536778, \"room_2\": 99.94078781829296, \"room_3\": 43.31353181771336, \"room_4\": 62.26416365373788}','2019-04-22 14:34:41','humidity'),(191,1,'{\"room_1\": 76.74365445603902, \"room_2\": 82.71446861246018, \"room_3\": 99.0032744490992, \"room_4\": 59.69892940482577}','2019-04-22 15:04:41','humidity'),(192,1,'{\"room_1\": 59.05318338019328, \"room_2\": 68.84598855265054, \"room_3\": 93.38714047983166, \"room_4\": 79.17816732395276}','2019-04-22 15:34:41','humidity'),(193,1,'{\"room_1\": 89.78062774917086, \"room_2\": 42.87828856758483, \"room_3\": 91.98935478887446, \"room_4\": 90.2436162013672}','2019-04-22 16:04:41','humidity'),(194,1,'{\"room_1\": 70.94630610303719, \"room_2\": 47.80845007569881, \"room_3\": 59.10946454975267, \"room_4\": 69.75236832709095}','2019-04-22 16:34:41','humidity'),(195,1,'{\"room_1\": 93.04370391607564, \"room_2\": 80.35654342455096, \"room_3\": 59.267670144439634, \"room_4\": 80.95940657873389}','2019-04-22 17:04:41','humidity'),(196,1,'{\"room_1\": 88.68685324137996, \"room_2\": 62.90743299252702, \"room_3\": 44.33181424237026, \"room_4\": 72.98762889601375}','2019-04-22 17:34:41','humidity'),(197,1,'{\"room_1\": 44.150288202009534, \"room_2\": 45.59141379076134, \"room_3\": 86.80472424364486, \"room_4\": 55.25607270903283}','2019-04-22 18:04:41','humidity'),(198,1,'{\"room_1\": 58.22714206644328, \"room_2\": 67.5796638191923, \"room_3\": 62.318166625369685, \"room_4\": 44.89139127421298}','2019-04-22 18:34:41','humidity'),(199,1,'{\"room_1\": 83.8886126025748, \"room_2\": 48.93993498380461, \"room_3\": 94.62508566501042, \"room_4\": 54.136711365756014}','2019-04-22 19:04:41','humidity'),(200,1,'{\"room_1\": 79.69600433249266, \"room_2\": 63.12399661337764, \"room_3\": 83.54494809543658, \"room_4\": 71.75664886639565}','2019-04-22 19:34:41','humidity'),(201,1,'{\"room_1\": 55.616110889992626, \"room_2\": 78.2995350988619, \"room_3\": 67.74433416642124, \"room_4\": 44.53225897886183}','2019-04-22 20:04:41','humidity'),(202,1,'{\"room_1\": 86.95678007748103, \"room_2\": 74.30713846760302, \"room_3\": 60.30993271938604, \"room_4\": 72.43318275588526}','2019-04-22 20:34:41','humidity'),(203,1,'{\"room_1\": 64.38403153098216, \"room_2\": 46.35341806673171, \"room_3\": 66.12259330132886, \"room_4\": 40.97043340074199}','2019-04-22 21:04:41','humidity'),(204,1,'{\"room_1\": 45.713566335037775, \"room_2\": 69.48166422658238, \"room_3\": 88.83909656877539, \"room_4\": 68.3421022342247}','2019-04-22 21:34:41','humidity'),(205,1,'{\"room_1\": 96.56401535740926, \"room_2\": 78.31866631942005, \"room_3\": 48.87316629527881, \"room_4\": 74.1559806442624}','2019-04-22 22:04:41','humidity'),(206,1,'{\"room_1\": 92.2652813632901, \"room_2\": 57.11365250139702, \"room_3\": 94.74018464678082, \"room_4\": 51.42051396545263}','2019-04-22 22:34:41','humidity'),(207,1,'{\"room_1\": 99.51059180741709, \"room_2\": 78.53252281561015, \"room_3\": 88.8659958749497, \"room_4\": 53.36662081097277}','2019-04-22 23:04:41','humidity'),(208,1,'{\"room_1\": 85.45929134232404, \"room_2\": 81.02976107547006, \"room_3\": 94.0005920133872, \"room_4\": 55.66151840476593}','2019-04-22 23:34:41','humidity'),(209,1,'{\"room_1\": 90.39243130869863, \"room_2\": 54.26093098993043, \"room_3\": 97.51651356778696, \"room_4\": 88.14815580837359}','2019-04-23 00:04:41','humidity'),(210,1,'{\"room_1\": 56.772573126192974, \"room_2\": 85.11019441026076, \"room_3\": 48.22092287098109, \"room_4\": 50.72867989905818}','2019-04-23 00:34:41','humidity'),(211,1,'{\"room_1\": 50.11533355452991, \"room_2\": 84.25943316520032, \"room_3\": 47.5426253474074, \"room_4\": 96.10822547603996}','2019-04-23 01:04:41','humidity'),(212,1,'{\"room_1\": 49.19084592700094, \"room_2\": 91.30294549236342, \"room_3\": 76.31467712262486, \"room_4\": 69.26131070158402}','2019-04-23 01:34:41','humidity'),(213,1,'{\"room_1\": 92.99488539554685, \"room_2\": 62.88186774073135, \"room_3\": 94.77393632813248, \"room_4\": 71.77595146950166}','2019-04-23 02:04:41','humidity'),(214,1,'{\"room_1\": 43.103591716571046, \"room_2\": 66.63071517743751, \"room_3\": 78.81480975742735, \"room_4\": 45.52929785477581}','2019-04-23 02:34:41','humidity'),(215,1,'{\"room_1\": 81.901553314899, \"room_2\": 64.28228031251673, \"room_3\": 79.07763212634222, \"room_4\": 45.268336705463}','2019-04-23 03:04:41','humidity'),(216,1,'{\"room_1\": 69.15403078686661, \"room_2\": 71.56623042554634, \"room_3\": 78.75970379849826, \"room_4\": 71.68578124209549}','2019-04-23 03:34:41','humidity'),(217,1,'{\"room_1\": 65.51070819720954, \"room_2\": 93.23726429992476, \"room_3\": 91.76242345756673, \"room_4\": 70.15346172174132}','2019-04-23 04:04:41','humidity'),(218,1,'{\"room_1\": 75.44921697226678, \"room_2\": 44.64461019150444, \"room_3\": 73.56273192924064, \"room_4\": 89.95373087060418}','2019-04-23 04:34:41','humidity'),(219,1,'{\"room_1\": 94.32038562132604, \"room_2\": 54.95790051271927, \"room_3\": 65.33954329923843, \"room_4\": 59.598866311683416}','2019-04-23 05:04:41','humidity'),(220,1,'{\"room_1\": 87.85088171307166, \"room_2\": 96.13280275888071, \"room_3\": 46.699617304028216, \"room_4\": 47.22402550529576}','2019-04-23 05:34:41','humidity'),(221,1,'{\"room_1\": 99.64667649443996, \"room_2\": 48.90673471514032, \"room_3\": 72.49196974388033, \"room_4\": 48.27600775398638}','2019-04-23 06:04:41','humidity'),(222,1,'{\"room_1\": 86.10320434731848, \"room_2\": 46.21551861511651, \"room_3\": 60.80536712761278, \"room_4\": 63.04191422770347}','2019-04-23 06:34:41','humidity'),(223,1,'{\"room_1\": 92.99882582427406, \"room_2\": 69.15437476239144, \"room_3\": 72.93666893831305, \"room_4\": 41.62879494819753}','2019-04-23 07:04:41','humidity'),(224,1,'{\"room_1\": 80.85756050106201, \"room_2\": 72.26886895816266, \"room_3\": 44.310028961796576, \"room_4\": 69.56080370158787}','2019-04-23 07:34:41','humidity'),(225,1,'{\"room_1\": 77.50758034457797, \"room_2\": 56.956548776131534, \"room_3\": 99.6663106608226, \"room_4\": 43.35342413420776}','2019-04-23 08:04:41','humidity'),(226,1,'{\"room_1\": 52.64935298540429, \"room_2\": 91.8349791979067, \"room_3\": 67.38947167364664, \"room_4\": 78.97851268720842}','2019-04-23 08:34:41','humidity'),(227,1,'{\"room_1\": 48.95898828789143, \"room_2\": 56.752957990044045, \"room_3\": 96.58547419714614, \"room_4\": 84.41585086611514}','2019-04-23 09:04:41','humidity'),(228,1,'{\"room_1\": 69.62651358970862, \"room_2\": 43.92618671941118, \"room_3\": 98.784418294399, \"room_4\": 58.05016982788008}','2019-04-23 09:34:41','humidity'),(229,1,'{\"room_1\": 94.02576557247431, \"room_2\": 44.414891667029686, \"room_3\": 50.05123845509367, \"room_4\": 43.48811568248371}','2019-04-23 10:04:41','humidity'),(230,1,'{\"room_1\": 91.4180035267664, \"room_2\": 41.42616809503129, \"room_3\": 46.075954824530925, \"room_4\": 75.14438754846377}','2019-04-23 10:34:41','humidity'),(231,1,'{\"room_1\": 60.59629948946321, \"room_2\": 46.64472127605524, \"room_3\": 78.84081393653923, \"room_4\": 81.2554629146064}','2019-04-23 11:04:41','humidity'),(232,1,'{\"room_1\": 84.42295589047893, \"room_2\": 66.66059324453474, \"room_3\": 52.08268305153659, \"room_4\": 84.07027483819522}','2019-04-23 11:34:41','humidity'),(233,1,'{\"room_1\": 80.59368014626374, \"room_2\": 66.15876561382844, \"room_3\": 69.9143849614122, \"room_4\": 40.984963256885784}','2019-04-23 12:04:41','humidity'),(234,1,'{\"room_1\": 77.86598273699221, \"room_2\": 62.34549239408916, \"room_3\": 89.4200577897899, \"room_4\": 84.90759773843968}','2019-04-23 12:34:41','humidity'),(235,1,'{\"room_1\": 40.22102076363224, \"room_2\": 73.63275309912552, \"room_3\": 72.76624434663114, \"room_4\": 71.53811159898584}','2019-04-23 13:04:41','humidity'),(236,1,'{\"room_1\": 44.16599354459697, \"room_2\": 43.51692388920345, \"room_3\": 64.29471039080255, \"room_4\": 69.54474790393189}','2019-04-23 13:34:41','humidity'),(237,1,'{\"room_1\": 93.918610985658, \"room_2\": 46.28517070847445, \"room_3\": 86.60075908610361, \"room_4\": 43.23697675268677}','2019-04-23 14:04:41','humidity'),(238,1,'{\"room_1\": 59.41224796862514, \"room_2\": 97.04885979631456, \"room_3\": 53.11025439682098, \"room_4\": 46.78871909275946}','2019-04-23 14:34:41','humidity'),(239,1,'{\"room_1\": 50.21638722985101, \"room_2\": 69.6542681539458, \"room_3\": 84.45682449371321, \"room_4\": 56.17837286196695}','2019-04-23 15:04:41','humidity'),(240,1,'{\"room_1\": 74.6943666850155, \"room_2\": 97.91966221925418, \"room_3\": 54.889501277405046, \"room_4\": 75.6683565548905}','2019-04-23 15:34:41','humidity'),(241,1,'{\"room_1\": 74.02862220555436, \"room_2\": 63.76559701728088, \"room_3\": 49.78186865901407, \"room_4\": 73.82143131472728}','2019-04-23 16:04:41','humidity'),(242,1,'{\"room_1\": 95.34262359180003, \"room_2\": 98.81023372738235, \"room_3\": 54.95650383826282, \"room_4\": 63.731705210024}','2019-04-23 16:34:41','humidity'),(243,1,'{\"room_1\": 59.85379207656694, \"room_2\": 41.510635436213306, \"room_3\": 48.45125741104249, \"room_4\": 45.09023166856929}','2019-04-23 17:04:41','humidity'),(244,1,'{\"room_1\": 49.05183468128472, \"room_2\": 97.29614660196282, \"room_3\": 49.25765935689459, \"room_4\": 41.28480533075225}','2019-04-23 17:34:41','humidity'),(245,1,'{\"room_1\": 93.46664649006182, \"room_2\": 94.02108600873036, \"room_3\": 90.86171624911955, \"room_4\": 88.72468270198853}','2019-04-23 18:04:41','humidity'),(246,1,'{\"room_1\": 56.403886489177744, \"room_2\": 55.23571005087631, \"room_3\": 47.61710066845987, \"room_4\": 63.21233398442446}','2019-04-23 18:34:41','humidity'),(247,1,'{\"room_1\": 95.36468218374613, \"room_2\": 97.8669317517092, \"room_3\": 68.75164661278615, \"room_4\": 84.79750219063106}','2019-04-23 19:04:41','humidity'),(248,1,'{\"room_1\": 83.30494782936971, \"room_2\": 60.78087675470825, \"room_3\": 42.00824170560753, \"room_4\": 91.6323103889809}','2019-04-23 19:34:41','humidity'),(249,1,'{\"room_1\": 79.17244223924281, \"room_2\": 43.00976358181948, \"room_3\": 58.293087280661, \"room_4\": 93.26380466781691}','2019-04-23 20:04:41','humidity'),(250,1,'{\"room_1\": 84.91673914681756, \"room_2\": 57.703448912188335, \"room_3\": 48.69421622264501, \"room_4\": 47.887628453019026}','2019-04-23 20:34:41','humidity'),(251,1,'{\"room_1\": 65.33645069648887, \"room_2\": 97.05139687307664, \"room_3\": 64.48499999802118, \"room_4\": 57.43044856167937}','2019-04-23 21:04:41','humidity'),(252,1,'{\"room_1\": 53.86726764924305, \"room_2\": 40.72284393617204, \"room_3\": 93.43774231760378, \"room_4\": 77.98559975205018}','2019-04-23 21:34:41','humidity'),(253,1,'{\"room_1\": 87.05446432356707, \"room_2\": 62.83125063094875, \"room_3\": 67.4270634329094, \"room_4\": 75.2092403957252}','2019-04-23 22:04:41','humidity'),(254,1,'{\"room_1\": 76.98661513626023, \"room_2\": 84.42519413968922, \"room_3\": 85.37328764811753, \"room_4\": 55.891918397676136}','2019-04-23 22:34:41','humidity'),(255,1,'{\"room_1\": 69.3368218548623, \"room_2\": 76.18790369801721, \"room_3\": 41.68399756935968, \"room_4\": 70.4339093773634}','2019-04-23 23:04:41','humidity'),(256,1,'{\"room_1\": 62.20778313186345, \"room_2\": 94.2133376415997, \"room_3\": 94.75112708893543, \"room_4\": 48.50613688960806}','2019-04-23 23:34:41','humidity'),(257,1,'{\"room_1\": 91.81339479308916, \"room_2\": 93.74153489150592, \"room_3\": 83.0966602863306, \"room_4\": 59.80768808927462}','2019-04-24 00:04:41','humidity'),(258,1,'{\"room_1\": 53.71695012717616, \"room_2\": 44.29800964742513, \"room_3\": 63.51846390436745, \"room_4\": 97.50001433228655}','2019-04-24 00:34:41','humidity'),(259,1,'{\"room_1\": 99.73800503434356, \"room_2\": 60.32985471599766, \"room_3\": 68.18124151560468, \"room_4\": 48.49297527875511}','2019-04-24 01:04:41','humidity'),(260,1,'{\"room_1\": 85.83164671332422, \"room_2\": 55.66036251676893, \"room_3\": 41.78749908509779, \"room_4\": 48.46532798986221}','2019-04-24 01:34:41','humidity'),(261,1,'{\"room_1\": 50.87449038526948, \"room_2\": 97.5213309397382, \"room_3\": 88.72173328777501, \"room_4\": 43.49929046857516}','2019-04-24 02:04:41','humidity'),(262,1,'{\"room_1\": 93.29897067064636, \"room_2\": 53.1379147433592, \"room_3\": 54.119155687693365, \"room_4\": 51.36902081992504}','2019-04-24 02:34:41','humidity'),(263,1,'{\"room_1\": 70.86827448940639, \"room_2\": 75.34447509373487, \"room_3\": 56.97523412174965, \"room_4\": 40.2622140894624}','2019-04-24 03:04:41','humidity'),(264,1,'{\"room_1\": 54.16401979790228, \"room_2\": 78.55186692543847, \"room_3\": 73.76099406537003, \"room_4\": 78.51331856438527}','2019-04-24 03:34:41','humidity'),(265,1,'{\"room_1\": 55.04829159594228, \"room_2\": 59.87073984793626, \"room_3\": 84.3875888973592, \"room_4\": 97.1125450505796}','2019-04-24 04:04:41','humidity'),(266,1,'{\"room_1\": 88.23946170874432, \"room_2\": 93.58534993179026, \"room_3\": 50.15930604059275, \"room_4\": 53.63609980979735}','2019-04-24 04:34:41','humidity'),(267,1,'{\"room_1\": 52.8667589751455, \"room_2\": 92.81109414994673, \"room_3\": 80.1656792809554, \"room_4\": 99.9396767321106}','2019-04-24 05:04:41','humidity'),(268,1,'{\"room_1\": 80.55331692481546, \"room_2\": 45.78032919544613, \"room_3\": 88.55925856686137, \"room_4\": 84.47556712547025}','2019-04-24 05:34:41','humidity'),(269,1,'{\"room_1\": 42.65291500495698, \"room_2\": 65.93198152815046, \"room_3\": 81.96539750062196, \"room_4\": 67.17975587009079}','2019-04-24 06:04:41','humidity'),(270,1,'{\"room_1\": 95.81231921760909, \"room_2\": 51.071245276669245, \"room_3\": 60.18894377043209, \"room_4\": 42.32862858459874}','2019-04-24 06:34:41','humidity'),(271,1,'{\"room_1\": 79.40551956236126, \"room_2\": 85.37749857204156, \"room_3\": 46.44648566437445, \"room_4\": 84.59247163749896}','2019-04-24 07:04:41','humidity'),(272,1,'{\"room_1\": 93.04406093608569, \"room_2\": 67.74092771584053, \"room_3\": 72.11693508017285, \"room_4\": 77.43202616301119}','2019-04-24 07:34:41','humidity'),(273,1,'{\"room_1\": 46.853353124655726, \"room_2\": 63.306508589500794, \"room_3\": 42.31460503498877, \"room_4\": 89.07251024570665}','2019-04-24 08:04:41','humidity'),(274,1,'{\"room_1\": 90.4448884844734, \"room_2\": 46.74621766955438, \"room_3\": 74.5299035483142, \"room_4\": 54.097023734578585}','2019-04-24 08:34:41','humidity'),(275,1,'{\"room_1\": 62.32349476534267, \"room_2\": 96.68431001926872, \"room_3\": 44.675100825734056, \"room_4\": 75.06052332006988}','2019-04-24 09:04:41','humidity'),(276,1,'{\"room_1\": 51.61104458953574, \"room_2\": 98.98234580577297, \"room_3\": 80.99549849936719, \"room_4\": 84.62979802336409}','2019-04-24 09:34:41','humidity'),(277,1,'{\"room_1\": 68.03505319833782, \"room_2\": 46.74989436567326, \"room_3\": 44.28045219963958, \"room_4\": 84.63431689748583}','2019-04-24 10:04:41','humidity'),(278,1,'{\"room_1\": 79.25412904956752, \"room_2\": 79.97422864422325, \"room_3\": 97.44511602897512, \"room_4\": 65.89845272704993}','2019-04-24 10:34:41','humidity'),(279,1,'{\"room_1\": 64.66668797678352, \"room_2\": 80.6601337436077, \"room_3\": 85.32488712144244, \"room_4\": 42.8228209506628}','2019-04-24 11:04:41','humidity'),(280,1,'{\"room_1\": 86.70565499090137, \"room_2\": 89.37791904575286, \"room_3\": 86.05199661122187, \"room_4\": 97.50891449267016}','2019-04-24 11:34:41','humidity'),(281,1,'{\"room_1\": 76.2032456001835, \"room_2\": 56.25981661058262, \"room_3\": 42.266546082258856, \"room_4\": 46.84337040266587}','2019-04-24 12:04:41','humidity'),(282,1,'{\"room_1\": 50.579487938834546, \"room_2\": 81.53428177561601, \"room_3\": 55.606542356170856, \"room_4\": 50.61872883114475}','2019-04-24 12:34:41','humidity'),(283,1,'{\"room_1\": 57.85513994894107, \"room_2\": 63.76624839747558, \"room_3\": 89.2157868932965, \"room_4\": 50.422375781378534}','2019-04-24 13:04:41','humidity'),(284,1,'{\"room_1\": 96.41725248253752, \"room_2\": 68.31290094113004, \"room_3\": 53.33098887173267, \"room_4\": 97.95650876376271}','2019-04-24 13:34:41','humidity'),(285,1,'{\"room_1\": 79.43885091397802, \"room_2\": 55.321354001753896, \"room_3\": 77.10391273331592, \"room_4\": 59.6581313961461}','2019-04-24 14:04:41','humidity'),(286,1,'{\"room_1\": 99.8153585015498, \"room_2\": 71.35450953865774, \"room_3\": 85.47936938724465, \"room_4\": 92.57819777681785}','2019-04-24 14:34:41','humidity'),(287,1,'{\"room_1\": 69.88949927222959, \"room_2\": 82.82017880045163, \"room_3\": 77.83670351056668, \"room_4\": 72.92199406293233}','2019-04-24 15:04:41','humidity'),(288,1,'{\"room_1\": 53.390405153647954, \"room_2\": 69.29208676258455, \"room_3\": 85.80997329327732, \"room_4\": 98.46356489714174}','2019-04-24 15:34:41','humidity'),(289,1,'{\"room_1\": 76.21712890196889, \"room_2\": 45.95967150077736, \"room_3\": 61.94582257246215, \"room_4\": 45.18886338919851}','2019-04-24 16:04:41','humidity'),(290,1,'{\"room_1\": 78.71671391467922, \"room_2\": 74.64077264850948, \"room_3\": 93.87143118979635, \"room_4\": 60.199766478116985}','2019-04-24 16:34:41','humidity'),(291,1,'{\"room_1\": false, \"room_2\": true, \"room_3\": false, \"room_4\": true}','2019-04-21 16:34:41','movement'),(292,1,'{\"room_1\": true, \"room_2\": true, \"room_3\": true, \"room_4\": true}','2019-04-21 17:04:41','movement'),(293,1,'{\"room_1\": false, \"room_2\": true, \"room_3\": true, \"room_4\": false}','2019-04-21 17:34:41','movement'),(294,1,'{\"room_1\": false, \"room_2\": true, \"room_3\": true, \"room_4\": true}','2019-04-21 18:04:41','movement'),(295,1,'{\"room_1\": true, \"room_2\": false, \"room_3\": false, \"room_4\": false}','2019-04-21 18:34:41','movement'),(296,1,'{\"room_1\": false, \"room_2\": false, \"room_3\": false, \"room_4\": true}','2019-04-21 19:04:41','movement'),(297,1,'{\"room_1\": false, \"room_2\": false, \"room_3\": false, \"room_4\": false}','2019-04-21 19:34:41','movement'),(298,1,'{\"room_1\": true, \"room_2\": true, \"room_3\": false, \"room_4\": false}','2019-04-21 20:04:41','movement'),(299,1,'{\"room_1\": false, \"room_2\": true, \"room_3\": false, \"room_4\": true}','2019-04-21 20:34:41','movement'),(300,1,'{\"room_1\": false, \"room_2\": false, \"room_3\": false, \"room_4\": false}','2019-04-21 21:04:41','movement'),(301,1,'{\"room_1\": false, \"room_2\": true, \"room_3\": true, \"room_4\": false}','2019-04-21 21:34:41','movement'),(302,1,'{\"room_1\": true, \"room_2\": true, \"room_3\": false, \"room_4\": true}','2019-04-21 22:04:41','movement'),(303,1,'{\"room_1\": true, \"room_2\": false, \"room_3\": true, \"room_4\": true}','2019-04-21 22:34:41','movement'),(304,1,'{\"room_1\": false, \"room_2\": false, \"room_3\": true, \"room_4\": false}','2019-04-21 23:04:41','movement'),(305,1,'{\"room_1\": true, \"room_2\": false, \"room_3\": false, \"room_4\": false}','2019-04-21 23:34:41','movement'),(306,1,'{\"room_1\": false, \"room_2\": false, \"room_3\": false, \"room_4\": false}','2019-04-22 00:04:41','movement'),(307,1,'{\"room_1\": true, \"room_2\": false, \"room_3\": true, \"room_4\": false}','2019-04-22 00:34:41','movement'),(308,1,'{\"room_1\": false, \"room_2\": true, \"room_3\": true, \"room_4\": false}','2019-04-22 01:04:41','movement'),(309,1,'{\"room_1\": true, \"room_2\": false, \"room_3\": true, \"room_4\": false}','2019-04-22 01:34:41','movement'),(310,1,'{\"room_1\": true, \"room_2\": true, \"room_3\": false, \"room_4\": false}','2019-04-22 02:04:41','movement'),(311,1,'{\"room_1\": false, \"room_2\": true, \"room_3\": false, \"room_4\": true}','2019-04-22 02:34:41','movement'),(312,1,'{\"room_1\": false, \"room_2\": false, \"room_3\": false, \"room_4\": true}','2019-04-22 03:04:41','movement'),(313,1,'{\"room_1\": false, \"room_2\": true, \"room_3\": false, \"room_4\": true}','2019-04-22 03:34:41','movement'),(314,1,'{\"room_1\": true, \"room_2\": false, \"room_3\": false, \"room_4\": true}','2019-04-22 04:04:41','movement'),(315,1,'{\"room_1\": false, \"room_2\": true, \"room_3\": false, \"room_4\": true}','2019-04-22 04:34:41','movement'),(316,1,'{\"room_1\": false, \"room_2\": true, \"room_3\": false, \"room_4\": true}','2019-04-22 05:04:41','movement'),(317,1,'{\"room_1\": true, \"room_2\": false, \"room_3\": false, \"room_4\": false}','2019-04-22 05:34:41','movement'),(318,1,'{\"room_1\": true, \"room_2\": false, \"room_3\": true, \"room_4\": false}','2019-04-22 06:04:41','movement'),(319,1,'{\"room_1\": false, \"room_2\": false, \"room_3\": false, \"room_4\": false}','2019-04-22 06:34:41','movement'),(320,1,'{\"room_1\": false, \"room_2\": true, \"room_3\": true, \"room_4\": false}','2019-04-22 07:04:41','movement'),(321,1,'{\"room_1\": true, \"room_2\": false, \"room_3\": false, \"room_4\": true}','2019-04-22 07:34:41','movement'),(322,1,'{\"room_1\": false, \"room_2\": false, \"room_3\": true, \"room_4\": false}','2019-04-22 08:04:41','movement'),(323,1,'{\"room_1\": false, \"room_2\": false, \"room_3\": true, \"room_4\": true}','2019-04-22 08:34:41','movement'),(324,1,'{\"room_1\": true, \"room_2\": true, \"room_3\": true, \"room_4\": false}','2019-04-22 09:04:41','movement'),(325,1,'{\"room_1\": false, \"room_2\": false, \"room_3\": false, \"room_4\": false}','2019-04-22 09:34:41','movement'),(326,1,'{\"room_1\": true, \"room_2\": true, \"room_3\": true, \"room_4\": false}','2019-04-22 10:04:41','movement'),(327,1,'{\"room_1\": false, \"room_2\": false, \"room_3\": false, \"room_4\": true}','2019-04-22 10:34:41','movement'),(328,1,'{\"room_1\": true, \"room_2\": true, \"room_3\": true, \"room_4\": true}','2019-04-22 11:04:41','movement'),(329,1,'{\"room_1\": false, \"room_2\": true, \"room_3\": false, \"room_4\": false}','2019-04-22 11:34:41','movement'),(330,1,'{\"room_1\": false, \"room_2\": true, \"room_3\": true, \"room_4\": true}','2019-04-22 12:04:41','movement'),(331,1,'{\"room_1\": false, \"room_2\": false, \"room_3\": false, \"room_4\": true}','2019-04-22 12:34:41','movement'),(332,1,'{\"room_1\": true, \"room_2\": true, \"room_3\": true, \"room_4\": false}','2019-04-22 13:04:41','movement'),(333,1,'{\"room_1\": true, \"room_2\": true, \"room_3\": false, \"room_4\": false}','2019-04-22 13:34:41','movement'),(334,1,'{\"room_1\": false, \"room_2\": true, \"room_3\": true, \"room_4\": false}','2019-04-22 14:04:41','movement'),(335,1,'{\"room_1\": true, \"room_2\": true, \"room_3\": false, \"room_4\": true}','2019-04-22 14:34:41','movement'),(336,1,'{\"room_1\": false, \"room_2\": false, \"room_3\": true, \"room_4\": true}','2019-04-22 15:04:41','movement'),(337,1,'{\"room_1\": true, \"room_2\": true, \"room_3\": false, \"room_4\": false}','2019-04-22 15:34:41','movement'),(338,1,'{\"room_1\": false, \"room_2\": false, \"room_3\": false, \"room_4\": true}','2019-04-22 16:04:41','movement'),(339,1,'{\"room_1\": true, \"room_2\": false, \"room_3\": false, \"room_4\": false}','2019-04-22 16:34:41','movement'),(340,1,'{\"room_1\": false, \"room_2\": false, \"room_3\": true, \"room_4\": false}','2019-04-22 17:04:41','movement'),(341,1,'{\"room_1\": true, \"room_2\": false, \"room_3\": true, \"room_4\": false}','2019-04-22 17:34:41','movement'),(342,1,'{\"room_1\": false, \"room_2\": false, \"room_3\": false, \"room_4\": false}','2019-04-22 18:04:41','movement'),(343,1,'{\"room_1\": false, \"room_2\": false, \"room_3\": false, \"room_4\": true}','2019-04-22 18:34:41','movement'),(344,1,'{\"room_1\": false, \"room_2\": true, \"room_3\": false, \"room_4\": true}','2019-04-22 19:04:41','movement'),(345,1,'{\"room_1\": true, \"room_2\": true, \"room_3\": true, \"room_4\": false}','2019-04-22 19:34:41','movement'),(346,1,'{\"room_1\": false, \"room_2\": false, \"room_3\": true, \"room_4\": false}','2019-04-22 20:04:41','movement'),(347,1,'{\"room_1\": true, \"room_2\": false, \"room_3\": false, \"room_4\": true}','2019-04-22 20:34:41','movement'),(348,1,'{\"room_1\": false, \"room_2\": false, \"room_3\": false, \"room_4\": false}','2019-04-22 21:04:41','movement'),(349,1,'{\"room_1\": true, \"room_2\": false, \"room_3\": true, \"room_4\": false}','2019-04-22 21:34:41','movement'),(350,1,'{\"room_1\": false, \"room_2\": false, \"room_3\": true, \"room_4\": true}','2019-04-22 22:04:41','movement'),(351,1,'{\"room_1\": false, \"room_2\": true, \"room_3\": true, \"room_4\": false}','2019-04-22 22:34:41','movement'),(352,1,'{\"room_1\": true, \"room_2\": true, \"room_3\": true, \"room_4\": false}','2019-04-22 23:04:41','movement'),(353,1,'{\"room_1\": false, \"room_2\": true, \"room_3\": false, \"room_4\": true}','2019-04-22 23:34:41','movement'),(354,1,'{\"room_1\": false, \"room_2\": true, \"room_3\": true, \"room_4\": true}','2019-04-23 00:04:41','movement'),(355,1,'{\"room_1\": false, \"room_2\": true, \"room_3\": false, \"room_4\": true}','2019-04-23 00:34:41','movement'),(356,1,'{\"room_1\": true, \"room_2\": true, \"room_3\": true, \"room_4\": true}','2019-04-23 01:04:41','movement'),(357,1,'{\"room_1\": false, \"room_2\": true, \"room_3\": false, \"room_4\": false}','2019-04-23 01:34:41','movement'),(358,1,'{\"room_1\": true, \"room_2\": true, \"room_3\": false, \"room_4\": false}','2019-04-23 02:04:41','movement'),(359,1,'{\"room_1\": false, \"room_2\": false, \"room_3\": true, \"room_4\": false}','2019-04-23 02:34:41','movement'),(360,1,'{\"room_1\": false, \"room_2\": false, \"room_3\": true, \"room_4\": false}','2019-04-23 03:04:41','movement'),(361,1,'{\"room_1\": false, \"room_2\": true, \"room_3\": false, \"room_4\": true}','2019-04-23 03:34:41','movement'),(362,1,'{\"room_1\": true, \"room_2\": true, \"room_3\": false, \"room_4\": true}','2019-04-23 04:04:41','movement'),(363,1,'{\"room_1\": false, \"room_2\": false, \"room_3\": true, \"room_4\": true}','2019-04-23 04:34:41','movement'),(364,1,'{\"room_1\": false, \"room_2\": true, \"room_3\": false, \"room_4\": false}','2019-04-23 05:04:41','movement'),(365,1,'{\"room_1\": true, \"room_2\": true, \"room_3\": true, \"room_4\": true}','2019-04-23 05:34:41','movement'),(366,1,'{\"room_1\": false, \"room_2\": false, \"room_3\": true, \"room_4\": true}','2019-04-23 06:04:41','movement'),(367,1,'{\"room_1\": true, \"room_2\": false, \"room_3\": true, \"room_4\": true}','2019-04-23 06:34:41','movement'),(368,1,'{\"room_1\": false, \"room_2\": false, \"room_3\": true, \"room_4\": true}','2019-04-23 07:04:41','movement'),(369,1,'{\"room_1\": true, \"room_2\": true, \"room_3\": true, \"room_4\": false}','2019-04-23 07:34:41','movement'),(370,1,'{\"room_1\": true, \"room_2\": true, \"room_3\": true, \"room_4\": false}','2019-04-23 08:04:41','movement'),(371,1,'{\"room_1\": false, \"room_2\": false, \"room_3\": true, \"room_4\": false}','2019-04-23 08:34:41','movement'),(372,1,'{\"room_1\": true, \"room_2\": false, \"room_3\": true, \"room_4\": true}','2019-04-23 09:04:41','movement'),(373,1,'{\"room_1\": false, \"room_2\": true, \"room_3\": true, \"room_4\": true}','2019-04-23 09:34:41','movement'),(374,1,'{\"room_1\": false, \"room_2\": true, \"room_3\": false, \"room_4\": true}','2019-04-23 10:04:41','movement'),(375,1,'{\"room_1\": false, \"room_2\": false, \"room_3\": false, \"room_4\": true}','2019-04-23 10:34:41','movement'),(376,1,'{\"room_1\": true, \"room_2\": true, \"room_3\": false, \"room_4\": true}','2019-04-23 11:04:41','movement'),(377,1,'{\"room_1\": true, \"room_2\": false, \"room_3\": true, \"room_4\": false}','2019-04-23 11:34:41','movement'),(378,1,'{\"room_1\": false, \"room_2\": false, \"room_3\": false, \"room_4\": false}','2019-04-23 12:04:41','movement'),(379,1,'{\"room_1\": true, \"room_2\": false, \"room_3\": false, \"room_4\": true}','2019-04-23 12:34:41','movement'),(380,1,'{\"room_1\": true, \"room_2\": false, \"room_3\": true, \"room_4\": false}','2019-04-23 13:04:41','movement'),(381,1,'{\"room_1\": true, \"room_2\": false, \"room_3\": false, \"room_4\": false}','2019-04-23 13:34:41','movement'),(382,1,'{\"room_1\": false, \"room_2\": false, \"room_3\": false, \"room_4\": false}','2019-04-23 14:04:41','movement'),(383,1,'{\"room_1\": false, \"room_2\": false, \"room_3\": false, \"room_4\": true}','2019-04-23 14:34:41','movement'),(384,1,'{\"room_1\": false, \"room_2\": true, \"room_3\": false, \"room_4\": true}','2019-04-23 15:04:41','movement'),(385,1,'{\"room_1\": true, \"room_2\": false, \"room_3\": false, \"room_4\": false}','2019-04-23 15:34:41','movement'),(386,1,'{\"room_1\": true, \"room_2\": false, \"room_3\": true, \"room_4\": false}','2019-04-23 16:04:41','movement'),(387,1,'{\"room_1\": true, \"room_2\": true, \"room_3\": true, \"room_4\": true}','2019-04-23 16:34:41','movement'),(388,1,'{\"room_1\": false, \"room_2\": true, \"room_3\": true, \"room_4\": false}','2019-04-23 17:04:41','movement'),(389,1,'{\"room_1\": true, \"room_2\": true, \"room_3\": false, \"room_4\": true}','2019-04-23 17:34:41','movement'),(390,1,'{\"room_1\": false, \"room_2\": false, \"room_3\": false, \"room_4\": true}','2019-04-23 18:04:41','movement'),(391,1,'{\"room_1\": false, \"room_2\": false, \"room_3\": true, \"room_4\": true}','2019-04-23 18:34:41','movement'),(392,1,'{\"room_1\": false, \"room_2\": true, \"room_3\": true, \"room_4\": true}','2019-04-23 19:04:41','movement'),(393,1,'{\"room_1\": false, \"room_2\": false, \"room_3\": true, \"room_4\": true}','2019-04-23 19:34:41','movement'),(394,1,'{\"room_1\": true, \"room_2\": true, \"room_3\": false, \"room_4\": false}','2019-04-23 20:04:41','movement'),(395,1,'{\"room_1\": false, \"room_2\": true, \"room_3\": true, \"room_4\": true}','2019-04-23 20:34:41','movement'),(396,1,'{\"room_1\": false, \"room_2\": true, \"room_3\": true, \"room_4\": false}','2019-04-23 21:04:41','movement'),(397,1,'{\"room_1\": true, \"room_2\": false, \"room_3\": true, \"room_4\": true}','2019-04-23 21:34:41','movement'),(398,1,'{\"room_1\": false, \"room_2\": true, \"room_3\": true, \"room_4\": false}','2019-04-23 22:04:41','movement'),(399,1,'{\"room_1\": false, \"room_2\": true, \"room_3\": true, \"room_4\": false}','2019-04-23 22:34:41','movement'),(400,1,'{\"room_1\": true, \"room_2\": false, \"room_3\": true, \"room_4\": false}','2019-04-23 23:04:41','movement'),(401,1,'{\"room_1\": false, \"room_2\": true, \"room_3\": false, \"room_4\": false}','2019-04-23 23:34:41','movement'),(402,1,'{\"room_1\": false, \"room_2\": false, \"room_3\": true, \"room_4\": true}','2019-04-24 00:04:41','movement'),(403,1,'{\"room_1\": true, \"room_2\": true, \"room_3\": true, \"room_4\": true}','2019-04-24 00:34:41','movement'),(404,1,'{\"room_1\": true, \"room_2\": false, \"room_3\": true, \"room_4\": false}','2019-04-24 01:04:41','movement'),(405,1,'{\"room_1\": false, \"room_2\": true, \"room_3\": false, \"room_4\": false}','2019-04-24 01:34:41','movement'),(406,1,'{\"room_1\": true, \"room_2\": false, \"room_3\": true, \"room_4\": true}','2019-04-24 02:04:41','movement'),(407,1,'{\"room_1\": false, \"room_2\": true, \"room_3\": true, \"room_4\": false}','2019-04-24 02:34:41','movement'),(408,1,'{\"room_1\": true, \"room_2\": false, \"room_3\": true, \"room_4\": false}','2019-04-24 03:04:41','movement'),(409,1,'{\"room_1\": true, \"room_2\": false, \"room_3\": false, \"room_4\": false}','2019-04-24 03:34:41','movement'),(410,1,'{\"room_1\": false, \"room_2\": true, \"room_3\": true, \"room_4\": true}','2019-04-24 04:04:41','movement'),(411,1,'{\"room_1\": true, \"room_2\": true, \"room_3\": true, \"room_4\": false}','2019-04-24 04:34:41','movement'),(412,1,'{\"room_1\": true, \"room_2\": false, \"room_3\": true, \"room_4\": true}','2019-04-24 05:04:41','movement'),(413,1,'{\"room_1\": false, \"room_2\": true, \"room_3\": false, \"room_4\": false}','2019-04-24 05:34:41','movement'),(414,1,'{\"room_1\": true, \"room_2\": false, \"room_3\": false, \"room_4\": false}','2019-04-24 06:04:41','movement'),(415,1,'{\"room_1\": false, \"room_2\": false, \"room_3\": false, \"room_4\": false}','2019-04-24 06:34:41','movement'),(416,1,'{\"room_1\": true, \"room_2\": false, \"room_3\": true, \"room_4\": true}','2019-04-24 07:04:41','movement'),(417,1,'{\"room_1\": true, \"room_2\": false, \"room_3\": false, \"room_4\": false}','2019-04-24 07:34:41','movement'),(418,1,'{\"room_1\": true, \"room_2\": false, \"room_3\": true, \"room_4\": false}','2019-04-24 08:04:41','movement'),(419,1,'{\"room_1\": false, \"room_2\": true, \"room_3\": true, \"room_4\": true}','2019-04-24 08:34:41','movement'),(420,1,'{\"room_1\": false, \"room_2\": false, \"room_3\": true, \"room_4\": true}','2019-04-24 09:04:41','movement'),(421,1,'{\"room_1\": false, \"room_2\": false, \"room_3\": false, \"room_4\": true}','2019-04-24 09:34:41','movement'),(422,1,'{\"room_1\": false, \"room_2\": false, \"room_3\": true, \"room_4\": true}','2019-04-24 10:04:41','movement'),(423,1,'{\"room_1\": true, \"room_2\": false, \"room_3\": false, \"room_4\": true}','2019-04-24 10:34:41','movement'),(424,1,'{\"room_1\": true, \"room_2\": true, \"room_3\": false, \"room_4\": true}','2019-04-24 11:04:41','movement'),(425,1,'{\"room_1\": false, \"room_2\": true, \"room_3\": true, \"room_4\": true}','2019-04-24 11:34:41','movement'),(426,1,'{\"room_1\": true, \"room_2\": false, \"room_3\": false, \"room_4\": true}','2019-04-24 12:04:41','movement'),(427,1,'{\"room_1\": true, \"room_2\": true, \"room_3\": false, \"room_4\": true}','2019-04-24 12:34:41','movement'),(428,1,'{\"room_1\": true, \"room_2\": false, \"room_3\": true, \"room_4\": false}','2019-04-24 13:04:41','movement'),(429,1,'{\"room_1\": false, \"room_2\": true, \"room_3\": true, \"room_4\": false}','2019-04-24 13:34:41','movement'),(430,1,'{\"room_1\": false, \"room_2\": false, \"room_3\": true, \"room_4\": false}','2019-04-24 14:04:41','movement'),(431,1,'{\"room_1\": false, \"room_2\": false, \"room_3\": false, \"room_4\": true}','2019-04-24 14:34:41','movement'),(432,1,'{\"room_1\": false, \"room_2\": false, \"room_3\": true, \"room_4\": true}','2019-04-24 15:04:41','movement'),(433,1,'{\"room_1\": false, \"room_2\": false, \"room_3\": true, \"room_4\": true}','2019-04-24 15:34:41','movement'),(434,1,'{\"room_1\": false, \"room_2\": true, \"room_3\": true, \"room_4\": true}','2019-04-24 16:04:41','movement'),(435,1,'{\"room_1\": true, \"room_2\": true, \"room_3\": true, \"room_4\": false}','2019-04-24 16:34:41','movement'),(436,2,'{\"room_1\": 24.180502130472743, \"room_2\": 18.36330627196289, \"room_3\": 25.091902331156845, \"room_4\": 19.504325285763848}','2019-04-21 16:34:41','temperature'),(437,2,'{\"room_1\": 18.864765000172735, \"room_2\": 21.872763114895843, \"room_3\": 22.63668898900586, \"room_4\": 21.288545079929055}','2019-04-21 17:04:41','temperature'),(438,2,'{\"room_1\": 22.75788143368822, \"room_2\": 25.564806864092013, \"room_3\": 23.105715426003258, \"room_4\": 18.26890332914777}','2019-04-21 17:34:41','temperature'),(439,2,'{\"room_1\": 21.919798980902407, \"room_2\": 24.513794549305885, \"room_3\": 24.136275711219973, \"room_4\": 22.528777485287453}','2019-04-21 18:04:41','temperature'),(440,2,'{\"room_1\": 18.374409431960316, \"room_2\": 22.150636715920538, \"room_3\": 19.860653166458043, \"room_4\": 20.003768477636832}','2019-04-21 18:34:41','temperature'),(441,2,'{\"room_1\": 24.492424719017077, \"room_2\": 21.895763267777205, \"room_3\": 21.56873517620204, \"room_4\": 23.43065946201323}','2019-04-21 19:04:41','temperature'),(442,2,'{\"room_1\": 22.27548619723948, \"room_2\": 24.4661550067904, \"room_3\": 22.399441920933263, \"room_4\": 22.076206435460698}','2019-04-21 19:34:41','temperature'),(443,2,'{\"room_1\": 18.38644017755618, \"room_2\": 20.496330994218592, \"room_3\": 21.696313551286785, \"room_4\": 22.78871291336025}','2019-04-21 20:04:41','temperature'),(444,2,'{\"room_1\": 19.09333799671083, \"room_2\": 19.098012582831963, \"room_3\": 23.173595996009535, \"room_4\": 20.38059155850963}','2019-04-21 20:34:41','temperature'),(445,2,'{\"room_1\": 21.861977166990513, \"room_2\": 19.954265520229963, \"room_3\": 25.12764296844717, \"room_4\": 20.33919583252125}','2019-04-21 21:04:41','temperature'),(446,2,'{\"room_1\": 24.551182301505147, \"room_2\": 24.235251661220023, \"room_3\": 18.136707357293616, \"room_4\": 22.163172501355938}','2019-04-21 21:34:41','temperature'),(447,2,'{\"room_1\": 21.88467785060653, \"room_2\": 23.06336145989666, \"room_3\": 21.333766163611788, \"room_4\": 25.365648858930953}','2019-04-21 22:04:41','temperature'),(448,2,'{\"room_1\": 24.911300062070275, \"room_2\": 22.471128569987577, \"room_3\": 21.7424599928093, \"room_4\": 19.75254687223592}','2019-04-21 22:34:41','temperature'),(449,2,'{\"room_1\": 22.52843101820305, \"room_2\": 25.39634468858064, \"room_3\": 21.01658247374283, \"room_4\": 22.623000271581333}','2019-04-21 23:04:41','temperature'),(450,2,'{\"room_1\": 22.13331277736171, \"room_2\": 20.072905247508807, \"room_3\": 19.158322375302664, \"room_4\": 20.22305246789668}','2019-04-21 23:34:41','temperature'),(451,2,'{\"room_1\": 18.50283006726368, \"room_2\": 19.634281555661353, \"room_3\": 22.49076428968056, \"room_4\": 19.59621611318086}','2019-04-22 00:04:41','temperature'),(452,2,'{\"room_1\": 25.111389385208128, \"room_2\": 25.236979756647003, \"room_3\": 20.946758601481463, \"room_4\": 20.73540007278511}','2019-04-22 00:34:41','temperature'),(453,2,'{\"room_1\": 21.03636684934508, \"room_2\": 18.90703480433637, \"room_3\": 23.567669814982892, \"room_4\": 18.831940173058808}','2019-04-22 01:04:41','temperature'),(454,2,'{\"room_1\": 24.285313033437504, \"room_2\": 22.096252316960197, \"room_3\": 22.417217087156608, \"room_4\": 21.207845096457397}','2019-04-22 01:34:41','temperature'),(455,2,'{\"room_1\": 18.058396134805182, \"room_2\": 20.01762326746268, \"room_3\": 25.488397400245447, \"room_4\": 19.823443005945208}','2019-04-22 02:04:41','temperature'),(456,2,'{\"room_1\": 24.776022375068273, \"room_2\": 21.240424776831716, \"room_3\": 20.22199030782872, \"room_4\": 20.631176438913617}','2019-04-22 02:34:41','temperature'),(457,2,'{\"room_1\": 25.78532247362213, \"room_2\": 19.016648790696784, \"room_3\": 18.946028730266804, \"room_4\": 23.399941029130662}','2019-04-22 03:04:41','temperature'),(458,2,'{\"room_1\": 22.706759485581856, \"room_2\": 19.55887188664577, \"room_3\": 23.18691435724886, \"room_4\": 24.35907492283551}','2019-04-22 03:34:41','temperature'),(459,2,'{\"room_1\": 25.187808741456372, \"room_2\": 24.18587359262107, \"room_3\": 19.23379824415407, \"room_4\": 24.770597915143476}','2019-04-22 04:04:41','temperature'),(460,2,'{\"room_1\": 23.341325799547818, \"room_2\": 24.495645524300436, \"room_3\": 24.79230848080754, \"room_4\": 22.437226816513174}','2019-04-22 04:34:41','temperature'),(461,2,'{\"room_1\": 21.005371681589516, \"room_2\": 20.11818653602242, \"room_3\": 23.462585146311294, \"room_4\": 19.76507351723549}','2019-04-22 05:04:41','temperature'),(462,2,'{\"room_1\": 22.02102561900145, \"room_2\": 24.494800042275372, \"room_3\": 24.48107861821861, \"room_4\": 21.567152534998737}','2019-04-22 05:34:41','temperature'),(463,2,'{\"room_1\": 25.08376669779393, \"room_2\": 24.649332653881352, \"room_3\": 24.877118152697015, \"room_4\": 23.62637405200563}','2019-04-22 06:04:41','temperature'),(464,2,'{\"room_1\": 20.23249070637587, \"room_2\": 21.236920082488716, \"room_3\": 23.631036478908065, \"room_4\": 18.393329371478487}','2019-04-22 06:34:41','temperature'),(465,2,'{\"room_1\": 18.655773891825906, \"room_2\": 24.809294681196775, \"room_3\": 25.89929272426834, \"room_4\": 22.42200998371792}','2019-04-22 07:04:41','temperature'),(466,2,'{\"room_1\": 21.184637518058548, \"room_2\": 18.40429105595874, \"room_3\": 19.886925961028616, \"room_4\": 18.536313613036334}','2019-04-22 07:34:41','temperature'),(467,2,'{\"room_1\": 22.13614576348232, \"room_2\": 23.89061708575052, \"room_3\": 21.26749354704804, \"room_4\": 23.39077279549697}','2019-04-22 08:04:41','temperature'),(468,2,'{\"room_1\": 21.622577834770027, \"room_2\": 25.30643259288715, \"room_3\": 22.386005488041626, \"room_4\": 18.46227416283206}','2019-04-22 08:34:41','temperature'),(469,2,'{\"room_1\": 18.318244417122905, \"room_2\": 25.5274438507265, \"room_3\": 21.151917930125123, \"room_4\": 19.075082963944848}','2019-04-22 09:04:41','temperature'),(470,2,'{\"room_1\": 20.94885050426833, \"room_2\": 23.955802622245475, \"room_3\": 25.666509533830883, \"room_4\": 22.748084668780464}','2019-04-22 09:34:41','temperature'),(471,2,'{\"room_1\": 25.985897416595023, \"room_2\": 23.42266152020744, \"room_3\": 23.589672665826292, \"room_4\": 25.456472081367448}','2019-04-22 10:04:41','temperature'),(472,2,'{\"room_1\": 20.0466366753517, \"room_2\": 19.52468119534638, \"room_3\": 23.84876892147444, \"room_4\": 23.039930431711795}','2019-04-22 10:34:41','temperature'),(473,2,'{\"room_1\": 20.176883092065346, \"room_2\": 22.626923502647585, \"room_3\": 25.718363562520295, \"room_4\": 25.88944754385648}','2019-04-22 11:04:41','temperature'),(474,2,'{\"room_1\": 18.808638405280497, \"room_2\": 19.24775900811099, \"room_3\": 25.96450059728731, \"room_4\": 25.743836274534953}','2019-04-22 11:34:41','temperature'),(475,2,'{\"room_1\": 20.640619124020155, \"room_2\": 19.167227478894304, \"room_3\": 24.98647397793487, \"room_4\": 23.56879236625321}','2019-04-22 12:04:41','temperature'),(476,2,'{\"room_1\": 22.628328091943654, \"room_2\": 18.983873611214435, \"room_3\": 25.25590837987053, \"room_4\": 23.568525108606373}','2019-04-22 12:34:41','temperature'),(477,2,'{\"room_1\": 23.14917161251838, \"room_2\": 22.37918511239782, \"room_3\": 19.9058768091656, \"room_4\": 22.644756187051293}','2019-04-22 13:04:41','temperature'),(478,2,'{\"room_1\": 25.89207111935294, \"room_2\": 21.161705098573563, \"room_3\": 23.17834117789436, \"room_4\": 25.691729834750937}','2019-04-22 13:34:41','temperature'),(479,2,'{\"room_1\": 24.681961515925423, \"room_2\": 21.96812305179258, \"room_3\": 21.146253847944017, \"room_4\": 20.43275788094859}','2019-04-22 14:04:41','temperature'),(480,2,'{\"room_1\": 20.126606327097257, \"room_2\": 23.27604455371108, \"room_3\": 24.7211470393616, \"room_4\": 19.324604020199686}','2019-04-22 14:34:41','temperature'),(481,2,'{\"room_1\": 20.6197242693694, \"room_2\": 21.707069702972547, \"room_3\": 24.432820154307976, \"room_4\": 24.619655457876434}','2019-04-22 15:04:41','temperature'),(482,2,'{\"room_1\": 22.62831883802547, \"room_2\": 18.590259843224885, \"room_3\": 23.99542160520356, \"room_4\": 24.60931618271671}','2019-04-22 15:34:41','temperature'),(483,2,'{\"room_1\": 25.78345499566754, \"room_2\": 18.28240623212823, \"room_3\": 19.90969640221389, \"room_4\": 20.577145923626368}','2019-04-22 16:04:41','temperature'),(484,2,'{\"room_1\": 21.54052052777624, \"room_2\": 19.267680082779258, \"room_3\": 21.72590471456799, \"room_4\": 23.21552410874188}','2019-04-22 16:34:41','temperature'),(485,2,'{\"room_1\": 24.288136159167784, \"room_2\": 22.465214167990432, \"room_3\": 19.363550083582147, \"room_4\": 20.040310190744343}','2019-04-22 17:04:41','temperature'),(486,2,'{\"room_1\": 21.15417116944726, \"room_2\": 21.762579737208533, \"room_3\": 24.154114072992627, \"room_4\": 25.44091736563415}','2019-04-22 17:34:41','temperature'),(487,2,'{\"room_1\": 20.93316368161255, \"room_2\": 18.66396842110852, \"room_3\": 20.36271146804782, \"room_4\": 21.811174617056317}','2019-04-22 18:04:41','temperature'),(488,2,'{\"room_1\": 23.129973953044484, \"room_2\": 25.11755591213423, \"room_3\": 25.449445568227897, \"room_4\": 20.693754877797517}','2019-04-22 18:34:41','temperature'),(489,2,'{\"room_1\": 18.21409187718977, \"room_2\": 24.06547634759037, \"room_3\": 23.475988443685168, \"room_4\": 24.585595764183076}','2019-04-22 19:04:41','temperature'),(490,2,'{\"room_1\": 18.96954731429474, \"room_2\": 22.600561865454736, \"room_3\": 22.085938287624543, \"room_4\": 23.30713491348279}','2019-04-22 19:34:41','temperature'),(491,2,'{\"room_1\": 25.275915854411945, \"room_2\": 25.374447034959225, \"room_3\": 20.82349171583259, \"room_4\": 25.72331495463635}','2019-04-22 20:04:41','temperature'),(492,2,'{\"room_1\": 21.212560818453284, \"room_2\": 23.448398330767688, \"room_3\": 20.753474031693848, \"room_4\": 20.21138536569317}','2019-04-22 20:34:41','temperature'),(493,2,'{\"room_1\": 20.759155429361805, \"room_2\": 18.41581440392175, \"room_3\": 23.30466953405458, \"room_4\": 19.773200629623727}','2019-04-22 21:04:41','temperature'),(494,2,'{\"room_1\": 24.715110995113346, \"room_2\": 24.144511388565014, \"room_3\": 22.670829636961827, \"room_4\": 25.020278038849717}','2019-04-22 21:34:41','temperature'),(495,2,'{\"room_1\": 20.323293691641386, \"room_2\": 18.693958974562655, \"room_3\": 24.93958087009063, \"room_4\": 23.98009015094877}','2019-04-22 22:04:41','temperature'),(496,2,'{\"room_1\": 18.406343775659153, \"room_2\": 20.635481852567317, \"room_3\": 21.97713162382218, \"room_4\": 20.939555943833952}','2019-04-22 22:34:41','temperature'),(497,2,'{\"room_1\": 21.833198449487423, \"room_2\": 18.739492183684025, \"room_3\": 23.9977475790556, \"room_4\": 18.966236624331117}','2019-04-22 23:04:41','temperature'),(498,2,'{\"room_1\": 22.221788978050736, \"room_2\": 19.67465611537218, \"room_3\": 18.904642528255952, \"room_4\": 25.63648120889224}','2019-04-22 23:34:41','temperature'),(499,2,'{\"room_1\": 22.288901610424546, \"room_2\": 20.650052290320215, \"room_3\": 24.78718954146094, \"room_4\": 25.349074020036316}','2019-04-23 00:04:41','temperature'),(500,2,'{\"room_1\": 18.477146483172, \"room_2\": 22.983741370214915, \"room_3\": 20.28119203985323, \"room_4\": 22.00330515078516}','2019-04-23 00:34:41','temperature'),(501,2,'{\"room_1\": 20.761670955202803, \"room_2\": 24.376100636177192, \"room_3\": 23.510897440753027, \"room_4\": 23.579028207633485}','2019-04-23 01:04:41','temperature'),(502,2,'{\"room_1\": 19.81061283252275, \"room_2\": 20.736719655770436, \"room_3\": 19.32762816190833, \"room_4\": 19.95593825211017}','2019-04-23 01:34:41','temperature'),(503,2,'{\"room_1\": 20.787729045319622, \"room_2\": 25.028404957624183, \"room_3\": 24.21449923815787, \"room_4\": 20.51771681222795}','2019-04-23 02:04:41','temperature'),(504,2,'{\"room_1\": 21.506066344541686, \"room_2\": 23.643730478837337, \"room_3\": 20.96252476382933, \"room_4\": 18.834027794313343}','2019-04-23 02:34:41','temperature'),(505,2,'{\"room_1\": 18.373799503911588, \"room_2\": 23.00088614717121, \"room_3\": 22.463130000054175, \"room_4\": 23.62970469658208}','2019-04-23 03:04:41','temperature'),(506,2,'{\"room_1\": 23.322138118905286, \"room_2\": 22.639166248006028, \"room_3\": 22.694919900903574, \"room_4\": 20.52086538134249}','2019-04-23 03:34:41','temperature'),(507,2,'{\"room_1\": 18.2978442169307, \"room_2\": 22.994828264461347, \"room_3\": 23.977518193280662, \"room_4\": 19.67314616819263}','2019-04-23 04:04:41','temperature'),(508,2,'{\"room_1\": 18.665709614758544, \"room_2\": 19.372258959658335, \"room_3\": 19.228076028611017, \"room_4\": 19.292731444715933}','2019-04-23 04:34:41','temperature'),(509,2,'{\"room_1\": 22.76345308993126, \"room_2\": 21.88005534016864, \"room_3\": 23.06500364341037, \"room_4\": 22.80032786083533}','2019-04-23 05:04:41','temperature'),(510,2,'{\"room_1\": 25.264519154832065, \"room_2\": 21.72195925985249, \"room_3\": 22.25525853891526, \"room_4\": 23.517080662882197}','2019-04-23 05:34:41','temperature'),(511,2,'{\"room_1\": 20.274975646451946, \"room_2\": 25.823374148649204, \"room_3\": 23.384921058726995, \"room_4\": 21.719524178425615}','2019-04-23 06:04:41','temperature'),(512,2,'{\"room_1\": 19.94295840557424, \"room_2\": 24.963452729945196, \"room_3\": 21.17307945294969, \"room_4\": 24.67718620239409}','2019-04-23 06:34:41','temperature'),(513,2,'{\"room_1\": 25.343510171649672, \"room_2\": 25.49948707548343, \"room_3\": 21.258742770067016, \"room_4\": 24.05083517591198}','2019-04-23 07:04:41','temperature'),(514,2,'{\"room_1\": 18.698641486334207, \"room_2\": 22.565079438930727, \"room_3\": 21.482844382004597, \"room_4\": 21.95634138067688}','2019-04-23 07:34:41','temperature'),(515,2,'{\"room_1\": 19.73735890570359, \"room_2\": 18.150472958146047, \"room_3\": 19.440932864040334, \"room_4\": 19.655149416981768}','2019-04-23 08:04:41','temperature'),(516,2,'{\"room_1\": 24.182977924939618, \"room_2\": 22.752290693700125, \"room_3\": 25.199380800450804, \"room_4\": 24.7566356822348}','2019-04-23 08:34:41','temperature'),(517,2,'{\"room_1\": 24.992464817253655, \"room_2\": 25.870096013451658, \"room_3\": 24.91500402453529, \"room_4\": 25.410819090738833}','2019-04-23 09:04:41','temperature'),(518,2,'{\"room_1\": 18.92119410576506, \"room_2\": 25.174903579853684, \"room_3\": 21.961723144090215, \"room_4\": 19.23289149583276}','2019-04-23 09:34:41','temperature'),(519,2,'{\"room_1\": 21.085100863593123, \"room_2\": 19.155075947646537, \"room_3\": 24.915611146410825, \"room_4\": 24.20689313073608}','2019-04-23 10:04:41','temperature'),(520,2,'{\"room_1\": 24.67712599339039, \"room_2\": 23.84796399478109, \"room_3\": 24.51145561743224, \"room_4\": 20.795515255004155}','2019-04-23 10:34:41','temperature'),(521,2,'{\"room_1\": 25.379025610301305, \"room_2\": 24.6124126879298, \"room_3\": 18.057212787822465, \"room_4\": 23.17260984291834}','2019-04-23 11:04:41','temperature'),(522,2,'{\"room_1\": 24.72486048037198, \"room_2\": 19.79959679411302, \"room_3\": 19.602737592683884, \"room_4\": 24.679533127775063}','2019-04-23 11:34:41','temperature'),(523,2,'{\"room_1\": 23.46609216277221, \"room_2\": 20.41037886892898, \"room_3\": 22.19664370366104, \"room_4\": 25.093784612907616}','2019-04-23 12:04:41','temperature'),(524,2,'{\"room_1\": 25.25692815779257, \"room_2\": 25.882889026270533, \"room_3\": 24.747634201592547, \"room_4\": 19.72278036208521}','2019-04-23 12:34:41','temperature'),(525,2,'{\"room_1\": 21.8025299212042, \"room_2\": 25.04355847887474, \"room_3\": 19.25957992509743, \"room_4\": 19.626784244460243}','2019-04-23 13:04:41','temperature'),(526,2,'{\"room_1\": 23.47981322746157, \"room_2\": 25.7048554170947, \"room_3\": 19.267672650209647, \"room_4\": 22.34522566976942}','2019-04-23 13:34:41','temperature'),(527,2,'{\"room_1\": 21.833891713345764, \"room_2\": 23.955833597051104, \"room_3\": 18.336068826110345, \"room_4\": 23.04561675843312}','2019-04-23 14:04:41','temperature'),(528,2,'{\"room_1\": 18.66643008611812, \"room_2\": 19.032422743717547, \"room_3\": 18.499022473073428, \"room_4\": 18.680871810316972}','2019-04-23 14:34:41','temperature'),(529,2,'{\"room_1\": 25.59517975344081, \"room_2\": 24.57770867197074, \"room_3\": 19.872802392004985, \"room_4\": 23.989933241596088}','2019-04-23 15:04:41','temperature'),(530,2,'{\"room_1\": 23.10052480641309, \"room_2\": 20.15005432812311, \"room_3\": 18.42775445873285, \"room_4\": 23.440305831340783}','2019-04-23 15:34:41','temperature'),(531,2,'{\"room_1\": 25.744549554752368, \"room_2\": 21.58091657349739, \"room_3\": 19.91614602225133, \"room_4\": 23.02519575444587}','2019-04-23 16:04:41','temperature'),(532,2,'{\"room_1\": 18.001454017479904, \"room_2\": 24.130709306571795, \"room_3\": 18.834108505464364, \"room_4\": 20.808086403689806}','2019-04-23 16:34:41','temperature'),(533,2,'{\"room_1\": 20.732123486361075, \"room_2\": 25.03502432195906, \"room_3\": 21.93493348417551, \"room_4\": 25.758495929606987}','2019-04-23 17:04:41','temperature'),(534,2,'{\"room_1\": 25.611389630415378, \"room_2\": 22.202391054563847, \"room_3\": 24.5654780971428, \"room_4\": 21.61804053602203}','2019-04-23 17:34:41','temperature'),(535,2,'{\"room_1\": 21.894587887445475, \"room_2\": 18.58349420225349, \"room_3\": 22.15866276802394, \"room_4\": 18.05257172235991}','2019-04-23 18:04:41','temperature'),(536,2,'{\"room_1\": 21.40205389840459, \"room_2\": 19.609489783140504, \"room_3\": 23.73393544133583, \"room_4\": 23.145865806781863}','2019-04-23 18:34:41','temperature'),(537,2,'{\"room_1\": 22.701779893837788, \"room_2\": 22.410885193528024, \"room_3\": 21.53092067594576, \"room_4\": 18.658748791349986}','2019-04-23 19:04:41','temperature'),(538,2,'{\"room_1\": 22.830238326324206, \"room_2\": 19.100644244706224, \"room_3\": 21.868035999709292, \"room_4\": 20.951051662056603}','2019-04-23 19:34:41','temperature'),(539,2,'{\"room_1\": 22.31622775397885, \"room_2\": 25.890357304769285, \"room_3\": 20.1545526188291, \"room_4\": 25.774206922463662}','2019-04-23 20:04:41','temperature'),(540,2,'{\"room_1\": 24.453852489802816, \"room_2\": 21.78502618721797, \"room_3\": 21.710754568777546, \"room_4\": 25.68752189434022}','2019-04-23 20:34:41','temperature'),(541,2,'{\"room_1\": 22.180601978161675, \"room_2\": 20.956196843605458, \"room_3\": 22.425758622159595, \"room_4\": 18.29631697073389}','2019-04-23 21:04:41','temperature'),(542,2,'{\"room_1\": 20.671055581216542, \"room_2\": 20.708689267126687, \"room_3\": 23.67410298945375, \"room_4\": 18.995659581750292}','2019-04-23 21:34:41','temperature'),(543,2,'{\"room_1\": 24.916260265035568, \"room_2\": 19.840935226823483, \"room_3\": 18.969377153745427, \"room_4\": 22.944877714976233}','2019-04-23 22:04:41','temperature'),(544,2,'{\"room_1\": 25.901364999888244, \"room_2\": 25.67357212620695, \"room_3\": 21.208324756175625, \"room_4\": 19.41339780435044}','2019-04-23 22:34:41','temperature'),(545,2,'{\"room_1\": 21.494237454743548, \"room_2\": 19.99762907654057, \"room_3\": 22.838897419748328, \"room_4\": 19.070809630476084}','2019-04-23 23:04:41','temperature'),(546,2,'{\"room_1\": 19.22426666847337, \"room_2\": 20.950739723340114, \"room_3\": 18.43691722343216, \"room_4\": 18.484863160131074}','2019-04-23 23:34:41','temperature'),(547,2,'{\"room_1\": 21.39830572290579, \"room_2\": 23.809200641955695, \"room_3\": 24.748273407069178, \"room_4\": 22.41248242340361}','2019-04-24 00:04:41','temperature'),(548,2,'{\"room_1\": 21.683585408870176, \"room_2\": 20.73801952888835, \"room_3\": 18.31386472866918, \"room_4\": 23.265576349090345}','2019-04-24 00:34:41','temperature'),(549,2,'{\"room_1\": 20.81463268109013, \"room_2\": 23.929985033489768, \"room_3\": 18.690094742394365, \"room_4\": 22.547223323726257}','2019-04-24 01:04:41','temperature'),(550,2,'{\"room_1\": 20.29905957005385, \"room_2\": 18.450801529745817, \"room_3\": 23.223915297541676, \"room_4\": 21.90632141785825}','2019-04-24 01:34:41','temperature'),(551,2,'{\"room_1\": 19.46506181727261, \"room_2\": 24.701914303237572, \"room_3\": 18.34573739233701, \"room_4\": 25.68194413260833}','2019-04-24 02:04:41','temperature'),(552,2,'{\"room_1\": 21.452674394834933, \"room_2\": 19.67717336314228, \"room_3\": 20.28797959787689, \"room_4\": 18.929308941125782}','2019-04-24 02:34:41','temperature'),(553,2,'{\"room_1\": 25.024763319925302, \"room_2\": 20.12611438275308, \"room_3\": 22.028160464163474, \"room_4\": 25.525264077176463}','2019-04-24 03:04:41','temperature'),(554,2,'{\"room_1\": 23.633680089182732, \"room_2\": 20.15851830315347, \"room_3\": 19.45122562461072, \"room_4\": 23.896608157700005}','2019-04-24 03:34:41','temperature'),(555,2,'{\"room_1\": 21.402902250500944, \"room_2\": 25.31274677880641, \"room_3\": 21.456427511329352, \"room_4\": 18.212853743520142}','2019-04-24 04:04:41','temperature'),(556,2,'{\"room_1\": 24.011454231516225, \"room_2\": 19.679625993998883, \"room_3\": 18.740979880567817, \"room_4\": 23.43058185118689}','2019-04-24 04:34:41','temperature'),(557,2,'{\"room_1\": 18.04857418552406, \"room_2\": 18.713010058181556, \"room_3\": 21.207800328576305, \"room_4\": 21.861542608647973}','2019-04-24 05:04:41','temperature'),(558,2,'{\"room_1\": 24.068173716603916, \"room_2\": 24.72438951143982, \"room_3\": 18.096307666514264, \"room_4\": 22.95233016756452}','2019-04-24 05:34:41','temperature'),(559,2,'{\"room_1\": 18.149944030051692, \"room_2\": 23.119168062818964, \"room_3\": 23.27038602062727, \"room_4\": 21.985571392562793}','2019-04-24 06:04:41','temperature'),(560,2,'{\"room_1\": 19.234322231448783, \"room_2\": 19.324577807610527, \"room_3\": 18.19243149857619, \"room_4\": 22.74346862741563}','2019-04-24 06:34:41','temperature'),(561,2,'{\"room_1\": 19.060587464517695, \"room_2\": 25.27385365726145, \"room_3\": 24.140894910793516, \"room_4\": 25.925244698625484}','2019-04-24 07:04:41','temperature'),(562,2,'{\"room_1\": 24.88506353750481, \"room_2\": 18.0392905893098, \"room_3\": 22.091519951103024, \"room_4\": 23.843970993362905}','2019-04-24 07:34:41','temperature'),(563,2,'{\"room_1\": 19.387435013621836, \"room_2\": 21.77366936048992, \"room_3\": 22.55840664482777, \"room_4\": 24.0592586812606}','2019-04-24 08:04:41','temperature'),(564,2,'{\"room_1\": 20.957605221111248, \"room_2\": 19.453899796129527, \"room_3\": 23.748608501969848, \"room_4\": 25.491294988933305}','2019-04-24 08:34:41','temperature'),(565,2,'{\"room_1\": 23.95998342963359, \"room_2\": 22.439707516076595, \"room_3\": 21.649284716634433, \"room_4\": 24.83466914804084}','2019-04-24 09:04:41','temperature'),(566,2,'{\"room_1\": 22.78784663546943, \"room_2\": 25.195498503650516, \"room_3\": 23.55592003326698, \"room_4\": 24.425095552014938}','2019-04-24 09:34:41','temperature'),(567,2,'{\"room_1\": 18.726118089858275, \"room_2\": 19.23315323176116, \"room_3\": 20.566938642327084, \"room_4\": 20.27722679800768}','2019-04-24 10:04:41','temperature'),(568,2,'{\"room_1\": 22.088876287864743, \"room_2\": 23.334098417167937, \"room_3\": 24.429266952946033, \"room_4\": 20.650385055099314}','2019-04-24 10:34:41','temperature'),(569,2,'{\"room_1\": 23.51708614967653, \"room_2\": 22.83557436336143, \"room_3\": 22.333508601102665, \"room_4\": 18.796907329933887}','2019-04-24 11:04:41','temperature'),(570,2,'{\"room_1\": 18.65149928224809, \"room_2\": 22.06333971893038, \"room_3\": 24.93628172687777, \"room_4\": 19.081074432909663}','2019-04-24 11:34:41','temperature'),(571,2,'{\"room_1\": 19.006693227936616, \"room_2\": 20.33305237068148, \"room_3\": 22.354869969210725, \"room_4\": 21.473650856396524}','2019-04-24 12:04:41','temperature'),(572,2,'{\"room_1\": 21.933458932128207, \"room_2\": 24.558867685208064, \"room_3\": 21.510387539191044, \"room_4\": 23.51406747877182}','2019-04-24 12:34:41','temperature'),(573,2,'{\"room_1\": 20.339687338428057, \"room_2\": 20.203833414313465, \"room_3\": 24.67093394389552, \"room_4\": 23.262855616117033}','2019-04-24 13:04:41','temperature'),(574,2,'{\"room_1\": 18.917076367401755, \"room_2\": 22.972792551211935, \"room_3\": 19.763577032941345, \"room_4\": 24.674943634580305}','2019-04-24 13:34:41','temperature'),(575,2,'{\"room_1\": 20.01085444098017, \"room_2\": 22.615944238997283, \"room_3\": 23.556130853659077, \"room_4\": 21.511064682142237}','2019-04-24 14:04:41','temperature'),(576,2,'{\"room_1\": 23.88419151168196, \"room_2\": 24.58352041080302, \"room_3\": 18.400296244347388, \"room_4\": 25.787231678455257}','2019-04-24 14:34:41','temperature'),(577,2,'{\"room_1\": 23.623035582710425, \"room_2\": 22.75815688240104, \"room_3\": 20.085479153566187, \"room_4\": 23.304636970368733}','2019-04-24 15:04:41','temperature'),(578,2,'{\"room_1\": 25.951186363340113, \"room_2\": 23.107401673167548, \"room_3\": 18.337984465873767, \"room_4\": 25.54340795943208}','2019-04-24 15:34:41','temperature'),(579,2,'{\"room_1\": 24.524667702198784, \"room_2\": 25.534818699689826, \"room_3\": 19.62163642117158, \"room_4\": 20.16935731111263}','2019-04-24 16:04:41','temperature'),(580,2,'{\"room_1\": 25.46057332636418, \"room_2\": 24.868791493248303, \"room_3\": 20.117546954518403, \"room_4\": 21.50797404777236}','2019-04-24 16:34:41','temperature'),(581,2,'{\"room_1\": 79.49262022926757, \"room_2\": 43.60453554066711, \"room_3\": 68.85845583639366, \"room_4\": 94.48293568278608}','2019-04-21 16:34:41','humidity'),(582,2,'{\"room_1\": 60.97168734425894, \"room_2\": 60.75292465362078, \"room_3\": 63.082480298304624, \"room_4\": 52.104402536290074}','2019-04-21 17:04:41','humidity'),(583,2,'{\"room_1\": 60.16226187531146, \"room_2\": 76.52317178447967, \"room_3\": 85.05316858117456, \"room_4\": 71.08811220546451}','2019-04-21 17:34:41','humidity'),(584,2,'{\"room_1\": 83.88530221946638, \"room_2\": 61.30676943581217, \"room_3\": 84.09440829406974, \"room_4\": 92.7505577973716}','2019-04-21 18:04:41','humidity'),(585,2,'{\"room_1\": 96.88314215000364, \"room_2\": 94.9848831570849, \"room_3\": 51.41687747159602, \"room_4\": 45.65359794924931}','2019-04-21 18:34:41','humidity'),(586,2,'{\"room_1\": 48.694074781029286, \"room_2\": 79.89645338368418, \"room_3\": 80.02328752224552, \"room_4\": 63.05157211113409}','2019-04-21 19:04:41','humidity'),(587,2,'{\"room_1\": 51.8230935126106, \"room_2\": 93.49325462954472, \"room_3\": 92.79368078390704, \"room_4\": 90.31598197769884}','2019-04-21 19:34:41','humidity'),(588,2,'{\"room_1\": 88.82839257957536, \"room_2\": 64.78383775798488, \"room_3\": 59.12291077914162, \"room_4\": 73.48050560936149}','2019-04-21 20:04:41','humidity'),(589,2,'{\"room_1\": 64.8576828161471, \"room_2\": 87.99369880992057, \"room_3\": 90.39091446844296, \"room_4\": 48.49781822552416}','2019-04-21 20:34:41','humidity'),(590,2,'{\"room_1\": 62.10960517289145, \"room_2\": 67.02746283942422, \"room_3\": 82.44573697419558, \"room_4\": 61.027332177992896}','2019-04-21 21:04:41','humidity'),(591,2,'{\"room_1\": 63.28468041503531, \"room_2\": 56.16662342478867, \"room_3\": 66.6503398499053, \"room_4\": 54.26890000264612}','2019-04-21 21:34:41','humidity'),(592,2,'{\"room_1\": 82.92029341360153, \"room_2\": 75.22953767281669, \"room_3\": 66.72544889740487, \"room_4\": 70.0196647303296}','2019-04-21 22:04:41','humidity'),(593,2,'{\"room_1\": 87.63388816773531, \"room_2\": 90.80556926841066, \"room_3\": 40.11441182076418, \"room_4\": 89.73621861295719}','2019-04-21 22:34:41','humidity'),(594,2,'{\"room_1\": 65.57445074767003, \"room_2\": 77.0605825077512, \"room_3\": 97.82239112383904, \"room_4\": 98.41363716585172}','2019-04-21 23:04:41','humidity'),(595,2,'{\"room_1\": 99.9254561929814, \"room_2\": 51.2935649433597, \"room_3\": 67.92291426516809, \"room_4\": 75.60657291462363}','2019-04-21 23:34:41','humidity'),(596,2,'{\"room_1\": 78.74664553585782, \"room_2\": 94.97530062039814, \"room_3\": 76.80638500583844, \"room_4\": 44.36620968986779}','2019-04-22 00:04:41','humidity'),(597,2,'{\"room_1\": 93.1751547031279, \"room_2\": 48.983341728525055, \"room_3\": 63.88914922237403, \"room_4\": 78.36381002785717}','2019-04-22 00:34:41','humidity'),(598,2,'{\"room_1\": 97.42278748479424, \"room_2\": 67.53748264917256, \"room_3\": 63.27516463665279, \"room_4\": 79.3215832130374}','2019-04-22 01:04:41','humidity'),(599,2,'{\"room_1\": 78.62145766464664, \"room_2\": 64.85937421368028, \"room_3\": 89.48897233751401, \"room_4\": 45.93142398355961}','2019-04-22 01:34:41','humidity'),(600,2,'{\"room_1\": 53.81267491819381, \"room_2\": 67.95467311377635, \"room_3\": 48.43657121279759, \"room_4\": 58.67455206506518}','2019-04-22 02:04:41','humidity'),(601,2,'{\"room_1\": 42.66679612631828, \"room_2\": 50.340929337974025, \"room_3\": 45.369868093489465, \"room_4\": 53.37863094548208}','2019-04-22 02:34:41','humidity'),(602,2,'{\"room_1\": 46.202175792553774, \"room_2\": 56.039213608412, \"room_3\": 80.14775181695663, \"room_4\": 40.35102884748903}','2019-04-22 03:04:41','humidity'),(603,2,'{\"room_1\": 89.96539474566995, \"room_2\": 86.81297277113644, \"room_3\": 73.1596878819086, \"room_4\": 72.58699580536025}','2019-04-22 03:34:41','humidity'),(604,2,'{\"room_1\": 98.59184751003929, \"room_2\": 95.54165018183502, \"room_3\": 63.73242428523801, \"room_4\": 67.72113801346921}','2019-04-22 04:04:41','humidity'),(605,2,'{\"room_1\": 99.28428763134433, \"room_2\": 85.37311840536356, \"room_3\": 81.37103407678555, \"room_4\": 96.60496517310276}','2019-04-22 04:34:41','humidity'),(606,2,'{\"room_1\": 41.67995857400831, \"room_2\": 84.32579474429318, \"room_3\": 52.034288731635925, \"room_4\": 68.61733885615305}','2019-04-22 05:04:41','humidity'),(607,2,'{\"room_1\": 44.50196501586867, \"room_2\": 51.0624783015032, \"room_3\": 78.73231743044357, \"room_4\": 92.5697647631063}','2019-04-22 05:34:41','humidity'),(608,2,'{\"room_1\": 87.05046280773112, \"room_2\": 67.87092912392146, \"room_3\": 79.18565723571147, \"room_4\": 82.6964796204132}','2019-04-22 06:04:41','humidity'),(609,2,'{\"room_1\": 57.19497162600464, \"room_2\": 49.35190408783412, \"room_3\": 68.52270157639981, \"room_4\": 77.9792055846569}','2019-04-22 06:34:41','humidity'),(610,2,'{\"room_1\": 55.1073358706239, \"room_2\": 61.43075515429421, \"room_3\": 49.813322490370936, \"room_4\": 40.05567680412974}','2019-04-22 07:04:41','humidity'),(611,2,'{\"room_1\": 69.88350135021486, \"room_2\": 66.06522126093344, \"room_3\": 43.31903104959639, \"room_4\": 92.83840737832963}','2019-04-22 07:34:41','humidity'),(612,2,'{\"room_1\": 86.04258385060902, \"room_2\": 69.02774815960552, \"room_3\": 59.468512974310514, \"room_4\": 87.26975565071267}','2019-04-22 08:04:41','humidity'),(613,2,'{\"room_1\": 84.54508357685378, \"room_2\": 51.55103139052554, \"room_3\": 53.43850170410627, \"room_4\": 72.7215301457412}','2019-04-22 08:34:41','humidity'),(614,2,'{\"room_1\": 48.27809229410866, \"room_2\": 40.98554624679035, \"room_3\": 81.31585486649357, \"room_4\": 61.7232550074376}','2019-04-22 09:04:41','humidity'),(615,2,'{\"room_1\": 54.011390926676945, \"room_2\": 88.51715238445618, \"room_3\": 98.82100152048022, \"room_4\": 88.53995540405077}','2019-04-22 09:34:41','humidity'),(616,2,'{\"room_1\": 72.19633895122138, \"room_2\": 78.80260340761663, \"room_3\": 52.040254881338456, \"room_4\": 40.76186314806348}','2019-04-22 10:04:41','humidity'),(617,2,'{\"room_1\": 86.05387977893389, \"room_2\": 43.14854655163538, \"room_3\": 59.76423269628642, \"room_4\": 61.93676212403718}','2019-04-22 10:34:41','humidity'),(618,2,'{\"room_1\": 77.8779135972058, \"room_2\": 73.10032089927734, \"room_3\": 64.6040140603163, \"room_4\": 89.37946757690932}','2019-04-22 11:04:41','humidity'),(619,2,'{\"room_1\": 72.09983433614093, \"room_2\": 85.39566546273153, \"room_3\": 86.04429817056229, \"room_4\": 80.00464557208423}','2019-04-22 11:34:41','humidity'),(620,2,'{\"room_1\": 97.8463081902467, \"room_2\": 40.315966445628334, \"room_3\": 40.927686851442985, \"room_4\": 84.04313989195137}','2019-04-22 12:04:41','humidity'),(621,2,'{\"room_1\": 57.036115778324785, \"room_2\": 83.88927725379108, \"room_3\": 50.2562271612069, \"room_4\": 47.1976268166532}','2019-04-22 12:34:41','humidity'),(622,2,'{\"room_1\": 42.58775834160067, \"room_2\": 89.82983691936727, \"room_3\": 79.08686529647805, \"room_4\": 42.00508256134144}','2019-04-22 13:04:41','humidity'),(623,2,'{\"room_1\": 50.08125196586934, \"room_2\": 70.35398079848774, \"room_3\": 93.26562433988872, \"room_4\": 49.035532675442006}','2019-04-22 13:34:41','humidity'),(624,2,'{\"room_1\": 81.42320237473749, \"room_2\": 87.3587508165746, \"room_3\": 93.16240310699168, \"room_4\": 66.10383332033706}','2019-04-22 14:04:41','humidity'),(625,2,'{\"room_1\": 96.3769839438825, \"room_2\": 64.35628869873375, \"room_3\": 42.707595915983745, \"room_4\": 53.17228953970762}','2019-04-22 14:34:41','humidity'),(626,2,'{\"room_1\": 59.27893274397457, \"room_2\": 85.66588593101542, \"room_3\": 62.68085272870384, \"room_4\": 69.31243447972754}','2019-04-22 15:04:41','humidity'),(627,2,'{\"room_1\": 51.009087299173416, \"room_2\": 46.82331400263103, \"room_3\": 65.84351646808798, \"room_4\": 50.279649342547245}','2019-04-22 15:34:41','humidity'),(628,2,'{\"room_1\": 46.75614195886508, \"room_2\": 60.40398978030723, \"room_3\": 63.87558197078359, \"room_4\": 61.796558734777214}','2019-04-22 16:04:41','humidity'),(629,2,'{\"room_1\": 62.40673442246669, \"room_2\": 78.81454791407178, \"room_3\": 66.71413014709643, \"room_4\": 52.254551406274786}','2019-04-22 16:34:41','humidity'),(630,2,'{\"room_1\": 60.9583911803263, \"room_2\": 64.02758070512142, \"room_3\": 71.87898034559134, \"room_4\": 53.51761784771998}','2019-04-22 17:04:41','humidity'),(631,2,'{\"room_1\": 65.83045042563286, \"room_2\": 85.43404894595969, \"room_3\": 56.0056715430144, \"room_4\": 42.09840669728283}','2019-04-22 17:34:41','humidity'),(632,2,'{\"room_1\": 95.97801622105348, \"room_2\": 96.08232998575616, \"room_3\": 88.33091592373948, \"room_4\": 79.7828159094693}','2019-04-22 18:04:41','humidity'),(633,2,'{\"room_1\": 63.74482069943914, \"room_2\": 84.72733022618554, \"room_3\": 69.32083837928211, \"room_4\": 51.53310920129525}','2019-04-22 18:34:41','humidity'),(634,2,'{\"room_1\": 81.71091091721664, \"room_2\": 51.581175819706736, \"room_3\": 74.84700811596488, \"room_4\": 81.62336832688618}','2019-04-22 19:04:41','humidity'),(635,2,'{\"room_1\": 53.16471895652319, \"room_2\": 96.96095660996978, \"room_3\": 66.22197419293832, \"room_4\": 57.278438699375485}','2019-04-22 19:34:41','humidity'),(636,2,'{\"room_1\": 99.8609679456481, \"room_2\": 72.53428849741273, \"room_3\": 53.86420667632522, \"room_4\": 75.39666513828625}','2019-04-22 20:04:41','humidity'),(637,2,'{\"room_1\": 74.8473720390255, \"room_2\": 84.45919700465916, \"room_3\": 58.44229582689283, \"room_4\": 81.66488303700862}','2019-04-22 20:34:41','humidity'),(638,2,'{\"room_1\": 61.90590843784872, \"room_2\": 74.6906746375098, \"room_3\": 94.01886404873584, \"room_4\": 42.733920310444674}','2019-04-22 21:04:41','humidity'),(639,2,'{\"room_1\": 55.36061689516818, \"room_2\": 48.16295329527198, \"room_3\": 40.72529545624115, \"room_4\": 74.88461250707661}','2019-04-22 21:34:41','humidity'),(640,2,'{\"room_1\": 97.00283782160884, \"room_2\": 99.27587047123728, \"room_3\": 51.89591803569405, \"room_4\": 79.26614821091196}','2019-04-22 22:04:41','humidity'),(641,2,'{\"room_1\": 83.78762118297888, \"room_2\": 91.44509587960496, \"room_3\": 51.872245118649055, \"room_4\": 67.37759260368597}','2019-04-22 22:34:41','humidity'),(642,2,'{\"room_1\": 74.35787118278513, \"room_2\": 89.64754000511016, \"room_3\": 50.02238406026502, \"room_4\": 92.51427402122266}','2019-04-22 23:04:41','humidity'),(643,2,'{\"room_1\": 89.68863093809581, \"room_2\": 94.12978753461113, \"room_3\": 72.28239156393168, \"room_4\": 67.2452360428855}','2019-04-22 23:34:41','humidity'),(644,2,'{\"room_1\": 61.97285345041213, \"room_2\": 59.575894013003605, \"room_3\": 95.31403806286102, \"room_4\": 64.14484733090785}','2019-04-23 00:04:41','humidity'),(645,2,'{\"room_1\": 73.91541044362447, \"room_2\": 97.24820622206074, \"room_3\": 52.34527701031584, \"room_4\": 67.62389309372273}','2019-04-23 00:34:41','humidity'),(646,2,'{\"room_1\": 87.01821258814661, \"room_2\": 69.73477526711761, \"room_3\": 63.73178702688062, \"room_4\": 46.00468084420429}','2019-04-23 01:04:41','humidity'),(647,2,'{\"room_1\": 41.28957004402994, \"room_2\": 98.97332958831112, \"room_3\": 86.61047128623734, \"room_4\": 67.57807157942439}','2019-04-23 01:34:41','humidity'),(648,2,'{\"room_1\": 58.99336139163561, \"room_2\": 95.18481315803923, \"room_3\": 64.47733955543679, \"room_4\": 92.33111118642898}','2019-04-23 02:04:41','humidity'),(649,2,'{\"room_1\": 41.62588863302013, \"room_2\": 60.065661756517514, \"room_3\": 89.43672044710564, \"room_4\": 65.85313271157298}','2019-04-23 02:34:41','humidity'),(650,2,'{\"room_1\": 92.0215709137654, \"room_2\": 83.85698350528685, \"room_3\": 58.81639326684134, \"room_4\": 42.84711588329428}','2019-04-23 03:04:41','humidity'),(651,2,'{\"room_1\": 88.83490137283212, \"room_2\": 41.6219236151606, \"room_3\": 82.20366839009799, \"room_4\": 61.63929200228956}','2019-04-23 03:34:41','humidity'),(652,2,'{\"room_1\": 78.95973952201274, \"room_2\": 81.54239467007196, \"room_3\": 67.72415410022926, \"room_4\": 62.60857187339191}','2019-04-23 04:04:41','humidity'),(653,2,'{\"room_1\": 45.95534666820137, \"room_2\": 53.942762867348904, \"room_3\": 94.96180798564252, \"room_4\": 73.8400712656131}','2019-04-23 04:34:41','humidity'),(654,2,'{\"room_1\": 52.52508335051457, \"room_2\": 74.14811818518022, \"room_3\": 61.814520541398274, \"room_4\": 55.43563585492613}','2019-04-23 05:04:41','humidity'),(655,2,'{\"room_1\": 84.93867110439527, \"room_2\": 74.20136862681883, \"room_3\": 86.15368552485677, \"room_4\": 45.32367444266493}','2019-04-23 05:34:41','humidity'),(656,2,'{\"room_1\": 41.770545566093105, \"room_2\": 76.24825521714689, \"room_3\": 90.10458174984052, \"room_4\": 90.53428516497036}','2019-04-23 06:04:41','humidity'),(657,2,'{\"room_1\": 91.32193073921488, \"room_2\": 93.1071725103468, \"room_3\": 42.40312994243474, \"room_4\": 80.51404102594874}','2019-04-23 06:34:41','humidity'),(658,2,'{\"room_1\": 91.23997440386154, \"room_2\": 58.49380884604411, \"room_3\": 59.71298199874866, \"room_4\": 87.48202147768629}','2019-04-23 07:04:41','humidity'),(659,2,'{\"room_1\": 45.44222802440763, \"room_2\": 40.809957181304014, \"room_3\": 41.6154396126809, \"room_4\": 77.77930284006598}','2019-04-23 07:34:41','humidity'),(660,2,'{\"room_1\": 47.65643692288583, \"room_2\": 86.8824651407415, \"room_3\": 40.875609555624656, \"room_4\": 88.3473999472981}','2019-04-23 08:04:41','humidity'),(661,2,'{\"room_1\": 69.94151863920622, \"room_2\": 77.3025258179787, \"room_3\": 94.77657489297704, \"room_4\": 50.8891252493669}','2019-04-23 08:34:41','humidity'),(662,2,'{\"room_1\": 85.90973742065009, \"room_2\": 75.07875913826072, \"room_3\": 45.3807502454458, \"room_4\": 73.90101346346114}','2019-04-23 09:04:41','humidity'),(663,2,'{\"room_1\": 95.52666498402834, \"room_2\": 83.70845094759905, \"room_3\": 83.50698874161822, \"room_4\": 76.44704057341804}','2019-04-23 09:34:41','humidity'),(664,2,'{\"room_1\": 64.99756966360385, \"room_2\": 70.03481553375676, \"room_3\": 41.8708448668453, \"room_4\": 71.39155868689699}','2019-04-23 10:04:41','humidity'),(665,2,'{\"room_1\": 67.11572385674933, \"room_2\": 92.86349353976068, \"room_3\": 77.07317157078171, \"room_4\": 64.41223742395756}','2019-04-23 10:34:41','humidity'),(666,2,'{\"room_1\": 61.50810080358896, \"room_2\": 53.0004650518276, \"room_3\": 53.25657564055496, \"room_4\": 41.871744756138746}','2019-04-23 11:04:41','humidity'),(667,2,'{\"room_1\": 68.07878846763094, \"room_2\": 45.81349342484555, \"room_3\": 77.2771456442982, \"room_4\": 96.12549097694578}','2019-04-23 11:34:41','humidity'),(668,2,'{\"room_1\": 82.53029605715086, \"room_2\": 88.12172680928217, \"room_3\": 75.68557935049516, \"room_4\": 67.74808763406917}','2019-04-23 12:04:41','humidity'),(669,2,'{\"room_1\": 44.46314444799869, \"room_2\": 82.86430074961095, \"room_3\": 77.58846254683695, \"room_4\": 62.39350948847277}','2019-04-23 12:34:41','humidity'),(670,2,'{\"room_1\": 97.36483908541231, \"room_2\": 71.17495919867233, \"room_3\": 66.73530225053071, \"room_4\": 58.8035359827363}','2019-04-23 13:04:41','humidity'),(671,2,'{\"room_1\": 64.3757263202051, \"room_2\": 76.99559838718275, \"room_3\": 51.02165482709729, \"room_4\": 73.91767012658485}','2019-04-23 13:34:41','humidity'),(672,2,'{\"room_1\": 63.30898282753976, \"room_2\": 98.3194983324275, \"room_3\": 42.93941192238927, \"room_4\": 40.08575178310025}','2019-04-23 14:04:41','humidity'),(673,2,'{\"room_1\": 78.83349649782019, \"room_2\": 58.510924145368605, \"room_3\": 44.77882704566985, \"room_4\": 80.98053388882744}','2019-04-23 14:34:41','humidity'),(674,2,'{\"room_1\": 74.70387232920545, \"room_2\": 94.08735984086982, \"room_3\": 56.2941180435575, \"room_4\": 48.231426016511634}','2019-04-23 15:04:41','humidity'),(675,2,'{\"room_1\": 67.16708432812506, \"room_2\": 49.07081097929355, \"room_3\": 53.828836359596224, \"room_4\": 52.808214146176475}','2019-04-23 15:34:41','humidity'),(676,2,'{\"room_1\": 61.16520311042521, \"room_2\": 57.816118599062314, \"room_3\": 42.23227707787521, \"room_4\": 95.866628602025}','2019-04-23 16:04:41','humidity'),(677,2,'{\"room_1\": 43.91978801733396, \"room_2\": 57.76602162401119, \"room_3\": 54.744295406632375, \"room_4\": 52.274355207242}','2019-04-23 16:34:41','humidity'),(678,2,'{\"room_1\": 59.6832914786327, \"room_2\": 49.630209723707274, \"room_3\": 52.63164801496289, \"room_4\": 85.83879329594623}','2019-04-23 17:04:41','humidity'),(679,2,'{\"room_1\": 68.592878091494, \"room_2\": 41.11502487170465, \"room_3\": 85.09908274343746, \"room_4\": 49.353095797401}','2019-04-23 17:34:41','humidity'),(680,2,'{\"room_1\": 63.05691937270295, \"room_2\": 72.46401819652976, \"room_3\": 76.33019631454239, \"room_4\": 57.1611289904552}','2019-04-23 18:04:41','humidity'),(681,2,'{\"room_1\": 73.89221171260152, \"room_2\": 84.09428188604342, \"room_3\": 96.3149434215568, \"room_4\": 52.465333953029585}','2019-04-23 18:34:41','humidity'),(682,2,'{\"room_1\": 91.74323479159293, \"room_2\": 59.40967261423155, \"room_3\": 65.97941990396069, \"room_4\": 82.43551887193556}','2019-04-23 19:04:41','humidity'),(683,2,'{\"room_1\": 94.37951578649644, \"room_2\": 54.98697108862281, \"room_3\": 99.58386660547518, \"room_4\": 84.65564008134963}','2019-04-23 19:34:41','humidity'),(684,2,'{\"room_1\": 94.32560687506108, \"room_2\": 93.93851847471242, \"room_3\": 45.744305629634475, \"room_4\": 85.79523087482174}','2019-04-23 20:04:41','humidity'),(685,2,'{\"room_1\": 58.79603660386809, \"room_2\": 49.53598001879442, \"room_3\": 91.66934522072174, \"room_4\": 68.40996692498356}','2019-04-23 20:34:41','humidity'),(686,2,'{\"room_1\": 45.705856246498655, \"room_2\": 57.862628389963646, \"room_3\": 88.59588780587272, \"room_4\": 86.603261816741}','2019-04-23 21:04:41','humidity'),(687,2,'{\"room_1\": 73.6588753537702, \"room_2\": 77.35690426474417, \"room_3\": 80.49008801631427, \"room_4\": 71.3399710170807}','2019-04-23 21:34:41','humidity'),(688,2,'{\"room_1\": 85.08393651047535, \"room_2\": 93.01423198888833, \"room_3\": 76.99113478892161, \"room_4\": 67.15908849825098}','2019-04-23 22:04:41','humidity'),(689,2,'{\"room_1\": 68.1997325682754, \"room_2\": 94.53956704591226, \"room_3\": 75.73643782733942, \"room_4\": 57.52572066738811}','2019-04-23 22:34:41','humidity'),(690,2,'{\"room_1\": 60.105036900602485, \"room_2\": 97.16094501434463, \"room_3\": 49.33147281139651, \"room_4\": 88.28661507280592}','2019-04-23 23:04:41','humidity'),(691,2,'{\"room_1\": 50.32940494705919, \"room_2\": 71.14631246723465, \"room_3\": 75.06400161180937, \"room_4\": 59.3209296927815}','2019-04-23 23:34:41','humidity'),(692,2,'{\"room_1\": 40.202047107341976, \"room_2\": 80.33154009045276, \"room_3\": 65.49784957127338, \"room_4\": 46.367137669703475}','2019-04-24 00:04:41','humidity'),(693,2,'{\"room_1\": 66.31267592467398, \"room_2\": 87.41454349135095, \"room_3\": 46.74665795468117, \"room_4\": 88.92937547920206}','2019-04-24 00:34:41','humidity'),(694,2,'{\"room_1\": 98.87131001775263, \"room_2\": 80.36423643958999, \"room_3\": 58.33470667166856, \"room_4\": 83.97435218913921}','2019-04-24 01:04:41','humidity'),(695,2,'{\"room_1\": 63.321056295082656, \"room_2\": 59.641305985223084, \"room_3\": 89.29287650863492, \"room_4\": 89.83359928273092}','2019-04-24 01:34:41','humidity'),(696,2,'{\"room_1\": 76.22101152620114, \"room_2\": 68.7218900007874, \"room_3\": 94.61119842581648, \"room_4\": 67.74504873389827}','2019-04-24 02:04:41','humidity'),(697,2,'{\"room_1\": 57.92474691546143, \"room_2\": 75.83774408781134, \"room_3\": 86.91389894972164, \"room_4\": 85.96848815486433}','2019-04-24 02:34:41','humidity'),(698,2,'{\"room_1\": 71.31052357488514, \"room_2\": 58.57357832269383, \"room_3\": 44.852804991985, \"room_4\": 41.56540606379943}','2019-04-24 03:04:41','humidity'),(699,2,'{\"room_1\": 63.746315086372014, \"room_2\": 41.902824646113785, \"room_3\": 73.45871872358289, \"room_4\": 88.22898511064909}','2019-04-24 03:34:41','humidity'),(700,2,'{\"room_1\": 64.45013201565212, \"room_2\": 97.29063004250432, \"room_3\": 99.4354813569745, \"room_4\": 93.13987619132264}','2019-04-24 04:04:41','humidity'),(701,2,'{\"room_1\": 43.87130079472109, \"room_2\": 83.17302570143, \"room_3\": 56.08909924072826, \"room_4\": 56.52595355878999}','2019-04-24 04:34:41','humidity'),(702,2,'{\"room_1\": 54.10407227149079, \"room_2\": 65.37920847618284, \"room_3\": 55.0626352852998, \"room_4\": 71.5341828044344}','2019-04-24 05:04:41','humidity'),(703,2,'{\"room_1\": 72.63462830761873, \"room_2\": 77.47229344757481, \"room_3\": 62.51798309151162, \"room_4\": 55.73874850405657}','2019-04-24 05:34:41','humidity'),(704,2,'{\"room_1\": 59.090615992166974, \"room_2\": 96.39623300412596, \"room_3\": 69.41631571357664, \"room_4\": 86.88010508185019}','2019-04-24 06:04:41','humidity'),(705,2,'{\"room_1\": 81.51250339284462, \"room_2\": 59.31152863912715, \"room_3\": 81.64065187932553, \"room_4\": 47.06140704586331}','2019-04-24 06:34:41','humidity'),(706,2,'{\"room_1\": 95.76776398555825, \"room_2\": 44.66392362769342, \"room_3\": 88.07692074956287, \"room_4\": 59.029286986123374}','2019-04-24 07:04:41','humidity'),(707,2,'{\"room_1\": 61.381854768477154, \"room_2\": 88.58538347902335, \"room_3\": 95.35949571643626, \"room_4\": 45.76854472041981}','2019-04-24 07:34:41','humidity'),(708,2,'{\"room_1\": 56.30365842315882, \"room_2\": 93.05021556662288, \"room_3\": 86.45611815549378, \"room_4\": 80.84077112744797}','2019-04-24 08:04:41','humidity'),(709,2,'{\"room_1\": 48.54549394076474, \"room_2\": 58.03897241458866, \"room_3\": 57.777458680114776, \"room_4\": 91.5913944398616}','2019-04-24 08:34:41','humidity'),(710,2,'{\"room_1\": 71.69579261628678, \"room_2\": 60.540423962140025, \"room_3\": 87.72707673003976, \"room_4\": 96.75034640047984}','2019-04-24 09:04:41','humidity'),(711,2,'{\"room_1\": 48.88805385596335, \"room_2\": 49.33423704821459, \"room_3\": 73.25405076428297, \"room_4\": 56.91580474828301}','2019-04-24 09:34:41','humidity'),(712,2,'{\"room_1\": 73.71387124399662, \"room_2\": 88.02445540208846, \"room_3\": 44.35535389976606, \"room_4\": 50.4686767770619}','2019-04-24 10:04:41','humidity'),(713,2,'{\"room_1\": 40.94010957067293, \"room_2\": 66.16897119433875, \"room_3\": 80.74660820042408, \"room_4\": 96.76843632530466}','2019-04-24 10:34:41','humidity'),(714,2,'{\"room_1\": 84.84796134680042, \"room_2\": 48.28907099781487, \"room_3\": 89.67356268994509, \"room_4\": 91.56892703073152}','2019-04-24 11:04:41','humidity'),(715,2,'{\"room_1\": 59.049175203851625, \"room_2\": 96.65177708878554, \"room_3\": 78.1828832232157, \"room_4\": 40.96957707465876}','2019-04-24 11:34:41','humidity'),(716,2,'{\"room_1\": 73.57520449957372, \"room_2\": 72.4918652371972, \"room_3\": 54.89627200030672, \"room_4\": 80.43583176628991}','2019-04-24 12:04:41','humidity'),(717,2,'{\"room_1\": 88.620550344999, \"room_2\": 96.44853566744445, \"room_3\": 42.86273929220354, \"room_4\": 60.746398571818304}','2019-04-24 12:34:41','humidity'),(718,2,'{\"room_1\": 86.60405734515061, \"room_2\": 44.71750760927278, \"room_3\": 71.48511971542294, \"room_4\": 55.70505759563504}','2019-04-24 13:04:41','humidity'),(719,2,'{\"room_1\": 61.22229853640719, \"room_2\": 91.64310034109933, \"room_3\": 96.14403635470632, \"room_4\": 99.07900713996072}','2019-04-24 13:34:41','humidity'),(720,2,'{\"room_1\": 74.22114255335312, \"room_2\": 44.17530168220354, \"room_3\": 62.35617542136585, \"room_4\": 48.0194110689732}','2019-04-24 14:04:41','humidity'),(721,2,'{\"room_1\": 81.3461879165237, \"room_2\": 92.56772968912094, \"room_3\": 44.15706533073574, \"room_4\": 72.17049106616626}','2019-04-24 14:34:41','humidity'),(722,2,'{\"room_1\": 66.73867868969381, \"room_2\": 57.174301639730544, \"room_3\": 41.026297767049, \"room_4\": 46.75259793707815}','2019-04-24 15:04:41','humidity'),(723,2,'{\"room_1\": 72.74058499639611, \"room_2\": 61.83038786491284, \"room_3\": 70.24958717895389, \"room_4\": 43.068140201693595}','2019-04-24 15:34:41','humidity'),(724,2,'{\"room_1\": 61.71897515508832, \"room_2\": 73.59175519481082, \"room_3\": 58.04853351049201, \"room_4\": 40.96141971830668}','2019-04-24 16:04:41','humidity'),(725,2,'{\"room_1\": 65.22705710725782, \"room_2\": 79.56073556323287, \"room_3\": 80.68527312644035, \"room_4\": 99.06684910833246}','2019-04-24 16:34:41','humidity'),(726,2,'{\"room_1\": true, \"room_2\": true, \"room_3\": false, \"room_4\": false}','2019-04-21 16:34:41','movement'),(727,2,'{\"room_1\": true, \"room_2\": false, \"room_3\": true, \"room_4\": false}','2019-04-21 17:04:41','movement'),(728,2,'{\"room_1\": true, \"room_2\": false, \"room_3\": false, \"room_4\": false}','2019-04-21 17:34:41','movement'),(729,2,'{\"room_1\": false, \"room_2\": false, \"room_3\": true, \"room_4\": true}','2019-04-21 18:04:41','movement'),(730,2,'{\"room_1\": false, \"room_2\": true, \"room_3\": true, \"room_4\": false}','2019-04-21 18:34:41','movement'),(731,2,'{\"room_1\": false, \"room_2\": false, \"room_3\": false, \"room_4\": true}','2019-04-21 19:04:41','movement'),(732,2,'{\"room_1\": true, \"room_2\": true, \"room_3\": true, \"room_4\": false}','2019-04-21 19:34:41','movement'),(733,2,'{\"room_1\": false, \"room_2\": true, \"room_3\": true, \"room_4\": true}','2019-04-21 20:04:41','movement'),(734,2,'{\"room_1\": true, \"room_2\": false, \"room_3\": false, \"room_4\": true}','2019-04-21 20:34:41','movement'),(735,2,'{\"room_1\": true, \"room_2\": false, \"room_3\": false, \"room_4\": true}','2019-04-21 21:04:41','movement'),(736,2,'{\"room_1\": false, \"room_2\": false, \"room_3\": false, \"room_4\": true}','2019-04-21 21:34:41','movement'),(737,2,'{\"room_1\": true, \"room_2\": true, \"room_3\": true, \"room_4\": true}','2019-04-21 22:04:41','movement'),(738,2,'{\"room_1\": true, \"room_2\": true, \"room_3\": true, \"room_4\": true}','2019-04-21 22:34:41','movement'),(739,2,'{\"room_1\": true, \"room_2\": true, \"room_3\": true, \"room_4\": true}','2019-04-21 23:04:41','movement'),(740,2,'{\"room_1\": true, \"room_2\": true, \"room_3\": false, \"room_4\": false}','2019-04-21 23:34:41','movement'),(741,2,'{\"room_1\": true, \"room_2\": false, \"room_3\": false, \"room_4\": false}','2019-04-22 00:04:41','movement'),(742,2,'{\"room_1\": false, \"room_2\": true, \"room_3\": true, \"room_4\": false}','2019-04-22 00:34:41','movement'),(743,2,'{\"room_1\": true, \"room_2\": true, \"room_3\": false, \"room_4\": false}','2019-04-22 01:04:41','movement'),(744,2,'{\"room_1\": false, \"room_2\": true, \"room_3\": true, \"room_4\": true}','2019-04-22 01:34:41','movement'),(745,2,'{\"room_1\": true, \"room_2\": true, \"room_3\": false, \"room_4\": true}','2019-04-22 02:04:41','movement'),(746,2,'{\"room_1\": true, \"room_2\": false, \"room_3\": false, \"room_4\": false}','2019-04-22 02:34:41','movement'),(747,2,'{\"room_1\": true, \"room_2\": true, \"room_3\": false, \"room_4\": false}','2019-04-22 03:04:41','movement'),(748,2,'{\"room_1\": true, \"room_2\": true, \"room_3\": false, \"room_4\": true}','2019-04-22 03:34:41','movement'),(749,2,'{\"room_1\": false, \"room_2\": false, \"room_3\": false, \"room_4\": true}','2019-04-22 04:04:41','movement'),(750,2,'{\"room_1\": true, \"room_2\": true, \"room_3\": false, \"room_4\": true}','2019-04-22 04:34:41','movement'),(751,2,'{\"room_1\": false, \"room_2\": false, \"room_3\": false, \"room_4\": false}','2019-04-22 05:04:41','movement'),(752,2,'{\"room_1\": false, \"room_2\": true, \"room_3\": true, \"room_4\": false}','2019-04-22 05:34:41','movement'),(753,2,'{\"room_1\": true, \"room_2\": false, \"room_3\": false, \"room_4\": false}','2019-04-22 06:04:41','movement'),(754,2,'{\"room_1\": true, \"room_2\": false, \"room_3\": false, \"room_4\": true}','2019-04-22 06:34:41','movement'),(755,2,'{\"room_1\": false, \"room_2\": false, \"room_3\": false, \"room_4\": true}','2019-04-22 07:04:41','movement'),(756,2,'{\"room_1\": true, \"room_2\": false, \"room_3\": true, \"room_4\": false}','2019-04-22 07:34:41','movement'),(757,2,'{\"room_1\": true, \"room_2\": false, \"room_3\": false, \"room_4\": false}','2019-04-22 08:04:41','movement'),(758,2,'{\"room_1\": false, \"room_2\": true, \"room_3\": true, \"room_4\": false}','2019-04-22 08:34:41','movement'),(759,2,'{\"room_1\": true, \"room_2\": false, \"room_3\": true, \"room_4\": true}','2019-04-22 09:04:41','movement'),(760,2,'{\"room_1\": true, \"room_2\": false, \"room_3\": false, \"room_4\": false}','2019-04-22 09:34:41','movement'),(761,2,'{\"room_1\": false, \"room_2\": true, \"room_3\": false, \"room_4\": true}','2019-04-22 10:04:41','movement'),(762,2,'{\"room_1\": false, \"room_2\": true, \"room_3\": false, \"room_4\": true}','2019-04-22 10:34:41','movement'),(763,2,'{\"room_1\": false, \"room_2\": false, \"room_3\": false, \"room_4\": false}','2019-04-22 11:04:41','movement'),(764,2,'{\"room_1\": false, \"room_2\": false, \"room_3\": true, \"room_4\": true}','2019-04-22 11:34:41','movement'),(765,2,'{\"room_1\": false, \"room_2\": false, \"room_3\": false, \"room_4\": false}','2019-04-22 12:04:41','movement'),(766,2,'{\"room_1\": true, \"room_2\": false, \"room_3\": true, \"room_4\": true}','2019-04-22 12:34:41','movement'),(767,2,'{\"room_1\": false, \"room_2\": false, \"room_3\": true, \"room_4\": true}','2019-04-22 13:04:41','movement'),(768,2,'{\"room_1\": true, \"room_2\": false, \"room_3\": true, \"room_4\": false}','2019-04-22 13:34:41','movement'),(769,2,'{\"room_1\": false, \"room_2\": true, \"room_3\": false, \"room_4\": true}','2019-04-22 14:04:41','movement'),(770,2,'{\"room_1\": true, \"room_2\": true, \"room_3\": false, \"room_4\": true}','2019-04-22 14:34:41','movement'),(771,2,'{\"room_1\": true, \"room_2\": true, \"room_3\": true, \"room_4\": true}','2019-04-22 15:04:41','movement'),(772,2,'{\"room_1\": false, \"room_2\": false, \"room_3\": true, \"room_4\": true}','2019-04-22 15:34:41','movement'),(773,2,'{\"room_1\": false, \"room_2\": false, \"room_3\": true, \"room_4\": true}','2019-04-22 16:04:41','movement'),(774,2,'{\"room_1\": false, \"room_2\": false, \"room_3\": true, \"room_4\": false}','2019-04-22 16:34:41','movement'),(775,2,'{\"room_1\": false, \"room_2\": true, \"room_3\": true, \"room_4\": true}','2019-04-22 17:04:41','movement'),(776,2,'{\"room_1\": false, \"room_2\": true, \"room_3\": false, \"room_4\": false}','2019-04-22 17:34:41','movement'),(777,2,'{\"room_1\": true, \"room_2\": true, \"room_3\": true, \"room_4\": false}','2019-04-22 18:04:41','movement'),(778,2,'{\"room_1\": true, \"room_2\": false, \"room_3\": true, \"room_4\": true}','2019-04-22 18:34:41','movement'),(779,2,'{\"room_1\": true, \"room_2\": false, \"room_3\": true, \"room_4\": false}','2019-04-22 19:04:41','movement'),(780,2,'{\"room_1\": false, \"room_2\": false, \"room_3\": false, \"room_4\": true}','2019-04-22 19:34:41','movement'),(781,2,'{\"room_1\": false, \"room_2\": true, \"room_3\": false, \"room_4\": false}','2019-04-22 20:04:41','movement'),(782,2,'{\"room_1\": true, \"room_2\": false, \"room_3\": true, \"room_4\": true}','2019-04-22 20:34:41','movement'),(783,2,'{\"room_1\": true, \"room_2\": true, \"room_3\": true, \"room_4\": true}','2019-04-22 21:04:41','movement'),(784,2,'{\"room_1\": true, \"room_2\": true, \"room_3\": false, \"room_4\": false}','2019-04-22 21:34:41','movement'),(785,2,'{\"room_1\": true, \"room_2\": false, \"room_3\": false, \"room_4\": false}','2019-04-22 22:04:41','movement'),(786,2,'{\"room_1\": false, \"room_2\": true, \"room_3\": true, \"room_4\": false}','2019-04-22 22:34:41','movement'),(787,2,'{\"room_1\": true, \"room_2\": true, \"room_3\": false, \"room_4\": false}','2019-04-22 23:04:41','movement'),(788,2,'{\"room_1\": true, \"room_2\": true, \"room_3\": true, \"room_4\": true}','2019-04-22 23:34:41','movement'),(789,2,'{\"room_1\": true, \"room_2\": true, \"room_3\": false, \"room_4\": true}','2019-04-23 00:04:41','movement'),(790,2,'{\"room_1\": false, \"room_2\": true, \"room_3\": true, \"room_4\": true}','2019-04-23 00:34:41','movement'),(791,2,'{\"room_1\": true, \"room_2\": true, \"room_3\": false, \"room_4\": false}','2019-04-23 01:04:41','movement'),(792,2,'{\"room_1\": true, \"room_2\": false, \"room_3\": false, \"room_4\": true}','2019-04-23 01:34:41','movement'),(793,2,'{\"room_1\": false, \"room_2\": true, \"room_3\": true, \"room_4\": false}','2019-04-23 02:04:41','movement'),(794,2,'{\"room_1\": false, \"room_2\": true, \"room_3\": true, \"room_4\": false}','2019-04-23 02:34:41','movement'),(795,2,'{\"room_1\": false, \"room_2\": false, \"room_3\": false, \"room_4\": true}','2019-04-23 03:04:41','movement'),(796,2,'{\"room_1\": true, \"room_2\": true, \"room_3\": true, \"room_4\": true}','2019-04-23 03:34:41','movement'),(797,2,'{\"room_1\": true, \"room_2\": false, \"room_3\": true, \"room_4\": false}','2019-04-23 04:04:41','movement'),(798,2,'{\"room_1\": true, \"room_2\": true, \"room_3\": true, \"room_4\": false}','2019-04-23 04:34:41','movement'),(799,2,'{\"room_1\": true, \"room_2\": false, \"room_3\": false, \"room_4\": false}','2019-04-23 05:04:41','movement'),(800,2,'{\"room_1\": false, \"room_2\": true, \"room_3\": false, \"room_4\": true}','2019-04-23 05:34:41','movement'),(801,2,'{\"room_1\": false, \"room_2\": true, \"room_3\": false, \"room_4\": false}','2019-04-23 06:04:41','movement'),(802,2,'{\"room_1\": false, \"room_2\": false, \"room_3\": true, \"room_4\": false}','2019-04-23 06:34:41','movement'),(803,2,'{\"room_1\": true, \"room_2\": true, \"room_3\": false, \"room_4\": true}','2019-04-23 07:04:41','movement'),(804,2,'{\"room_1\": true, \"room_2\": false, \"room_3\": true, \"room_4\": false}','2019-04-23 07:34:41','movement'),(805,2,'{\"room_1\": true, \"room_2\": true, \"room_3\": true, \"room_4\": true}','2019-04-23 08:04:41','movement'),(806,2,'{\"room_1\": false, \"room_2\": true, \"room_3\": false, \"room_4\": true}','2019-04-23 08:34:41','movement'),(807,2,'{\"room_1\": true, \"room_2\": true, \"room_3\": false, \"room_4\": true}','2019-04-23 09:04:41','movement'),(808,2,'{\"room_1\": true, \"room_2\": false, \"room_3\": true, \"room_4\": true}','2019-04-23 09:34:41','movement'),(809,2,'{\"room_1\": true, \"room_2\": false, \"room_3\": true, \"room_4\": false}','2019-04-23 10:04:41','movement'),(810,2,'{\"room_1\": true, \"room_2\": true, \"room_3\": true, \"room_4\": true}','2019-04-23 10:34:41','movement'),(811,2,'{\"room_1\": false, \"room_2\": true, \"room_3\": true, \"room_4\": true}','2019-04-23 11:04:41','movement'),(812,2,'{\"room_1\": true, \"room_2\": true, \"room_3\": false, \"room_4\": false}','2019-04-23 11:34:41','movement'),(813,2,'{\"room_1\": true, \"room_2\": false, \"room_3\": true, \"room_4\": false}','2019-04-23 12:04:41','movement'),(814,2,'{\"room_1\": false, \"room_2\": true, \"room_3\": false, \"room_4\": true}','2019-04-23 12:34:41','movement'),(815,2,'{\"room_1\": false, \"room_2\": false, \"room_3\": false, \"room_4\": false}','2019-04-23 13:04:41','movement'),(816,2,'{\"room_1\": true, \"room_2\": true, \"room_3\": true, \"room_4\": true}','2019-04-23 13:34:41','movement'),(817,2,'{\"room_1\": true, \"room_2\": false, \"room_3\": true, \"room_4\": false}','2019-04-23 14:04:41','movement'),(818,2,'{\"room_1\": false, \"room_2\": false, \"room_3\": false, \"room_4\": false}','2019-04-23 14:34:41','movement'),(819,2,'{\"room_1\": false, \"room_2\": true, \"room_3\": false, \"room_4\": false}','2019-04-23 15:04:41','movement'),(820,2,'{\"room_1\": false, \"room_2\": false, \"room_3\": true, \"room_4\": false}','2019-04-23 15:34:41','movement'),(821,2,'{\"room_1\": true, \"room_2\": true, \"room_3\": false, \"room_4\": true}','2019-04-23 16:04:41','movement'),(822,2,'{\"room_1\": true, \"room_2\": true, \"room_3\": true, \"room_4\": false}','2019-04-23 16:34:41','movement'),(823,2,'{\"room_1\": true, \"room_2\": false, \"room_3\": true, \"room_4\": false}','2019-04-23 17:04:41','movement'),(824,2,'{\"room_1\": true, \"room_2\": true, \"room_3\": true, \"room_4\": false}','2019-04-23 17:34:41','movement'),(825,2,'{\"room_1\": true, \"room_2\": false, \"room_3\": true, \"room_4\": false}','2019-04-23 18:04:41','movement'),(826,2,'{\"room_1\": true, \"room_2\": true, \"room_3\": true, \"room_4\": false}','2019-04-23 18:34:41','movement'),(827,2,'{\"room_1\": false, \"room_2\": false, \"room_3\": false, \"room_4\": false}','2019-04-23 19:04:41','movement'),(828,2,'{\"room_1\": false, \"room_2\": true, \"room_3\": false, \"room_4\": true}','2019-04-23 19:34:41','movement'),(829,2,'{\"room_1\": false, \"room_2\": true, \"room_3\": true, \"room_4\": true}','2019-04-23 20:04:41','movement'),(830,2,'{\"room_1\": false, \"room_2\": true, \"room_3\": true, \"room_4\": false}','2019-04-23 20:34:41','movement'),(831,2,'{\"room_1\": true, \"room_2\": true, \"room_3\": false, \"room_4\": false}','2019-04-23 21:04:41','movement'),(832,2,'{\"room_1\": true, \"room_2\": true, \"room_3\": true, \"room_4\": true}','2019-04-23 21:34:41','movement'),(833,2,'{\"room_1\": false, \"room_2\": true, \"room_3\": true, \"room_4\": false}','2019-04-23 22:04:41','movement'),(834,2,'{\"room_1\": true, \"room_2\": false, \"room_3\": false, \"room_4\": true}','2019-04-23 22:34:41','movement'),(835,2,'{\"room_1\": true, \"room_2\": false, \"room_3\": true, \"room_4\": false}','2019-04-23 23:04:41','movement'),(836,2,'{\"room_1\": false, \"room_2\": false, \"room_3\": true, \"room_4\": false}','2019-04-23 23:34:41','movement'),(837,2,'{\"room_1\": false, \"room_2\": false, \"room_3\": true, \"room_4\": false}','2019-04-24 00:04:41','movement'),(838,2,'{\"room_1\": true, \"room_2\": true, \"room_3\": false, \"room_4\": true}','2019-04-24 00:34:41','movement'),(839,2,'{\"room_1\": true, \"room_2\": false, \"room_3\": false, \"room_4\": true}','2019-04-24 01:04:41','movement'),(840,2,'{\"room_1\": false, \"room_2\": true, \"room_3\": false, \"room_4\": true}','2019-04-24 01:34:41','movement'),(841,2,'{\"room_1\": false, \"room_2\": false, \"room_3\": false, \"room_4\": true}','2019-04-24 02:04:41','movement'),(842,2,'{\"room_1\": true, \"room_2\": true, \"room_3\": false, \"room_4\": true}','2019-04-24 02:34:41','movement'),(843,2,'{\"room_1\": true, \"room_2\": false, \"room_3\": true, \"room_4\": true}','2019-04-24 03:04:41','movement'),(844,2,'{\"room_1\": false, \"room_2\": true, \"room_3\": false, \"room_4\": false}','2019-04-24 03:34:41','movement'),(845,2,'{\"room_1\": true, \"room_2\": true, \"room_3\": false, \"room_4\": false}','2019-04-24 04:04:41','movement'),(846,2,'{\"room_1\": false, \"room_2\": false, \"room_3\": false, \"room_4\": true}','2019-04-24 04:34:41','movement'),(847,2,'{\"room_1\": false, \"room_2\": true, \"room_3\": true, \"room_4\": false}','2019-04-24 05:04:41','movement'),(848,2,'{\"room_1\": true, \"room_2\": false, \"room_3\": false, \"room_4\": true}','2019-04-24 05:34:41','movement'),(849,2,'{\"room_1\": true, \"room_2\": false, \"room_3\": false, \"room_4\": true}','2019-04-24 06:04:41','movement'),(850,2,'{\"room_1\": false, \"room_2\": false, \"room_3\": true, \"room_4\": false}','2019-04-24 06:34:41','movement'),(851,2,'{\"room_1\": true, \"room_2\": true, \"room_3\": false, \"room_4\": true}','2019-04-24 07:04:41','movement'),(852,2,'{\"room_1\": true, \"room_2\": true, \"room_3\": false, \"room_4\": true}','2019-04-24 07:34:41','movement'),(853,2,'{\"room_1\": true, \"room_2\": false, \"room_3\": true, \"room_4\": true}','2019-04-24 08:04:41','movement'),(854,2,'{\"room_1\": false, \"room_2\": true, \"room_3\": true, \"room_4\": false}','2019-04-24 08:34:41','movement'),(855,2,'{\"room_1\": false, \"room_2\": false, \"room_3\": false, \"room_4\": true}','2019-04-24 09:04:41','movement'),(856,2,'{\"room_1\": false, \"room_2\": true, \"room_3\": false, \"room_4\": true}','2019-04-24 09:34:41','movement'),(857,2,'{\"room_1\": true, \"room_2\": true, \"room_3\": false, \"room_4\": false}','2019-04-24 10:04:41','movement'),(858,2,'{\"room_1\": false, \"room_2\": false, \"room_3\": false, \"room_4\": false}','2019-04-24 10:34:41','movement'),(859,2,'{\"room_1\": true, \"room_2\": false, \"room_3\": false, \"room_4\": true}','2019-04-24 11:04:41','movement'),(860,2,'{\"room_1\": false, \"room_2\": true, \"room_3\": false, \"room_4\": false}','2019-04-24 11:34:41','movement'),(861,2,'{\"room_1\": true, \"room_2\": false, \"room_3\": false, \"room_4\": true}','2019-04-24 12:04:41','movement'),(862,2,'{\"room_1\": true, \"room_2\": false, \"room_3\": false, \"room_4\": true}','2019-04-24 12:34:41','movement'),(863,2,'{\"room_1\": false, \"room_2\": false, \"room_3\": true, \"room_4\": true}','2019-04-24 13:04:41','movement'),(864,2,'{\"room_1\": false, \"room_2\": false, \"room_3\": true, \"room_4\": true}','2019-04-24 13:34:41','movement'),(865,2,'{\"room_1\": true, \"room_2\": false, \"room_3\": true, \"room_4\": true}','2019-04-24 14:04:41','movement'),(866,2,'{\"room_1\": true, \"room_2\": false, \"room_3\": true, \"room_4\": false}','2019-04-24 14:34:41','movement'),(867,2,'{\"room_1\": false, \"room_2\": false, \"room_3\": true, \"room_4\": false}','2019-04-24 15:04:41','movement'),(868,2,'{\"room_1\": false, \"room_2\": true, \"room_3\": true, \"room_4\": true}','2019-04-24 15:34:41','movement'),(869,2,'{\"room_1\": true, \"room_2\": false, \"room_3\": false, \"room_4\": true}','2019-04-24 16:04:41','movement'),(870,2,'{\"room_1\": true, \"room_2\": true, \"room_3\": true, \"room_4\": false}','2019-04-24 16:34:41','movement'),(871,3,'{\"room_1\": 18.80958411408598, \"room_2\": 25.16311775700732, \"room_3\": 23.90101342920636, \"room_4\": 22.663800929109243}','2019-04-21 16:34:41','temperature'),(872,3,'{\"room_1\": 20.358857440169754, \"room_2\": 22.372164328067484, \"room_3\": 22.842125509073337, \"room_4\": 21.208794311812312}','2019-04-21 17:04:41','temperature'),(873,3,'{\"room_1\": 23.64238725119282, \"room_2\": 21.374070333212313, \"room_3\": 22.90261351973774, \"room_4\": 23.81772651403847}','2019-04-21 17:34:41','temperature'),(874,3,'{\"room_1\": 21.11873366011611, \"room_2\": 18.60451757794022, \"room_3\": 19.07447380361365, \"room_4\": 19.62196551855789}','2019-04-21 18:04:41','temperature'),(875,3,'{\"room_1\": 23.9396702550605, \"room_2\": 25.60315855371077, \"room_3\": 20.78623474746187, \"room_4\": 19.452652300090897}','2019-04-21 18:34:41','temperature'),(876,3,'{\"room_1\": 23.40122227934565, \"room_2\": 25.637148338680408, \"room_3\": 20.64396649329314, \"room_4\": 20.451128898032508}','2019-04-21 19:04:41','temperature'),(877,3,'{\"room_1\": 25.9318246842124, \"room_2\": 23.30846789383947, \"room_3\": 18.727860031232336, \"room_4\": 23.434365497822704}','2019-04-21 19:34:41','temperature'),(878,3,'{\"room_1\": 23.161410621089065, \"room_2\": 20.59691488737227, \"room_3\": 22.363206271810164, \"room_4\": 19.67575262589355}','2019-04-21 20:04:41','temperature'),(879,3,'{\"room_1\": 19.33154533731868, \"room_2\": 25.713821425986488, \"room_3\": 20.056061454079813, \"room_4\": 23.69750417773043}','2019-04-21 20:34:41','temperature'),(880,3,'{\"room_1\": 19.9863756359706, \"room_2\": 22.734834626137022, \"room_3\": 20.914573719551505, \"room_4\": 19.829564615802028}','2019-04-21 21:04:41','temperature'),(881,3,'{\"room_1\": 24.395994239380897, \"room_2\": 21.702672079858004, \"room_3\": 23.603635799336445, \"room_4\": 23.24264756407167}','2019-04-21 21:34:41','temperature'),(882,3,'{\"room_1\": 19.065495651571663, \"room_2\": 18.25590850726509, \"room_3\": 18.6263159915323, \"room_4\": 23.712780393983305}','2019-04-21 22:04:41','temperature'),(883,3,'{\"room_1\": 25.033419801937853, \"room_2\": 18.771758849829645, \"room_3\": 25.178910783660815, \"room_4\": 19.613735553443092}','2019-04-21 22:34:41','temperature'),(884,3,'{\"room_1\": 18.401773226869057, \"room_2\": 21.40791267260014, \"room_3\": 18.349329827735353, \"room_4\": 23.840659764467897}','2019-04-21 23:04:41','temperature'),(885,3,'{\"room_1\": 21.300354733196656, \"room_2\": 18.702821117423376, \"room_3\": 24.035335378044756, \"room_4\": 24.49726280523065}','2019-04-21 23:34:41','temperature'),(886,3,'{\"room_1\": 21.08597690038222, \"room_2\": 18.984115289052667, \"room_3\": 20.31246155191141, \"room_4\": 25.439759983999323}','2019-04-22 00:04:41','temperature'),(887,3,'{\"room_1\": 18.655827955463504, \"room_2\": 23.575480043672332, \"room_3\": 21.54322916116412, \"room_4\": 25.949008712310388}','2019-04-22 00:34:41','temperature'),(888,3,'{\"room_1\": 24.95430250334256, \"room_2\": 20.24250850575246, \"room_3\": 21.018650014541578, \"room_4\": 22.746333579051043}','2019-04-22 01:04:41','temperature'),(889,3,'{\"room_1\": 23.132216856297735, \"room_2\": 21.949817004946393, \"room_3\": 21.456942013374164, \"room_4\": 24.434331796188424}','2019-04-22 01:34:41','temperature'),(890,3,'{\"room_1\": 23.707287946524232, \"room_2\": 23.9430539292901, \"room_3\": 21.83341076156629, \"room_4\": 19.30803448393356}','2019-04-22 02:04:41','temperature'),(891,3,'{\"room_1\": 21.623736119007212, \"room_2\": 24.7795565589359, \"room_3\": 18.32888856244257, \"room_4\": 19.37923154640523}','2019-04-22 02:34:41','temperature'),(892,3,'{\"room_1\": 24.127363797124904, \"room_2\": 20.596115864878715, \"room_3\": 21.14516645795573, \"room_4\": 22.78591771729105}','2019-04-22 03:04:41','temperature'),(893,3,'{\"room_1\": 24.92812696188677, \"room_2\": 22.84391060084836, \"room_3\": 23.604161288468333, \"room_4\": 24.87579706717237}','2019-04-22 03:34:41','temperature'),(894,3,'{\"room_1\": 20.51930817127432, \"room_2\": 18.03086500824007, \"room_3\": 22.356113557377704, \"room_4\": 24.240562237928188}','2019-04-22 04:04:41','temperature'),(895,3,'{\"room_1\": 21.681081047542, \"room_2\": 21.548483977573156, \"room_3\": 19.114189872713084, \"room_4\": 23.00349824115197}','2019-04-22 04:34:41','temperature'),(896,3,'{\"room_1\": 24.74573076164581, \"room_2\": 25.986964246619713, \"room_3\": 21.609390939711155, \"room_4\": 25.712489575716397}','2019-04-22 05:04:41','temperature'),(897,3,'{\"room_1\": 19.548063463049477, \"room_2\": 18.62921677790679, \"room_3\": 25.47458796780497, \"room_4\": 18.82641099239921}','2019-04-22 05:34:41','temperature'),(898,3,'{\"room_1\": 18.71971707156337, \"room_2\": 24.814967973316843, \"room_3\": 19.991101765400884, \"room_4\": 25.461850107916153}','2019-04-22 06:04:41','temperature'),(899,3,'{\"room_1\": 25.681721414971403, \"room_2\": 19.514006294495623, \"room_3\": 18.90270911068491, \"room_4\": 21.87178105924049}','2019-04-22 06:34:41','temperature'),(900,3,'{\"room_1\": 18.84992350493097, \"room_2\": 18.74267477933782, \"room_3\": 25.749848344245205, \"room_4\": 20.21706919497809}','2019-04-22 07:04:41','temperature'),(901,3,'{\"room_1\": 23.633569154786738, \"room_2\": 21.380679116212413, \"room_3\": 25.68027756805207, \"room_4\": 23.84317561665422}','2019-04-22 07:34:41','temperature'),(902,3,'{\"room_1\": 20.745148608850624, \"room_2\": 22.21106567419375, \"room_3\": 22.52002677094137, \"room_4\": 18.539006235678936}','2019-04-22 08:04:41','temperature'),(903,3,'{\"room_1\": 18.517476628931824, \"room_2\": 18.01156426383541, \"room_3\": 23.59787677941305, \"room_4\": 18.748196324121473}','2019-04-22 08:34:41','temperature'),(904,3,'{\"room_1\": 18.20570527285005, \"room_2\": 19.422266707604116, \"room_3\": 23.502726159882076, \"room_4\": 23.802061839439254}','2019-04-22 09:04:41','temperature'),(905,3,'{\"room_1\": 25.22927058492926, \"room_2\": 23.15667481693216, \"room_3\": 23.473752921091844, \"room_4\": 22.641538016792232}','2019-04-22 09:34:41','temperature'),(906,3,'{\"room_1\": 21.1051793254049, \"room_2\": 23.307620934185124, \"room_3\": 21.9783093809182, \"room_4\": 23.46522536918608}','2019-04-22 10:04:41','temperature'),(907,3,'{\"room_1\": 22.496209493865045, \"room_2\": 23.02842354028632, \"room_3\": 20.964224539906027, \"room_4\": 20.523596367842753}','2019-04-22 10:34:41','temperature'),(908,3,'{\"room_1\": 25.519103924744822, \"room_2\": 21.718368600567572, \"room_3\": 21.73722555410812, \"room_4\": 22.265341306224773}','2019-04-22 11:04:41','temperature'),(909,3,'{\"room_1\": 24.81324680169389, \"room_2\": 20.397523862271058, \"room_3\": 20.074506581161813, \"room_4\": 20.339309834435944}','2019-04-22 11:34:41','temperature'),(910,3,'{\"room_1\": 24.309154254115107, \"room_2\": 19.18538749596043, \"room_3\": 21.55835645305413, \"room_4\": 20.34791471011438}','2019-04-22 12:04:41','temperature'),(911,3,'{\"room_1\": 21.334588587528273, \"room_2\": 22.379876555927865, \"room_3\": 18.621030727886943, \"room_4\": 21.217579717632397}','2019-04-22 12:34:41','temperature'),(912,3,'{\"room_1\": 23.974459233565607, \"room_2\": 23.316383029972503, \"room_3\": 19.001663616536337, \"room_4\": 21.40073208556352}','2019-04-22 13:04:41','temperature'),(913,3,'{\"room_1\": 21.600400612553415, \"room_2\": 20.81310348991918, \"room_3\": 22.029400651710887, \"room_4\": 18.45154484238777}','2019-04-22 13:34:41','temperature'),(914,3,'{\"room_1\": 23.097050704713656, \"room_2\": 20.643682247951503, \"room_3\": 24.11798413499006, \"room_4\": 22.811060246271374}','2019-04-22 14:04:41','temperature'),(915,3,'{\"room_1\": 25.662997363315284, \"room_2\": 25.18095820214011, \"room_3\": 21.47463366859486, \"room_4\": 23.656444150061652}','2019-04-22 14:34:41','temperature'),(916,3,'{\"room_1\": 25.041000007556665, \"room_2\": 25.630269243641095, \"room_3\": 22.26981311751597, \"room_4\": 21.079299037333968}','2019-04-22 15:04:41','temperature'),(917,3,'{\"room_1\": 25.085556972448384, \"room_2\": 25.549618092860143, \"room_3\": 23.631853219896858, \"room_4\": 25.371837790005863}','2019-04-22 15:34:41','temperature'),(918,3,'{\"room_1\": 24.991805172759452, \"room_2\": 19.471637475342444, \"room_3\": 23.434721570453597, \"room_4\": 19.490424800135468}','2019-04-22 16:04:41','temperature'),(919,3,'{\"room_1\": 22.978813038622786, \"room_2\": 24.114921018185427, \"room_3\": 24.33529934828895, \"room_4\": 22.159393792514983}','2019-04-22 16:34:41','temperature'),(920,3,'{\"room_1\": 21.915101761753697, \"room_2\": 18.953145818606025, \"room_3\": 25.9559043433156, \"room_4\": 19.820759424197856}','2019-04-22 17:04:41','temperature'),(921,3,'{\"room_1\": 23.21582740546955, \"room_2\": 20.631833939863828, \"room_3\": 21.508889422343287, \"room_4\": 18.532667065686837}','2019-04-22 17:34:41','temperature'),(922,3,'{\"room_1\": 25.617884929536125, \"room_2\": 18.25808785233063, \"room_3\": 20.20174427012593, \"room_4\": 24.40620997428084}','2019-04-22 18:04:41','temperature'),(923,3,'{\"room_1\": 18.416853922613413, \"room_2\": 21.393140929343225, \"room_3\": 21.56890849768271, \"room_4\": 19.40508146590763}','2019-04-22 18:34:41','temperature'),(924,3,'{\"room_1\": 22.817789676656115, \"room_2\": 25.991755662563428, \"room_3\": 23.975988025816154, \"room_4\": 22.49776143772304}','2019-04-22 19:04:41','temperature'),(925,3,'{\"room_1\": 18.32914713927135, \"room_2\": 22.379188641464353, \"room_3\": 18.139285585969255, \"room_4\": 24.97577814177373}','2019-04-22 19:34:41','temperature'),(926,3,'{\"room_1\": 19.164768396790127, \"room_2\": 21.835009297683676, \"room_3\": 21.72103392184732, \"room_4\": 18.00006106716488}','2019-04-22 20:04:41','temperature'),(927,3,'{\"room_1\": 18.018024000877286, \"room_2\": 21.81343034062563, \"room_3\": 21.063022763057063, \"room_4\": 20.73330456954575}','2019-04-22 20:34:41','temperature'),(928,3,'{\"room_1\": 18.746096276741103, \"room_2\": 19.94221828136142, \"room_3\": 20.8355676719328, \"room_4\": 20.345946347643675}','2019-04-22 21:04:41','temperature'),(929,3,'{\"room_1\": 23.51017739005456, \"room_2\": 19.96466913094009, \"room_3\": 23.44820252108684, \"room_4\": 24.89989919369079}','2019-04-22 21:34:41','temperature'),(930,3,'{\"room_1\": 24.140375800467957, \"room_2\": 23.93147011410344, \"room_3\": 18.904383076222544, \"room_4\": 24.69715638017947}','2019-04-22 22:04:41','temperature'),(931,3,'{\"room_1\": 23.97000613680993, \"room_2\": 25.97925906890962, \"room_3\": 25.217864374980977, \"room_4\": 22.816253153173797}','2019-04-22 22:34:41','temperature'),(932,3,'{\"room_1\": 20.55317507963662, \"room_2\": 21.53927492187872, \"room_3\": 24.1417519267418, \"room_4\": 23.5726152773198}','2019-04-22 23:04:41','temperature'),(933,3,'{\"room_1\": 25.340843187242623, \"room_2\": 24.641920389397633, \"room_3\": 20.52990671185956, \"room_4\": 19.901971589514165}','2019-04-22 23:34:41','temperature'),(934,3,'{\"room_1\": 24.197609574626092, \"room_2\": 22.32030964970428, \"room_3\": 24.5252923424136, \"room_4\": 22.468743524633354}','2019-04-23 00:04:41','temperature'),(935,3,'{\"room_1\": 24.506643354291636, \"room_2\": 24.743730934852135, \"room_3\": 20.71857948840385, \"room_4\": 20.72077355399422}','2019-04-23 00:34:41','temperature'),(936,3,'{\"room_1\": 21.26603081554027, \"room_2\": 25.531263477904822, \"room_3\": 24.874748756189064, \"room_4\": 18.73549095539926}','2019-04-23 01:04:41','temperature'),(937,3,'{\"room_1\": 18.43374280744023, \"room_2\": 23.317951391034025, \"room_3\": 22.09697215616745, \"room_4\": 23.21947879830911}','2019-04-23 01:34:41','temperature'),(938,3,'{\"room_1\": 18.101963897286694, \"room_2\": 22.45055468491343, \"room_3\": 22.472973808493855, \"room_4\": 24.729466719766982}','2019-04-23 02:04:41','temperature'),(939,3,'{\"room_1\": 24.669264376167064, \"room_2\": 25.607555596932677, \"room_3\": 22.91995096365439, \"room_4\": 23.42534826325468}','2019-04-23 02:34:41','temperature'),(940,3,'{\"room_1\": 18.19303338183984, \"room_2\": 21.52965150511013, \"room_3\": 25.343928817043818, \"room_4\": 20.63215765665764}','2019-04-23 03:04:41','temperature'),(941,3,'{\"room_1\": 18.569018353283617, \"room_2\": 19.024066582780296, \"room_3\": 22.885591014847677, \"room_4\": 24.76672017914094}','2019-04-23 03:34:41','temperature'),(942,3,'{\"room_1\": 20.282116910614043, \"room_2\": 23.44520220578776, \"room_3\": 20.25916376138599, \"room_4\": 22.29839185678293}','2019-04-23 04:04:41','temperature'),(943,3,'{\"room_1\": 25.930466787911783, \"room_2\": 25.131677202100427, \"room_3\": 19.97937475050303, \"room_4\": 22.58915258748398}','2019-04-23 04:34:41','temperature'),(944,3,'{\"room_1\": 22.62435410724619, \"room_2\": 24.606461828691828, \"room_3\": 25.22993531244761, \"room_4\": 22.706870589508217}','2019-04-23 05:04:41','temperature'),(945,3,'{\"room_1\": 18.402445440508117, \"room_2\": 24.17195587670613, \"room_3\": 23.772354104736017, \"room_4\": 23.854505216546382}','2019-04-23 05:34:41','temperature'),(946,3,'{\"room_1\": 18.170206936111754, \"room_2\": 20.292668332091015, \"room_3\": 20.53883342567765, \"room_4\": 21.93744286379056}','2019-04-23 06:04:41','temperature'),(947,3,'{\"room_1\": 25.302071801834003, \"room_2\": 18.75859205603372, \"room_3\": 18.527068923823578, \"room_4\": 23.74782584749035}','2019-04-23 06:34:41','temperature'),(948,3,'{\"room_1\": 18.39258519482609, \"room_2\": 21.275524116018182, \"room_3\": 18.246466315684764, \"room_4\": 24.971144452893675}','2019-04-23 07:04:41','temperature'),(949,3,'{\"room_1\": 23.57580010024624, \"room_2\": 22.32062784386801, \"room_3\": 18.56182547019155, \"room_4\": 21.048015861065185}','2019-04-23 07:34:41','temperature'),(950,3,'{\"room_1\": 18.221586016586123, \"room_2\": 20.62665774747895, \"room_3\": 19.46473633561842, \"room_4\": 25.85138642212833}','2019-04-23 08:04:41','temperature'),(951,3,'{\"room_1\": 25.737397946497573, \"room_2\": 24.557052796098517, \"room_3\": 24.64286997027031, \"room_4\": 24.03827356428705}','2019-04-23 08:34:41','temperature'),(952,3,'{\"room_1\": 20.402077783598635, \"room_2\": 19.89294975356581, \"room_3\": 25.07494547921323, \"room_4\": 23.90014275545554}','2019-04-23 09:04:41','temperature'),(953,3,'{\"room_1\": 24.100872132652164, \"room_2\": 25.96608067663348, \"room_3\": 19.937618282203125, \"room_4\": 19.227439025035267}','2019-04-23 09:34:41','temperature'),(954,3,'{\"room_1\": 22.890543654563487, \"room_2\": 25.544635075198904, \"room_3\": 24.346731569487595, \"room_4\": 24.29180150430641}','2019-04-23 10:04:41','temperature'),(955,3,'{\"room_1\": 20.933917639556135, \"room_2\": 20.94289325197027, \"room_3\": 21.693237590166152, \"room_4\": 18.478021603642233}','2019-04-23 10:34:41','temperature'),(956,3,'{\"room_1\": 23.978787282087083, \"room_2\": 25.000286409280207, \"room_3\": 24.90190627363574, \"room_4\": 22.805320853302167}','2019-04-23 11:04:41','temperature'),(957,3,'{\"room_1\": 23.96127416612993, \"room_2\": 23.91189280416597, \"room_3\": 25.282399268724177, \"room_4\": 23.19961688858472}','2019-04-23 11:34:41','temperature'),(958,3,'{\"room_1\": 18.025828577119732, \"room_2\": 20.598981881880555, \"room_3\": 19.119675562078925, \"room_4\": 22.78198985379906}','2019-04-23 12:04:41','temperature'),(959,3,'{\"room_1\": 20.430415960319294, \"room_2\": 22.246143408076406, \"room_3\": 18.36250046828412, \"room_4\": 19.981209055504237}','2019-04-23 12:34:41','temperature'),(960,3,'{\"room_1\": 23.998583236971243, \"room_2\": 18.90182530439398, \"room_3\": 19.619084277275732, \"room_4\": 23.474623183926667}','2019-04-23 13:04:41','temperature'),(961,3,'{\"room_1\": 25.501239344700465, \"room_2\": 23.730348137465302, \"room_3\": 24.7778167087914, \"room_4\": 19.814082250689676}','2019-04-23 13:34:41','temperature'),(962,3,'{\"room_1\": 21.424864946717335, \"room_2\": 21.666457565524027, \"room_3\": 25.07473966753986, \"room_4\": 19.604762748511103}','2019-04-23 14:04:41','temperature'),(963,3,'{\"room_1\": 20.280139946678577, \"room_2\": 18.0937010277824, \"room_3\": 23.38109689622422, \"room_4\": 18.635751043845076}','2019-04-23 14:34:41','temperature'),(964,3,'{\"room_1\": 21.16919318088244, \"room_2\": 18.100568356391054, \"room_3\": 22.918855655204815, \"room_4\": 24.004290220553465}','2019-04-23 15:04:41','temperature'),(965,3,'{\"room_1\": 22.07261193837323, \"room_2\": 25.87262320372869, \"room_3\": 25.242692547711727, \"room_4\": 18.52225983873304}','2019-04-23 15:34:41','temperature'),(966,3,'{\"room_1\": 22.96971178703175, \"room_2\": 23.780193894081073, \"room_3\": 25.414327363065308, \"room_4\": 18.456129451707422}','2019-04-23 16:04:41','temperature'),(967,3,'{\"room_1\": 24.026938785622868, \"room_2\": 18.83673151777045, \"room_3\": 18.477987006937884, \"room_4\": 23.628428202740075}','2019-04-23 16:34:41','temperature'),(968,3,'{\"room_1\": 23.72686904634249, \"room_2\": 25.89850713051024, \"room_3\": 20.909575380971503, \"room_4\": 24.94721653020825}','2019-04-23 17:04:41','temperature'),(969,3,'{\"room_1\": 18.90148700645927, \"room_2\": 23.65926221059656, \"room_3\": 19.531381092296183, \"room_4\": 21.816791513623897}','2019-04-23 17:34:41','temperature'),(970,3,'{\"room_1\": 21.015711398236817, \"room_2\": 24.206687808859336, \"room_3\": 24.84907479434714, \"room_4\": 19.27718704992352}','2019-04-23 18:04:41','temperature'),(971,3,'{\"room_1\": 22.556551385547223, \"room_2\": 18.23702395730236, \"room_3\": 18.56422004723359, \"room_4\": 18.725808223654106}','2019-04-23 18:34:41','temperature'),(972,3,'{\"room_1\": 18.08022021019436, \"room_2\": 19.27996135175034, \"room_3\": 20.14239464623775, \"room_4\": 21.001923803779615}','2019-04-23 19:04:41','temperature'),(973,3,'{\"room_1\": 24.93587228701314, \"room_2\": 19.4420414434196, \"room_3\": 22.06636543272007, \"room_4\": 18.530127785631144}','2019-04-23 19:34:41','temperature'),(974,3,'{\"room_1\": 24.76489231667062, \"room_2\": 22.513448494361395, \"room_3\": 19.46676578225536, \"room_4\": 25.65142156528225}','2019-04-23 20:04:41','temperature'),(975,3,'{\"room_1\": 25.435609465708325, \"room_2\": 24.501215950508765, \"room_3\": 21.09148072573353, \"room_4\": 20.40198734714704}','2019-04-23 20:34:41','temperature'),(976,3,'{\"room_1\": 23.16670868907292, \"room_2\": 21.752522122949006, \"room_3\": 19.90717093341244, \"room_4\": 18.263859994562857}','2019-04-23 21:04:41','temperature'),(977,3,'{\"room_1\": 19.557277370965014, \"room_2\": 23.84218844584509, \"room_3\": 20.19291574403384, \"room_4\": 25.51789574437321}','2019-04-23 21:34:41','temperature'),(978,3,'{\"room_1\": 23.896291752943014, \"room_2\": 23.308852300168056, \"room_3\": 19.59665425571532, \"room_4\": 23.9679930942034}','2019-04-23 22:04:41','temperature'),(979,3,'{\"room_1\": 21.66211991186102, \"room_2\": 21.416933282188253, \"room_3\": 19.28247137783222, \"room_4\": 19.762829316209256}','2019-04-23 22:34:41','temperature'),(980,3,'{\"room_1\": 22.38081025706026, \"room_2\": 22.12555377534387, \"room_3\": 18.202557507015413, \"room_4\": 20.76325629004597}','2019-04-23 23:04:41','temperature'),(981,3,'{\"room_1\": 23.15518219819664, \"room_2\": 22.95271678804962, \"room_3\": 25.555068104346464, \"room_4\": 18.316805306722912}','2019-04-23 23:34:41','temperature'),(982,3,'{\"room_1\": 19.7214277706657, \"room_2\": 18.094539424970748, \"room_3\": 21.781349504380813, \"room_4\": 20.642582005583023}','2019-04-24 00:04:41','temperature'),(983,3,'{\"room_1\": 24.409891061768185, \"room_2\": 24.6724647051211, \"room_3\": 24.779148865333077, \"room_4\": 19.418010853810063}','2019-04-24 00:34:41','temperature'),(984,3,'{\"room_1\": 20.438356326843653, \"room_2\": 21.177380310738343, \"room_3\": 21.68398702491701, \"room_4\": 20.59995915025576}','2019-04-24 01:04:41','temperature'),(985,3,'{\"room_1\": 24.627998539624613, \"room_2\": 19.140981584727797, \"room_3\": 22.959441370218578, \"room_4\": 19.070209128881928}','2019-04-24 01:34:41','temperature'),(986,3,'{\"room_1\": 25.251812331342187, \"room_2\": 22.13886191517116, \"room_3\": 20.01501406349867, \"room_4\": 19.724562210388644}','2019-04-24 02:04:41','temperature'),(987,3,'{\"room_1\": 19.980858070874177, \"room_2\": 23.42275775246515, \"room_3\": 18.83089604601904, \"room_4\": 24.884257684349997}','2019-04-24 02:34:41','temperature'),(988,3,'{\"room_1\": 24.693496263782208, \"room_2\": 19.571399341616313, \"room_3\": 23.70672943565463, \"room_4\": 25.94636102418504}','2019-04-24 03:04:41','temperature'),(989,3,'{\"room_1\": 19.214559657522845, \"room_2\": 20.3779302937235, \"room_3\": 21.753584208772555, \"room_4\": 23.48762084946879}','2019-04-24 03:34:41','temperature'),(990,3,'{\"room_1\": 19.199576209092967, \"room_2\": 25.682357121251705, \"room_3\": 25.809596630467865, \"room_4\": 25.244097589954592}','2019-04-24 04:04:41','temperature'),(991,3,'{\"room_1\": 25.25807556978191, \"room_2\": 24.258647224780532, \"room_3\": 23.439906281501052, \"room_4\": 19.305836860359804}','2019-04-24 04:34:41','temperature'),(992,3,'{\"room_1\": 24.492653885782104, \"room_2\": 22.09925734974788, \"room_3\": 20.571221720375895, \"room_4\": 24.551652916552072}','2019-04-24 05:04:41','temperature'),(993,3,'{\"room_1\": 22.174540073611364, \"room_2\": 21.27947570293335, \"room_3\": 18.51635387963119, \"room_4\": 25.367185308793417}','2019-04-24 05:34:41','temperature'),(994,3,'{\"room_1\": 24.871733667010865, \"room_2\": 20.373742951651337, \"room_3\": 19.61632321032564, \"room_4\": 24.982973074451294}','2019-04-24 06:04:41','temperature'),(995,3,'{\"room_1\": 21.70857781133465, \"room_2\": 21.98951259541604, \"room_3\": 25.619663335243743, \"room_4\": 19.168809190839784}','2019-04-24 06:34:41','temperature'),(996,3,'{\"room_1\": 23.50154442124648, \"room_2\": 20.796809257540332, \"room_3\": 24.43496385049777, \"room_4\": 18.04817909223645}','2019-04-24 07:04:41','temperature'),(997,3,'{\"room_1\": 22.301409392034643, \"room_2\": 25.74162061747763, \"room_3\": 19.550315161719816, \"room_4\": 24.521888552313563}','2019-04-24 07:34:41','temperature'),(998,3,'{\"room_1\": 21.474317852902104, \"room_2\": 18.00079691769608, \"room_3\": 18.68999526056338, \"room_4\": 24.14257734155355}','2019-04-24 08:04:41','temperature'),(999,3,'{\"room_1\": 18.25793764346438, \"room_2\": 18.66967408931034, \"room_3\": 21.66901262700708, \"room_4\": 24.16758240419579}','2019-04-24 08:34:41','temperature'),(1000,3,'{\"room_1\": 18.647710562783782, \"room_2\": 21.59982645961984, \"room_3\": 19.473329615207184, \"room_4\": 22.698576466950684}','2019-04-24 09:04:41','temperature'),(1001,3,'{\"room_1\": 25.727044142633343, \"room_2\": 19.53287605766368, \"room_3\": 18.37456087780953, \"room_4\": 24.72659204933665}','2019-04-24 09:34:41','temperature'),(1002,3,'{\"room_1\": 19.61410000454567, \"room_2\": 24.806375987203904, \"room_3\": 24.319573484430023, \"room_4\": 24.17631163229744}','2019-04-24 10:04:41','temperature'),(1003,3,'{\"room_1\": 20.01248769768651, \"room_2\": 19.77016331095934, \"room_3\": 22.346109913957, \"room_4\": 24.39724119918869}','2019-04-24 10:34:41','temperature'),(1004,3,'{\"room_1\": 22.188111584483934, \"room_2\": 21.48431139196091, \"room_3\": 23.275079481356983, \"room_4\": 25.57272458935387}','2019-04-24 11:04:41','temperature'),(1005,3,'{\"room_1\": 18.243462777661172, \"room_2\": 19.457148633163374, \"room_3\": 24.937796307559836, \"room_4\": 20.423010434496305}','2019-04-24 11:34:41','temperature'),(1006,3,'{\"room_1\": 24.390517319899395, \"room_2\": 23.78577061398724, \"room_3\": 20.57494412151473, \"room_4\": 19.25604967448529}','2019-04-24 12:04:41','temperature'),(1007,3,'{\"room_1\": 24.647722224557818, \"room_2\": 21.06191317688117, \"room_3\": 22.647717453563068, \"room_4\": 24.7829347688011}','2019-04-24 12:34:41','temperature'),(1008,3,'{\"room_1\": 23.617559860863835, \"room_2\": 20.03933444121362, \"room_3\": 20.552440314011175, \"room_4\": 25.300347315823853}','2019-04-24 13:04:41','temperature'),(1009,3,'{\"room_1\": 20.845971346609986, \"room_2\": 22.13924211075767, \"room_3\": 20.230625058725387, \"room_4\": 20.13641404410368}','2019-04-24 13:34:41','temperature'),(1010,3,'{\"room_1\": 19.437558948261433, \"room_2\": 18.703122838862463, \"room_3\": 19.275781391035657, \"room_4\": 25.502056713088635}','2019-04-24 14:04:41','temperature'),(1011,3,'{\"room_1\": 18.99321905692001, \"room_2\": 19.78139373158419, \"room_3\": 18.650151341383655, \"room_4\": 20.83662845090729}','2019-04-24 14:34:41','temperature'),(1012,3,'{\"room_1\": 25.25244154026876, \"room_2\": 20.300417280093217, \"room_3\": 22.071107281412296, \"room_4\": 19.18599136828295}','2019-04-24 15:04:41','temperature'),(1013,3,'{\"room_1\": 18.494032308095655, \"room_2\": 25.321616190686548, \"room_3\": 18.080323265283305, \"room_4\": 25.477588831109117}','2019-04-24 15:34:41','temperature'),(1014,3,'{\"room_1\": 23.741592708410565, \"room_2\": 22.16454192693212, \"room_3\": 23.857985409790174, \"room_4\": 22.49210655879283}','2019-04-24 16:04:41','temperature'),(1015,3,'{\"room_1\": 19.914509256965975, \"room_2\": 23.930958700225084, \"room_3\": 24.16074298688716, \"room_4\": 18.785416081969434}','2019-04-24 16:34:41','temperature'),(1016,3,'{\"room_1\": 62.46372991986507, \"room_2\": 55.926120424957986, \"room_3\": 67.10437882084403, \"room_4\": 90.60606188186266}','2019-04-21 16:34:41','humidity'),(1017,3,'{\"room_1\": 92.9745469593777, \"room_2\": 67.14547553745902, \"room_3\": 76.99867741758267, \"room_4\": 58.74617746163255}','2019-04-21 17:04:41','humidity'),(1018,3,'{\"room_1\": 82.21696831764099, \"room_2\": 95.17164136809018, \"room_3\": 61.78709447114615, \"room_4\": 59.844533322335145}','2019-04-21 17:34:41','humidity'),(1019,3,'{\"room_1\": 94.65147458126364, \"room_2\": 66.13929242333604, \"room_3\": 55.18640457862262, \"room_4\": 87.44559550115335}','2019-04-21 18:04:41','humidity'),(1020,3,'{\"room_1\": 53.30256827907701, \"room_2\": 95.35762186498818, \"room_3\": 75.07758536500035, \"room_4\": 57.87587610100431}','2019-04-21 18:34:41','humidity'),(1021,3,'{\"room_1\": 46.54909152103649, \"room_2\": 82.77216328986209, \"room_3\": 76.07742074945665, \"room_4\": 56.186463736487}','2019-04-21 19:04:41','humidity'),(1022,3,'{\"room_1\": 51.72952539177528, \"room_2\": 51.433214560172885, \"room_3\": 92.97495918166052, \"room_4\": 79.21629931606807}','2019-04-21 19:34:41','humidity'),(1023,3,'{\"room_1\": 63.46401891143353, \"room_2\": 79.05618085646975, \"room_3\": 79.72212328056949, \"room_4\": 78.8475249420778}','2019-04-21 20:04:41','humidity'),(1024,3,'{\"room_1\": 55.751448715568664, \"room_2\": 81.37410757259072, \"room_3\": 63.37254075443866, \"room_4\": 42.23372831652752}','2019-04-21 20:34:41','humidity'),(1025,3,'{\"room_1\": 84.10293991679163, \"room_2\": 91.06199511346176, \"room_3\": 41.81332561638927, \"room_4\": 88.81322409133153}','2019-04-21 21:04:41','humidity'),(1026,3,'{\"room_1\": 62.06963458115966, \"room_2\": 66.38312801487447, \"room_3\": 68.05321255236716, \"room_4\": 71.29732796980873}','2019-04-21 21:34:41','humidity'),(1027,3,'{\"room_1\": 50.803243095895056, \"room_2\": 72.86055715042755, \"room_3\": 48.42394773350144, \"room_4\": 66.78678450178516}','2019-04-21 22:04:41','humidity'),(1028,3,'{\"room_1\": 51.548248259647046, \"room_2\": 98.97901726455493, \"room_3\": 55.88676394449879, \"room_4\": 91.72521306882436}','2019-04-21 22:34:41','humidity'),(1029,3,'{\"room_1\": 89.44462563860728, \"room_2\": 68.9483915308331, \"room_3\": 74.41893693544154, \"room_4\": 71.90259769392868}','2019-04-21 23:04:41','humidity'),(1030,3,'{\"room_1\": 48.16338367744024, \"room_2\": 88.9165439156275, \"room_3\": 52.12625607057859, \"room_4\": 57.28847431498361}','2019-04-21 23:34:41','humidity'),(1031,3,'{\"room_1\": 53.87298108677206, \"room_2\": 65.7038486988638, \"room_3\": 55.616064688655555, \"room_4\": 50.656864575584095}','2019-04-22 00:04:41','humidity'),(1032,3,'{\"room_1\": 59.468199255254746, \"room_2\": 43.259455107197546, \"room_3\": 83.1932131733622, \"room_4\": 97.1858300229782}','2019-04-22 00:34:41','humidity'),(1033,3,'{\"room_1\": 90.55929936749844, \"room_2\": 55.19766068925449, \"room_3\": 50.29200593872886, \"room_4\": 78.85230696792397}','2019-04-22 01:04:41','humidity'),(1034,3,'{\"room_1\": 70.64669826466452, \"room_2\": 98.67271346008728, \"room_3\": 63.22091281590152, \"room_4\": 42.093454370917215}','2019-04-22 01:34:41','humidity'),(1035,3,'{\"room_1\": 63.37168736145202, \"room_2\": 44.361517083889495, \"room_3\": 73.45129572353932, \"room_4\": 51.725090393269426}','2019-04-22 02:04:41','humidity'),(1036,3,'{\"room_1\": 65.15143057251359, \"room_2\": 42.52639995695803, \"room_3\": 76.38044564856335, \"room_4\": 98.42969362079106}','2019-04-22 02:34:41','humidity'),(1037,3,'{\"room_1\": 91.97342503065158, \"room_2\": 58.616523143711376, \"room_3\": 55.36152113290437, \"room_4\": 72.66551432284739}','2019-04-22 03:04:41','humidity'),(1038,3,'{\"room_1\": 62.83155558468571, \"room_2\": 99.04504843240824, \"room_3\": 46.30258692384042, \"room_4\": 77.59916660516615}','2019-04-22 03:34:41','humidity'),(1039,3,'{\"room_1\": 92.4012865651318, \"room_2\": 65.6928449468502, \"room_3\": 81.23819815514878, \"room_4\": 55.21320978453964}','2019-04-22 04:04:41','humidity'),(1040,3,'{\"room_1\": 82.28252404914733, \"room_2\": 98.80403902442376, \"room_3\": 67.20401391655201, \"room_4\": 91.2772659701318}','2019-04-22 04:34:41','humidity'),(1041,3,'{\"room_1\": 73.6014670645089, \"room_2\": 66.06092035928704, \"room_3\": 92.6963020388557, \"room_4\": 41.3597061842363}','2019-04-22 05:04:41','humidity'),(1042,3,'{\"room_1\": 82.22038355312549, \"room_2\": 97.95259640721804, \"room_3\": 63.21635625973141, \"room_4\": 95.41188832979144}','2019-04-22 05:34:41','humidity'),(1043,3,'{\"room_1\": 43.56129754747121, \"room_2\": 47.06043249266189, \"room_3\": 61.87785399774394, \"room_4\": 80.97979283416609}','2019-04-22 06:04:41','humidity'),(1044,3,'{\"room_1\": 55.055445972491654, \"room_2\": 59.24160756817857, \"room_3\": 52.365020019826304, \"room_4\": 67.4241337934638}','2019-04-22 06:34:41','humidity'),(1045,3,'{\"room_1\": 59.1474233827136, \"room_2\": 85.09960195334506, \"room_3\": 93.40826424856536, \"room_4\": 41.46347670873132}','2019-04-22 07:04:41','humidity'),(1046,3,'{\"room_1\": 57.76248825365073, \"room_2\": 61.70412644395879, \"room_3\": 42.88829545774681, \"room_4\": 45.05006972727029}','2019-04-22 07:34:41','humidity'),(1047,3,'{\"room_1\": 51.324287464068405, \"room_2\": 78.76285264469527, \"room_3\": 53.32048800238718, \"room_4\": 95.36799812806238}','2019-04-22 08:04:41','humidity'),(1048,3,'{\"room_1\": 50.52067893716547, \"room_2\": 41.28969084074384, \"room_3\": 67.22274324732518, \"room_4\": 46.23590908990534}','2019-04-22 08:34:41','humidity'),(1049,3,'{\"room_1\": 40.82934890271182, \"room_2\": 59.36483078302888, \"room_3\": 96.5256926080898, \"room_4\": 83.50361909970228}','2019-04-22 09:04:41','humidity'),(1050,3,'{\"room_1\": 82.81000787651087, \"room_2\": 66.6706663544416, \"room_3\": 73.00599873705369, \"room_4\": 56.32170493109424}','2019-04-22 09:34:41','humidity'),(1051,3,'{\"room_1\": 63.38760154600251, \"room_2\": 42.241267723926214, \"room_3\": 71.26761824113667, \"room_4\": 61.7830420273776}','2019-04-22 10:04:41','humidity'),(1052,3,'{\"room_1\": 52.33161953431882, \"room_2\": 41.766122407223605, \"room_3\": 43.53547859368519, \"room_4\": 48.89995492572536}','2019-04-22 10:34:41','humidity'),(1053,3,'{\"room_1\": 73.40888370127797, \"room_2\": 61.75106218919515, \"room_3\": 96.06540417730535, \"room_4\": 54.27027628137566}','2019-04-22 11:04:41','humidity'),(1054,3,'{\"room_1\": 88.81909738603892, \"room_2\": 40.856879447096986, \"room_3\": 70.84016576986795, \"room_4\": 43.558436037915875}','2019-04-22 11:34:41','humidity'),(1055,3,'{\"room_1\": 54.54428878638936, \"room_2\": 45.041540185940306, \"room_3\": 90.90240496054088, \"room_4\": 51.57476484602115}','2019-04-22 12:04:41','humidity'),(1056,3,'{\"room_1\": 51.74988172953452, \"room_2\": 66.12315962316258, \"room_3\": 50.718836240378415, \"room_4\": 91.36402268716424}','2019-04-22 12:34:41','humidity'),(1057,3,'{\"room_1\": 41.90259751110497, \"room_2\": 88.73551181640595, \"room_3\": 99.11423631792962, \"room_4\": 53.77403702656406}','2019-04-22 13:04:41','humidity'),(1058,3,'{\"room_1\": 56.19266043438354, \"room_2\": 48.70261250335044, \"room_3\": 75.54443930550728, \"room_4\": 42.577500738252986}','2019-04-22 13:34:41','humidity'),(1059,3,'{\"room_1\": 42.18598293759139, \"room_2\": 49.211534220203426, \"room_3\": 71.48639026000961, \"room_4\": 52.20463179184313}','2019-04-22 14:04:41','humidity'),(1060,3,'{\"room_1\": 47.35716632625461, \"room_2\": 75.58791099054318, \"room_3\": 84.6830218047817, \"room_4\": 54.949870424056485}','2019-04-22 14:34:41','humidity'),(1061,3,'{\"room_1\": 66.29952482368351, \"room_2\": 74.65712753482049, \"room_3\": 69.36159410288386, \"room_4\": 72.55698461487873}','2019-04-22 15:04:41','humidity'),(1062,3,'{\"room_1\": 69.49101285149169, \"room_2\": 92.55072646613058, \"room_3\": 64.48065211478162, \"room_4\": 78.45091889704648}','2019-04-22 15:34:41','humidity'),(1063,3,'{\"room_1\": 51.49081963546003, \"room_2\": 73.60835781504767, \"room_3\": 60.92151034462013, \"room_4\": 97.57244664746992}','2019-04-22 16:04:41','humidity'),(1064,3,'{\"room_1\": 55.48411113695876, \"room_2\": 58.23792704827281, \"room_3\": 90.61020710004668, \"room_4\": 58.318949233062014}','2019-04-22 16:34:41','humidity'),(1065,3,'{\"room_1\": 58.274087869263155, \"room_2\": 49.202730566972996, \"room_3\": 41.62040263398777, \"room_4\": 89.03055326377174}','2019-04-22 17:04:41','humidity'),(1066,3,'{\"room_1\": 84.43192001677026, \"room_2\": 57.31822513207581, \"room_3\": 63.2309604357365, \"room_4\": 74.67441636617906}','2019-04-22 17:34:41','humidity'),(1067,3,'{\"room_1\": 68.61476939258215, \"room_2\": 65.0090991166401, \"room_3\": 82.6560837701141, \"room_4\": 81.27996280082878}','2019-04-22 18:04:41','humidity'),(1068,3,'{\"room_1\": 77.91303386774419, \"room_2\": 70.40927765281177, \"room_3\": 97.07978204022118, \"room_4\": 42.62323999306499}','2019-04-22 18:34:41','humidity'),(1069,3,'{\"room_1\": 80.90499223416127, \"room_2\": 77.88130279449575, \"room_3\": 63.867335256655984, \"room_4\": 79.8913280044109}','2019-04-22 19:04:41','humidity'),(1070,3,'{\"room_1\": 61.52346928181363, \"room_2\": 41.964309309142855, \"room_3\": 61.43467941466622, \"room_4\": 95.45387772921396}','2019-04-22 19:34:41','humidity'),(1071,3,'{\"room_1\": 82.75760271479827, \"room_2\": 79.2316830841701, \"room_3\": 55.25027118109824, \"room_4\": 74.81774085430042}','2019-04-22 20:04:41','humidity'),(1072,3,'{\"room_1\": 91.8116273430566, \"room_2\": 66.11638563016797, \"room_3\": 79.3989246874537, \"room_4\": 75.71373552293025}','2019-04-22 20:34:41','humidity'),(1073,3,'{\"room_1\": 43.61200299074595, \"room_2\": 42.28774064200219, \"room_3\": 87.324804409476, \"room_4\": 77.15260842869989}','2019-04-22 21:04:41','humidity'),(1074,3,'{\"room_1\": 61.06335516833424, \"room_2\": 69.39993799265388, \"room_3\": 40.3081831352266, \"room_4\": 96.04071317996824}','2019-04-22 21:34:41','humidity'),(1075,3,'{\"room_1\": 77.03666570186002, \"room_2\": 95.94661874180127, \"room_3\": 88.0832351874756, \"room_4\": 91.47257087554227}','2019-04-22 22:04:41','humidity'),(1076,3,'{\"room_1\": 86.81538138307215, \"room_2\": 57.78490632847249, \"room_3\": 59.97953033927239, \"room_4\": 66.07523900724766}','2019-04-22 22:34:41','humidity'),(1077,3,'{\"room_1\": 55.42262384727948, \"room_2\": 50.37047983165648, \"room_3\": 83.68164193456525, \"room_4\": 98.64433203646554}','2019-04-22 23:04:41','humidity'),(1078,3,'{\"room_1\": 80.39284037690703, \"room_2\": 74.78012110666063, \"room_3\": 53.41559271019172, \"room_4\": 60.06707054417738}','2019-04-22 23:34:41','humidity'),(1079,3,'{\"room_1\": 42.65930686254848, \"room_2\": 42.38911433531997, \"room_3\": 70.36595753495837, \"room_4\": 73.24542340729292}','2019-04-23 00:04:41','humidity'),(1080,3,'{\"room_1\": 79.0222618264437, \"room_2\": 40.78322691491466, \"room_3\": 72.21886495574404, \"room_4\": 93.01768331107776}','2019-04-23 00:34:41','humidity'),(1081,3,'{\"room_1\": 64.23437930330826, \"room_2\": 87.76703499220551, \"room_3\": 53.0621779286415, \"room_4\": 95.21195287830705}','2019-04-23 01:04:41','humidity'),(1082,3,'{\"room_1\": 73.02280245746749, \"room_2\": 84.53300863707169, \"room_3\": 75.14125526601674, \"room_4\": 89.43459991011339}','2019-04-23 01:34:41','humidity'),(1083,3,'{\"room_1\": 49.20139246181452, \"room_2\": 40.27098028504154, \"room_3\": 75.83554447069187, \"room_4\": 94.78243610592776}','2019-04-23 02:04:41','humidity'),(1084,3,'{\"room_1\": 68.70971553015625, \"room_2\": 47.65791007558655, \"room_3\": 53.51265186321898, \"room_4\": 87.89227825596996}','2019-04-23 02:34:41','humidity'),(1085,3,'{\"room_1\": 53.9032738923034, \"room_2\": 62.23262982084263, \"room_3\": 70.49197351716411, \"room_4\": 87.14901719682027}','2019-04-23 03:04:41','humidity'),(1086,3,'{\"room_1\": 68.49883088731593, \"room_2\": 47.71940344397621, \"room_3\": 56.128131077330345, \"room_4\": 72.26839146684856}','2019-04-23 03:34:41','humidity'),(1087,3,'{\"room_1\": 67.90682327208037, \"room_2\": 75.78576999472881, \"room_3\": 77.9675161320738, \"room_4\": 55.53380434425263}','2019-04-23 04:04:41','humidity'),(1088,3,'{\"room_1\": 54.76377156669005, \"room_2\": 70.68943833546977, \"room_3\": 64.6587831784212, \"room_4\": 76.25611779066719}','2019-04-23 04:34:41','humidity'),(1089,3,'{\"room_1\": 61.99452209169689, \"room_2\": 63.943433257279096, \"room_3\": 60.565457166520034, \"room_4\": 79.54783220593029}','2019-04-23 05:04:41','humidity'),(1090,3,'{\"room_1\": 57.00299463167887, \"room_2\": 40.185285984500226, \"room_3\": 83.14308888056387, \"room_4\": 56.41299548976896}','2019-04-23 05:34:41','humidity'),(1091,3,'{\"room_1\": 73.30554725302859, \"room_2\": 41.127519485290414, \"room_3\": 72.10816566350641, \"room_4\": 94.29946642862691}','2019-04-23 06:04:41','humidity'),(1092,3,'{\"room_1\": 88.95232316738463, \"room_2\": 82.34170959294406, \"room_3\": 82.32317453057397, \"room_4\": 76.4219549856673}','2019-04-23 06:34:41','humidity'),(1093,3,'{\"room_1\": 71.2753878102609, \"room_2\": 80.4805790895679, \"room_3\": 99.35587479813728, \"room_4\": 89.4542871978601}','2019-04-23 07:04:41','humidity'),(1094,3,'{\"room_1\": 74.7043924422737, \"room_2\": 92.04708651756106, \"room_3\": 87.53426913747074, \"room_4\": 87.41153154274156}','2019-04-23 07:34:41','humidity'),(1095,3,'{\"room_1\": 61.248346263148704, \"room_2\": 40.21948649082021, \"room_3\": 85.1454608128323, \"room_4\": 73.6506986605497}','2019-04-23 08:04:41','humidity'),(1096,3,'{\"room_1\": 99.76354127688836, \"room_2\": 53.4190073654249, \"room_3\": 81.69738870035195, \"room_4\": 77.45012608025368}','2019-04-23 08:34:41','humidity'),(1097,3,'{\"room_1\": 42.779211329038155, \"room_2\": 75.61659425396911, \"room_3\": 61.32619417492813, \"room_4\": 89.06320318760268}','2019-04-23 09:04:41','humidity'),(1098,3,'{\"room_1\": 60.34200122579371, \"room_2\": 72.15002729895221, \"room_3\": 42.374354706277806, \"room_4\": 60.35444603332519}','2019-04-23 09:34:41','humidity'),(1099,3,'{\"room_1\": 92.78745475392697, \"room_2\": 46.94181563930029, \"room_3\": 78.15720110979731, \"room_4\": 64.50076924134552}','2019-04-23 10:04:41','humidity'),(1100,3,'{\"room_1\": 72.44722799700881, \"room_2\": 80.34067117036628, \"room_3\": 45.06896757998702, \"room_4\": 84.4574763589584}','2019-04-23 10:34:41','humidity'),(1101,3,'{\"room_1\": 99.62197408920616, \"room_2\": 85.15585058047563, \"room_3\": 47.265713867038464, \"room_4\": 67.35188984461769}','2019-04-23 11:04:41','humidity'),(1102,3,'{\"room_1\": 47.95023066237371, \"room_2\": 44.264367908443546, \"room_3\": 70.36449120317793, \"room_4\": 58.78144363577221}','2019-04-23 11:34:41','humidity'),(1103,3,'{\"room_1\": 52.48923138126267, \"room_2\": 59.368255798690285, \"room_3\": 72.63888729629076, \"room_4\": 72.44233945960973}','2019-04-23 12:04:41','humidity'),(1104,3,'{\"room_1\": 66.39433638280293, \"room_2\": 85.44446281008157, \"room_3\": 95.56617196308576, \"room_4\": 50.33977262534462}','2019-04-23 12:34:41','humidity'),(1105,3,'{\"room_1\": 58.21219036445597, \"room_2\": 96.8930992648464, \"room_3\": 67.35289614614815, \"room_4\": 64.09921267147685}','2019-04-23 13:04:41','humidity'),(1106,3,'{\"room_1\": 92.17835004339123, \"room_2\": 75.88880159884991, \"room_3\": 88.70066833082186, \"room_4\": 88.07072395051664}','2019-04-23 13:34:41','humidity'),(1107,3,'{\"room_1\": 90.85289889362993, \"room_2\": 89.94152059215943, \"room_3\": 60.1223851166809, \"room_4\": 79.97595986168318}','2019-04-23 14:04:41','humidity'),(1108,3,'{\"room_1\": 76.7341776999594, \"room_2\": 52.19218664996177, \"room_3\": 50.875696871405864, \"room_4\": 83.29197470973949}','2019-04-23 14:34:41','humidity'),(1109,3,'{\"room_1\": 83.07209477210318, \"room_2\": 65.70153886242718, \"room_3\": 62.91802564478216, \"room_4\": 43.06501112188262}','2019-04-23 15:04:41','humidity'),(1110,3,'{\"room_1\": 64.860005800142, \"room_2\": 71.4479472984547, \"room_3\": 45.51825526412784, \"room_4\": 83.17977286701566}','2019-04-23 15:34:41','humidity'),(1111,3,'{\"room_1\": 89.96120921094185, \"room_2\": 44.67670689694556, \"room_3\": 64.17272706965005, \"room_4\": 98.45025089857135}','2019-04-23 16:04:41','humidity'),(1112,3,'{\"room_1\": 95.0711985768576, \"room_2\": 86.19771267006143, \"room_3\": 68.19240467523858, \"room_4\": 57.51480598682724}','2019-04-23 16:34:41','humidity'),(1113,3,'{\"room_1\": 89.29940947030516, \"room_2\": 84.42990316657742, \"room_3\": 73.71363398297349, \"room_4\": 89.59678423849758}','2019-04-23 17:04:41','humidity'),(1114,3,'{\"room_1\": 74.91883113303695, \"room_2\": 48.37389604273431, \"room_3\": 68.9455677512666, \"room_4\": 72.5481612865128}','2019-04-23 17:34:41','humidity'),(1115,3,'{\"room_1\": 68.76678064765566, \"room_2\": 70.48240751604578, \"room_3\": 59.808941200432386, \"room_4\": 60.026749240868696}','2019-04-23 18:04:41','humidity'),(1116,3,'{\"room_1\": 98.69113186581038, \"room_2\": 68.23902744481876, \"room_3\": 62.69353516277495, \"room_4\": 73.8522913412769}','2019-04-23 18:34:41','humidity'),(1117,3,'{\"room_1\": 43.12431445288912, \"room_2\": 64.41225105563308, \"room_3\": 55.07080970036677, \"room_4\": 43.27677440467994}','2019-04-23 19:04:41','humidity'),(1118,3,'{\"room_1\": 64.09461719710175, \"room_2\": 54.2485034600603, \"room_3\": 75.95016778118881, \"room_4\": 63.05448604007895}','2019-04-23 19:34:41','humidity'),(1119,3,'{\"room_1\": 48.09586639664228, \"room_2\": 95.33224185724352, \"room_3\": 98.8731669473378, \"room_4\": 56.20634979163832}','2019-04-23 20:04:41','humidity'),(1120,3,'{\"room_1\": 55.68314101292998, \"room_2\": 80.05159508474632, \"room_3\": 85.15911092356387, \"room_4\": 87.91695417712126}','2019-04-23 20:34:41','humidity'),(1121,3,'{\"room_1\": 57.06372843789024, \"room_2\": 88.36713851528172, \"room_3\": 88.79202988558251, \"room_4\": 85.71773584000357}','2019-04-23 21:04:41','humidity'),(1122,3,'{\"room_1\": 46.73127742560947, \"room_2\": 96.24884440425092, \"room_3\": 82.62366222265499, \"room_4\": 80.10960588774391}','2019-04-23 21:34:41','humidity'),(1123,3,'{\"room_1\": 47.209398918991546, \"room_2\": 50.29776948052741, \"room_3\": 57.16827382968438, \"room_4\": 94.45512082512649}','2019-04-23 22:04:41','humidity'),(1124,3,'{\"room_1\": 97.691975036394, \"room_2\": 70.03778284864993, \"room_3\": 50.7045412694408, \"room_4\": 93.0901462670303}','2019-04-23 22:34:41','humidity'),(1125,3,'{\"room_1\": 90.31528078821374, \"room_2\": 59.483578016441434, \"room_3\": 49.44511642022736, \"room_4\": 84.26448750892638}','2019-04-23 23:04:41','humidity'),(1126,3,'{\"room_1\": 63.03948644680482, \"room_2\": 45.76035713516836, \"room_3\": 51.99899777429973, \"room_4\": 79.32025833573158}','2019-04-23 23:34:41','humidity'),(1127,3,'{\"room_1\": 84.00370085217335, \"room_2\": 99.31882678108516, \"room_3\": 63.37601567652284, \"room_4\": 62.39746086054181}','2019-04-24 00:04:41','humidity'),(1128,3,'{\"room_1\": 55.38238087157313, \"room_2\": 41.007054345230465, \"room_3\": 43.1818926029168, \"room_4\": 74.65498135061799}','2019-04-24 00:34:41','humidity'),(1129,3,'{\"room_1\": 50.075681765615776, \"room_2\": 86.6620410775752, \"room_3\": 97.5160193051954, \"room_4\": 89.00913498021548}','2019-04-24 01:04:41','humidity'),(1130,3,'{\"room_1\": 49.23195828582645, \"room_2\": 70.81820360783273, \"room_3\": 69.18156069915759, \"room_4\": 85.09835682014068}','2019-04-24 01:34:41','humidity'),(1131,3,'{\"room_1\": 50.173537198420085, \"room_2\": 41.623337582055754, \"room_3\": 85.15115532657052, \"room_4\": 96.83603620216743}','2019-04-24 02:04:41','humidity'),(1132,3,'{\"room_1\": 64.37968620575582, \"room_2\": 73.30926025049422, \"room_3\": 45.78237872529066, \"room_4\": 53.51704008320675}','2019-04-24 02:34:41','humidity'),(1133,3,'{\"room_1\": 79.70462848484661, \"room_2\": 75.90619321286884, \"room_3\": 67.25938611098498, \"room_4\": 41.17382616860162}','2019-04-24 03:04:41','humidity'),(1134,3,'{\"room_1\": 49.21346207051879, \"room_2\": 45.38626894569792, \"room_3\": 93.8899133626492, \"room_4\": 71.74207839730627}','2019-04-24 03:34:41','humidity'),(1135,3,'{\"room_1\": 96.39437653736248, \"room_2\": 63.69214545125678, \"room_3\": 40.52351507846221, \"room_4\": 52.55496618851741}','2019-04-24 04:04:41','humidity'),(1136,3,'{\"room_1\": 65.94672634791777, \"room_2\": 78.37466080410124, \"room_3\": 62.69471338317187, \"room_4\": 73.5997815044633}','2019-04-24 04:34:41','humidity'),(1137,3,'{\"room_1\": 85.79354283058288, \"room_2\": 94.34056984058148, \"room_3\": 84.76692404935886, \"room_4\": 69.44693094120201}','2019-04-24 05:04:41','humidity'),(1138,3,'{\"room_1\": 73.78795989939104, \"room_2\": 59.18134037145147, \"room_3\": 47.61014307411254, \"room_4\": 43.70443633943664}','2019-04-24 05:34:41','humidity'),(1139,3,'{\"room_1\": 53.61241704082628, \"room_2\": 80.76455236121822, \"room_3\": 47.96413437029556, \"room_4\": 77.01908425018863}','2019-04-24 06:04:41','humidity'),(1140,3,'{\"room_1\": 86.75728490049201, \"room_2\": 69.10795879940093, \"room_3\": 46.000363234762325, \"room_4\": 89.58587132987572}','2019-04-24 06:34:41','humidity'),(1141,3,'{\"room_1\": 74.97059019342194, \"room_2\": 50.71068507809025, \"room_3\": 72.71841555950287, \"room_4\": 49.50969936321973}','2019-04-24 07:04:41','humidity'),(1142,3,'{\"room_1\": 59.78061354767212, \"room_2\": 49.397251646602896, \"room_3\": 55.66853712383444, \"room_4\": 55.76039790852512}','2019-04-24 07:34:41','humidity'),(1143,3,'{\"room_1\": 91.66268680922914, \"room_2\": 41.12219231500846, \"room_3\": 41.312974484644435, \"room_4\": 59.61806734975765}','2019-04-24 08:04:41','humidity'),(1144,3,'{\"room_1\": 56.38440591942839, \"room_2\": 73.31030455845446, \"room_3\": 84.15949257120982, \"room_4\": 61.13219022210599}','2019-04-24 08:34:41','humidity'),(1145,3,'{\"room_1\": 83.22954982426481, \"room_2\": 43.054802172645545, \"room_3\": 55.14194201977499, \"room_4\": 49.93440177437512}','2019-04-24 09:04:41','humidity'),(1146,3,'{\"room_1\": 47.34315857617637, \"room_2\": 52.48161861000179, \"room_3\": 90.21623320653973, \"room_4\": 48.54433453268152}','2019-04-24 09:34:41','humidity'),(1147,3,'{\"room_1\": 94.62833998887052, \"room_2\": 67.84653027107856, \"room_3\": 66.6348356005977, \"room_4\": 82.68971132061958}','2019-04-24 10:04:41','humidity'),(1148,3,'{\"room_1\": 76.63892723913756, \"room_2\": 43.786246600898366, \"room_3\": 68.16149222682068, \"room_4\": 98.6081738350931}','2019-04-24 10:34:41','humidity'),(1149,3,'{\"room_1\": 45.52914453982688, \"room_2\": 70.17687127195408, \"room_3\": 43.252492040847706, \"room_4\": 44.38334834485555}','2019-04-24 11:04:41','humidity'),(1150,3,'{\"room_1\": 88.41432847755368, \"room_2\": 80.205147689923, \"room_3\": 64.42876244017188, \"room_4\": 46.188894951780625}','2019-04-24 11:34:41','humidity'),(1151,3,'{\"room_1\": 77.39556504000433, \"room_2\": 50.628811622533505, \"room_3\": 48.6943521141427, \"room_4\": 68.06741852016295}','2019-04-24 12:04:41','humidity'),(1152,3,'{\"room_1\": 97.00360517458373, \"room_2\": 51.36054744226424, \"room_3\": 46.21329983531388, \"room_4\": 66.55655535594971}','2019-04-24 12:34:41','humidity'),(1153,3,'{\"room_1\": 41.71058209128669, \"room_2\": 86.64182617158838, \"room_3\": 75.04025747177172, \"room_4\": 68.02592642069115}','2019-04-24 13:04:41','humidity'),(1154,3,'{\"room_1\": 51.720535817378014, \"room_2\": 71.32011746691383, \"room_3\": 73.43996321891846, \"room_4\": 40.62672082160868}','2019-04-24 13:34:41','humidity'),(1155,3,'{\"room_1\": 95.42939783356792, \"room_2\": 80.3443627894045, \"room_3\": 91.35051993014062, \"room_4\": 47.58456446854495}','2019-04-24 14:04:41','humidity'),(1156,3,'{\"room_1\": 63.59338372234102, \"room_2\": 89.55932309050772, \"room_3\": 65.4079293903842, \"room_4\": 60.431457119864675}','2019-04-24 14:34:41','humidity'),(1157,3,'{\"room_1\": 92.17586738715563, \"room_2\": 97.98696149453409, \"room_3\": 50.482401549017695, \"room_4\": 85.0695019754296}','2019-04-24 15:04:41','humidity'),(1158,3,'{\"room_1\": 86.12264981475187, \"room_2\": 96.37280638217872, \"room_3\": 40.00780927113659, \"room_4\": 57.529843774446896}','2019-04-24 15:34:41','humidity'),(1159,3,'{\"room_1\": 84.97937535371872, \"room_2\": 48.124252242415395, \"room_3\": 54.39916249155235, \"room_4\": 58.32004029373221}','2019-04-24 16:04:41','humidity'),(1160,3,'{\"room_1\": 66.96777683017851, \"room_2\": 96.91694868141104, \"room_3\": 85.23363583778526, \"room_4\": 67.17144721170006}','2019-04-24 16:34:41','humidity'),(1161,3,'{\"room_1\": false, \"room_2\": true, \"room_3\": false, \"room_4\": false}','2019-04-21 16:34:41','movement'),(1162,3,'{\"room_1\": true, \"room_2\": true, \"room_3\": false, \"room_4\": false}','2019-04-21 17:04:41','movement'),(1163,3,'{\"room_1\": true, \"room_2\": true, \"room_3\": true, \"room_4\": false}','2019-04-21 17:34:41','movement'),(1164,3,'{\"room_1\": true, \"room_2\": false, \"room_3\": false, \"room_4\": false}','2019-04-21 18:04:41','movement'),(1165,3,'{\"room_1\": false, \"room_2\": false, \"room_3\": true, \"room_4\": false}','2019-04-21 18:34:41','movement'),(1166,3,'{\"room_1\": false, \"room_2\": true, \"room_3\": false, \"room_4\": true}','2019-04-21 19:04:41','movement'),(1167,3,'{\"room_1\": true, \"room_2\": true, \"room_3\": false, \"room_4\": false}','2019-04-21 19:34:41','movement'),(1168,3,'{\"room_1\": true, \"room_2\": true, \"room_3\": true, \"room_4\": false}','2019-04-21 20:04:41','movement'),(1169,3,'{\"room_1\": true, \"room_2\": true, \"room_3\": false, \"room_4\": true}','2019-04-21 20:34:41','movement'),(1170,3,'{\"room_1\": true, \"room_2\": false, \"room_3\": false, \"room_4\": false}','2019-04-21 21:04:41','movement'),(1171,3,'{\"room_1\": true, \"room_2\": false, \"room_3\": true, \"room_4\": false}','2019-04-21 21:34:41','movement'),(1172,3,'{\"room_1\": false, \"room_2\": true, \"room_3\": false, \"room_4\": false}','2019-04-21 22:04:41','movement'),(1173,3,'{\"room_1\": false, \"room_2\": false, \"room_3\": false, \"room_4\": false}','2019-04-21 22:34:41','movement'),(1174,3,'{\"room_1\": false, \"room_2\": true, \"room_3\": true, \"room_4\": true}','2019-04-21 23:04:41','movement'),(1175,3,'{\"room_1\": true, \"room_2\": true, \"room_3\": true, \"room_4\": true}','2019-04-21 23:34:41','movement'),(1176,3,'{\"room_1\": false, \"room_2\": true, \"room_3\": false, \"room_4\": true}','2019-04-22 00:04:41','movement'),(1177,3,'{\"room_1\": true, \"room_2\": false, \"room_3\": true, \"room_4\": false}','2019-04-22 00:34:41','movement'),(1178,3,'{\"room_1\": true, \"room_2\": false, \"room_3\": true, \"room_4\": false}','2019-04-22 01:04:41','movement'),(1179,3,'{\"room_1\": true, \"room_2\": true, \"room_3\": true, \"room_4\": false}','2019-04-22 01:34:41','movement'),(1180,3,'{\"room_1\": false, \"room_2\": false, \"room_3\": true, \"room_4\": true}','2019-04-22 02:04:41','movement'),(1181,3,'{\"room_1\": false, \"room_2\": true, \"room_3\": true, \"room_4\": true}','2019-04-22 02:34:41','movement'),(1182,3,'{\"room_1\": true, \"room_2\": false, \"room_3\": true, \"room_4\": false}','2019-04-22 03:04:41','movement'),(1183,3,'{\"room_1\": false, \"room_2\": true, \"room_3\": true, \"room_4\": false}','2019-04-22 03:34:41','movement'),(1184,3,'{\"room_1\": true, \"room_2\": false, \"room_3\": true, \"room_4\": false}','2019-04-22 04:04:41','movement'),(1185,3,'{\"room_1\": false, \"room_2\": false, \"room_3\": true, \"room_4\": true}','2019-04-22 04:34:41','movement'),(1186,3,'{\"room_1\": true, \"room_2\": false, \"room_3\": true, \"room_4\": false}','2019-04-22 05:04:41','movement'),(1187,3,'{\"room_1\": false, \"room_2\": false, \"room_3\": false, \"room_4\": false}','2019-04-22 05:34:41','movement'),(1188,3,'{\"room_1\": false, \"room_2\": false, \"room_3\": false, \"room_4\": false}','2019-04-22 06:04:41','movement'),(1189,3,'{\"room_1\": true, \"room_2\": false, \"room_3\": true, \"room_4\": true}','2019-04-22 06:34:41','movement'),(1190,3,'{\"room_1\": false, \"room_2\": false, \"room_3\": true, \"room_4\": true}','2019-04-22 07:04:41','movement'),(1191,3,'{\"room_1\": true, \"room_2\": false, \"room_3\": true, \"room_4\": false}','2019-04-22 07:34:41','movement'),(1192,3,'{\"room_1\": false, \"room_2\": false, \"room_3\": false, \"room_4\": true}','2019-04-22 08:04:41','movement'),(1193,3,'{\"room_1\": false, \"room_2\": true, \"room_3\": true, \"room_4\": true}','2019-04-22 08:34:41','movement'),(1194,3,'{\"room_1\": false, \"room_2\": false, \"room_3\": true, \"room_4\": false}','2019-04-22 09:04:41','movement'),(1195,3,'{\"room_1\": true, \"room_2\": true, \"room_3\": true, \"room_4\": false}','2019-04-22 09:34:41','movement'),(1196,3,'{\"room_1\": false, \"room_2\": false, \"room_3\": false, \"room_4\": true}','2019-04-22 10:04:41','movement'),(1197,3,'{\"room_1\": false, \"room_2\": true, \"room_3\": true, \"room_4\": false}','2019-04-22 10:34:41','movement'),(1198,3,'{\"room_1\": false, \"room_2\": false, \"room_3\": true, \"room_4\": false}','2019-04-22 11:04:41','movement'),(1199,3,'{\"room_1\": true, \"room_2\": false, \"room_3\": true, \"room_4\": false}','2019-04-22 11:34:41','movement'),(1200,3,'{\"room_1\": false, \"room_2\": true, \"room_3\": true, \"room_4\": true}','2019-04-22 12:04:41','movement'),(1201,3,'{\"room_1\": true, \"room_2\": true, \"room_3\": false, \"room_4\": true}','2019-04-22 12:34:41','movement'),(1202,3,'{\"room_1\": false, \"room_2\": true, \"room_3\": true, \"room_4\": true}','2019-04-22 13:04:41','movement'),(1203,3,'{\"room_1\": false, \"room_2\": true, \"room_3\": true, \"room_4\": true}','2019-04-22 13:34:41','movement'),(1204,3,'{\"room_1\": false, \"room_2\": true, \"room_3\": false, \"room_4\": false}','2019-04-22 14:04:41','movement'),(1205,3,'{\"room_1\": false, \"room_2\": false, \"room_3\": false, \"room_4\": false}','2019-04-22 14:34:41','movement'),(1206,3,'{\"room_1\": false, \"room_2\": true, \"room_3\": false, \"room_4\": false}','2019-04-22 15:04:41','movement'),(1207,3,'{\"room_1\": false, \"room_2\": true, \"room_3\": true, \"room_4\": false}','2019-04-22 15:34:41','movement'),(1208,3,'{\"room_1\": false, \"room_2\": false, \"room_3\": true, \"room_4\": false}','2019-04-22 16:04:41','movement'),(1209,3,'{\"room_1\": true, \"room_2\": false, \"room_3\": false, \"room_4\": false}','2019-04-22 16:34:41','movement'),(1210,3,'{\"room_1\": false, \"room_2\": false, \"room_3\": true, \"room_4\": false}','2019-04-22 17:04:41','movement'),(1211,3,'{\"room_1\": true, \"room_2\": false, \"room_3\": false, \"room_4\": true}','2019-04-22 17:34:41','movement'),(1212,3,'{\"room_1\": true, \"room_2\": false, \"room_3\": false, \"room_4\": true}','2019-04-22 18:04:41','movement'),(1213,3,'{\"room_1\": false, \"room_2\": true, \"room_3\": true, \"room_4\": false}','2019-04-22 18:34:41','movement'),(1214,3,'{\"room_1\": true, \"room_2\": false, \"room_3\": true, \"room_4\": true}','2019-04-22 19:04:41','movement'),(1215,3,'{\"room_1\": true, \"room_2\": true, \"room_3\": true, \"room_4\": false}','2019-04-22 19:34:41','movement'),(1216,3,'{\"room_1\": true, \"room_2\": false, \"room_3\": true, \"room_4\": true}','2019-04-22 20:04:41','movement'),(1217,3,'{\"room_1\": true, \"room_2\": true, \"room_3\": true, \"room_4\": false}','2019-04-22 20:34:41','movement'),(1218,3,'{\"room_1\": true, \"room_2\": true, \"room_3\": true, \"room_4\": true}','2019-04-22 21:04:41','movement'),(1219,3,'{\"room_1\": false, \"room_2\": false, \"room_3\": false, \"room_4\": true}','2019-04-22 21:34:41','movement'),(1220,3,'{\"room_1\": true, \"room_2\": false, \"room_3\": true, \"room_4\": false}','2019-04-22 22:04:41','movement'),(1221,3,'{\"room_1\": false, \"room_2\": false, \"room_3\": false, \"room_4\": true}','2019-04-22 22:34:41','movement'),(1222,3,'{\"room_1\": true, \"room_2\": true, \"room_3\": true, \"room_4\": true}','2019-04-22 23:04:41','movement'),(1223,3,'{\"room_1\": true, \"room_2\": false, \"room_3\": false, \"room_4\": true}','2019-04-22 23:34:41','movement'),(1224,3,'{\"room_1\": true, \"room_2\": false, \"room_3\": false, \"room_4\": true}','2019-04-23 00:04:41','movement'),(1225,3,'{\"room_1\": true, \"room_2\": false, \"room_3\": false, \"room_4\": false}','2019-04-23 00:34:41','movement'),(1226,3,'{\"room_1\": false, \"room_2\": true, \"room_3\": false, \"room_4\": true}','2019-04-23 01:04:41','movement'),(1227,3,'{\"room_1\": false, \"room_2\": true, \"room_3\": false, \"room_4\": false}','2019-04-23 01:34:41','movement'),(1228,3,'{\"room_1\": true, \"room_2\": false, \"room_3\": false, \"room_4\": true}','2019-04-23 02:04:41','movement'),(1229,3,'{\"room_1\": true, \"room_2\": false, \"room_3\": false, \"room_4\": true}','2019-04-23 02:34:41','movement'),(1230,3,'{\"room_1\": false, \"room_2\": true, \"room_3\": false, \"room_4\": false}','2019-04-23 03:04:41','movement'),(1231,3,'{\"room_1\": true, \"room_2\": true, \"room_3\": true, \"room_4\": false}','2019-04-23 03:34:41','movement'),(1232,3,'{\"room_1\": false, \"room_2\": false, \"room_3\": true, \"room_4\": true}','2019-04-23 04:04:41','movement'),(1233,3,'{\"room_1\": false, \"room_2\": false, \"room_3\": true, \"room_4\": true}','2019-04-23 04:34:41','movement'),(1234,3,'{\"room_1\": true, \"room_2\": true, \"room_3\": false, \"room_4\": false}','2019-04-23 05:04:41','movement'),(1235,3,'{\"room_1\": false, \"room_2\": false, \"room_3\": true, \"room_4\": false}','2019-04-23 05:34:41','movement'),(1236,3,'{\"room_1\": true, \"room_2\": false, \"room_3\": false, \"room_4\": true}','2019-04-23 06:04:41','movement'),(1237,3,'{\"room_1\": false, \"room_2\": false, \"room_3\": true, \"room_4\": true}','2019-04-23 06:34:41','movement'),(1238,3,'{\"room_1\": false, \"room_2\": true, \"room_3\": false, \"room_4\": false}','2019-04-23 07:04:41','movement'),(1239,3,'{\"room_1\": true, \"room_2\": true, \"room_3\": false, \"room_4\": true}','2019-04-23 07:34:41','movement'),(1240,3,'{\"room_1\": true, \"room_2\": true, \"room_3\": false, \"room_4\": true}','2019-04-23 08:04:41','movement'),(1241,3,'{\"room_1\": true, \"room_2\": false, \"room_3\": false, \"room_4\": false}','2019-04-23 08:34:41','movement'),(1242,3,'{\"room_1\": true, \"room_2\": true, \"room_3\": true, \"room_4\": false}','2019-04-23 09:04:41','movement'),(1243,3,'{\"room_1\": false, \"room_2\": true, \"room_3\": true, \"room_4\": false}','2019-04-23 09:34:41','movement'),(1244,3,'{\"room_1\": true, \"room_2\": true, \"room_3\": true, \"room_4\": false}','2019-04-23 10:04:41','movement'),(1245,3,'{\"room_1\": false, \"room_2\": false, \"room_3\": false, \"room_4\": true}','2019-04-23 10:34:41','movement'),(1246,3,'{\"room_1\": true, \"room_2\": false, \"room_3\": true, \"room_4\": true}','2019-04-23 11:04:41','movement'),(1247,3,'{\"room_1\": false, \"room_2\": false, \"room_3\": false, \"room_4\": false}','2019-04-23 11:34:41','movement'),(1248,3,'{\"room_1\": true, \"room_2\": false, \"room_3\": false, \"room_4\": false}','2019-04-23 12:04:41','movement'),(1249,3,'{\"room_1\": true, \"room_2\": true, \"room_3\": true, \"room_4\": true}','2019-04-23 12:34:41','movement'),(1250,3,'{\"room_1\": true, \"room_2\": true, \"room_3\": true, \"room_4\": true}','2019-04-23 13:04:41','movement'),(1251,3,'{\"room_1\": true, \"room_2\": true, \"room_3\": true, \"room_4\": false}','2019-04-23 13:34:41','movement'),(1252,3,'{\"room_1\": false, \"room_2\": true, \"room_3\": true, \"room_4\": false}','2019-04-23 14:04:41','movement'),(1253,3,'{\"room_1\": false, \"room_2\": true, \"room_3\": true, \"room_4\": false}','2019-04-23 14:34:41','movement'),(1254,3,'{\"room_1\": true, \"room_2\": true, \"room_3\": true, \"room_4\": true}','2019-04-23 15:04:41','movement'),(1255,3,'{\"room_1\": false, \"room_2\": true, \"room_3\": false, \"room_4\": false}','2019-04-23 15:34:41','movement'),(1256,3,'{\"room_1\": false, \"room_2\": false, \"room_3\": false, \"room_4\": false}','2019-04-23 16:04:41','movement'),(1257,3,'{\"room_1\": false, \"room_2\": true, \"room_3\": true, \"room_4\": false}','2019-04-23 16:34:41','movement'),(1258,3,'{\"room_1\": true, \"room_2\": false, \"room_3\": false, \"room_4\": false}','2019-04-23 17:04:41','movement'),(1259,3,'{\"room_1\": false, \"room_2\": false, \"room_3\": true, \"room_4\": true}','2019-04-23 17:34:41','movement'),(1260,3,'{\"room_1\": true, \"room_2\": true, \"room_3\": true, \"room_4\": false}','2019-04-23 18:04:41','movement'),(1261,3,'{\"room_1\": false, \"room_2\": false, \"room_3\": false, \"room_4\": false}','2019-04-23 18:34:41','movement'),(1262,3,'{\"room_1\": false, \"room_2\": false, \"room_3\": false, \"room_4\": false}','2019-04-23 19:04:41','movement'),(1263,3,'{\"room_1\": true, \"room_2\": true, \"room_3\": false, \"room_4\": true}','2019-04-23 19:34:41','movement'),(1264,3,'{\"room_1\": true, \"room_2\": true, \"room_3\": false, \"room_4\": false}','2019-04-23 20:04:41','movement'),(1265,3,'{\"room_1\": true, \"room_2\": true, \"room_3\": false, \"room_4\": false}','2019-04-23 20:34:41','movement'),(1266,3,'{\"room_1\": true, \"room_2\": false, \"room_3\": true, \"room_4\": true}','2019-04-23 21:04:41','movement'),(1267,3,'{\"room_1\": true, \"room_2\": false, \"room_3\": true, \"room_4\": true}','2019-04-23 21:34:41','movement'),(1268,3,'{\"room_1\": false, \"room_2\": true, \"room_3\": false, \"room_4\": true}','2019-04-23 22:04:41','movement'),(1269,3,'{\"room_1\": true, \"room_2\": false, \"room_3\": true, \"room_4\": true}','2019-04-23 22:34:41','movement'),(1270,3,'{\"room_1\": false, \"room_2\": true, \"room_3\": true, \"room_4\": true}','2019-04-23 23:04:41','movement'),(1271,3,'{\"room_1\": true, \"room_2\": true, \"room_3\": true, \"room_4\": false}','2019-04-23 23:34:41','movement'),(1272,3,'{\"room_1\": true, \"room_2\": true, \"room_3\": true, \"room_4\": false}','2019-04-24 00:04:41','movement'),(1273,3,'{\"room_1\": true, \"room_2\": true, \"room_3\": false, \"room_4\": false}','2019-04-24 00:34:41','movement'),(1274,3,'{\"room_1\": false, \"room_2\": true, \"room_3\": true, \"room_4\": true}','2019-04-24 01:04:41','movement'),(1275,3,'{\"room_1\": false, \"room_2\": false, \"room_3\": true, \"room_4\": true}','2019-04-24 01:34:41','movement'),(1276,3,'{\"room_1\": false, \"room_2\": true, \"room_3\": false, \"room_4\": false}','2019-04-24 02:04:41','movement'),(1277,3,'{\"room_1\": true, \"room_2\": true, \"room_3\": false, \"room_4\": false}','2019-04-24 02:34:41','movement'),(1278,3,'{\"room_1\": true, \"room_2\": false, \"room_3\": true, \"room_4\": true}','2019-04-24 03:04:41','movement'),(1279,3,'{\"room_1\": false, \"room_2\": false, \"room_3\": true, \"room_4\": false}','2019-04-24 03:34:41','movement'),(1280,3,'{\"room_1\": true, \"room_2\": true, \"room_3\": true, \"room_4\": true}','2019-04-24 04:04:41','movement'),(1281,3,'{\"room_1\": true, \"room_2\": false, \"room_3\": false, \"room_4\": false}','2019-04-24 04:34:41','movement'),(1282,3,'{\"room_1\": true, \"room_2\": false, \"room_3\": false, \"room_4\": false}','2019-04-24 05:04:41','movement'),(1283,3,'{\"room_1\": false, \"room_2\": false, \"room_3\": false, \"room_4\": true}','2019-04-24 05:34:41','movement'),(1284,3,'{\"room_1\": false, \"room_2\": true, \"room_3\": false, \"room_4\": false}','2019-04-24 06:04:41','movement'),(1285,3,'{\"room_1\": true, \"room_2\": true, \"room_3\": true, \"room_4\": true}','2019-04-24 06:34:41','movement'),(1286,3,'{\"room_1\": false, \"room_2\": true, \"room_3\": false, \"room_4\": false}','2019-04-24 07:04:41','movement'),(1287,3,'{\"room_1\": true, \"room_2\": true, \"room_3\": false, \"room_4\": true}','2019-04-24 07:34:41','movement'),(1288,3,'{\"room_1\": true, \"room_2\": true, \"room_3\": false, \"room_4\": false}','2019-04-24 08:04:41','movement'),(1289,3,'{\"room_1\": false, \"room_2\": false, \"room_3\": false, \"room_4\": true}','2019-04-24 08:34:41','movement'),(1290,3,'{\"room_1\": false, \"room_2\": false, \"room_3\": true, \"room_4\": false}','2019-04-24 09:04:41','movement'),(1291,3,'{\"room_1\": false, \"room_2\": false, \"room_3\": true, \"room_4\": true}','2019-04-24 09:34:41','movement'),(1292,3,'{\"room_1\": true, \"room_2\": false, \"room_3\": false, \"room_4\": false}','2019-04-24 10:04:41','movement'),(1293,3,'{\"room_1\": true, \"room_2\": false, \"room_3\": false, \"room_4\": true}','2019-04-24 10:34:41','movement'),(1294,3,'{\"room_1\": true, \"room_2\": true, \"room_3\": true, \"room_4\": true}','2019-04-24 11:04:41','movement'),(1295,3,'{\"room_1\": true, \"room_2\": false, \"room_3\": true, \"room_4\": false}','2019-04-24 11:34:41','movement'),(1296,3,'{\"room_1\": true, \"room_2\": true, \"room_3\": true, \"room_4\": false}','2019-04-24 12:04:41','movement'),(1297,3,'{\"room_1\": false, \"room_2\": false, \"room_3\": true, \"room_4\": true}','2019-04-24 12:34:41','movement'),(1298,3,'{\"room_1\": true, \"room_2\": false, \"room_3\": true, \"room_4\": false}','2019-04-24 13:04:41','movement'),(1299,3,'{\"room_1\": true, \"room_2\": false, \"room_3\": true, \"room_4\": true}','2019-04-24 13:34:41','movement'),(1300,3,'{\"room_1\": false, \"room_2\": true, \"room_3\": true, \"room_4\": true}','2019-04-24 14:04:41','movement'),(1301,3,'{\"room_1\": true, \"room_2\": true, \"room_3\": true, \"room_4\": true}','2019-04-24 14:34:41','movement'),(1302,3,'{\"room_1\": true, \"room_2\": false, \"room_3\": false, \"room_4\": true}','2019-04-24 15:04:41','movement'),(1303,3,'{\"room_1\": true, \"room_2\": true, \"room_3\": true, \"room_4\": true}','2019-04-24 15:34:41','movement'),(1304,3,'{\"room_1\": true, \"room_2\": true, \"room_3\": false, \"room_4\": false}','2019-04-24 16:04:41','movement'),(1305,3,'{\"room_1\": false, \"room_2\": false, \"room_3\": false, \"room_4\": false}','2019-04-24 16:34:41','movement'),(1306,4,'{\"room_1\": 22.527392110279024, \"room_2\": 24.021019692677413, \"room_3\": 23.23248911754584, \"room_4\": 24.512324338036187}','2019-04-21 16:34:41','temperature'),(1307,4,'{\"room_1\": 24.354335386458644, \"room_2\": 23.88816429401017, \"room_3\": 21.053774431334464, \"room_4\": 21.577174603884988}','2019-04-21 17:04:41','temperature'),(1308,4,'{\"room_1\": 24.885417297983984, \"room_2\": 21.782281100317064, \"room_3\": 19.68728290489708, \"room_4\": 19.44678311669057}','2019-04-21 17:34:41','temperature'),(1309,4,'{\"room_1\": 19.41305043241221, \"room_2\": 18.90254699190333, \"room_3\": 24.9165719179961, \"room_4\": 22.25013038753962}','2019-04-21 18:04:41','temperature'),(1310,4,'{\"room_1\": 23.83066062089827, \"room_2\": 20.23326666425978, \"room_3\": 23.953442748038363, \"room_4\": 20.11233494601168}','2019-04-21 18:34:41','temperature'),(1311,4,'{\"room_1\": 18.498911327925207, \"room_2\": 25.985996904508447, \"room_3\": 19.46807074688267, \"room_4\": 18.69675812702384}','2019-04-21 19:04:41','temperature'),(1312,4,'{\"room_1\": 22.899752074255765, \"room_2\": 25.42163528949597, \"room_3\": 22.46950220501172, \"room_4\": 18.9453119314543}','2019-04-21 19:34:41','temperature'),(1313,4,'{\"room_1\": 18.689662443852477, \"room_2\": 23.442264793397737, \"room_3\": 21.967085716022115, \"room_4\": 23.276712583741585}','2019-04-21 20:04:41','temperature'),(1314,4,'{\"room_1\": 19.686607274457295, \"room_2\": 18.915844512579017, \"room_3\": 21.475747629167557, \"room_4\": 19.098412814125016}','2019-04-21 20:34:41','temperature'),(1315,4,'{\"room_1\": 21.36642191388732, \"room_2\": 18.64503366051371, \"room_3\": 25.922895164449457, \"room_4\": 18.230524906796596}','2019-04-21 21:04:41','temperature'),(1316,4,'{\"room_1\": 22.8876690241906, \"room_2\": 24.498535863615164, \"room_3\": 19.39652720515578, \"room_4\": 18.508247079709687}','2019-04-21 21:34:41','temperature'),(1317,4,'{\"room_1\": 23.13282475505699, \"room_2\": 24.12602825583923, \"room_3\": 25.73075376731485, \"room_4\": 24.35247358859604}','2019-04-21 22:04:41','temperature'),(1318,4,'{\"room_1\": 20.848862904187868, \"room_2\": 21.694411063927127, \"room_3\": 20.939473157311006, \"room_4\": 24.099930742577996}','2019-04-21 22:34:41','temperature'),(1319,4,'{\"room_1\": 19.975970397671222, \"room_2\": 24.027377338682737, \"room_3\": 18.552442018782877, \"room_4\": 21.459533343320665}','2019-04-21 23:04:41','temperature'),(1320,4,'{\"room_1\": 25.673442244187335, \"room_2\": 25.79776151721606, \"room_3\": 23.17292631335258, \"room_4\": 20.077157605356746}','2019-04-21 23:34:41','temperature'),(1321,4,'{\"room_1\": 21.753923555774, \"room_2\": 22.065278816184595, \"room_3\": 21.10612359515574, \"room_4\": 18.74297551058538}','2019-04-22 00:04:41','temperature'),(1322,4,'{\"room_1\": 20.43686459717761, \"room_2\": 23.850041952500153, \"room_3\": 21.55867002266691, \"room_4\": 22.35699007835744}','2019-04-22 00:34:41','temperature'),(1323,4,'{\"room_1\": 24.889787058074972, \"room_2\": 18.269885806158367, \"room_3\": 22.649409910646433, \"room_4\": 24.456867059985676}','2019-04-22 01:04:41','temperature'),(1324,4,'{\"room_1\": 23.188775734214182, \"room_2\": 19.86953676945598, \"room_3\": 25.53686298751132, \"room_4\": 21.087598277981392}','2019-04-22 01:34:41','temperature'),(1325,4,'{\"room_1\": 20.572551154804216, \"room_2\": 23.624213037216172, \"room_3\": 24.674719302175596, \"room_4\": 24.030030584452906}','2019-04-22 02:04:41','temperature'),(1326,4,'{\"room_1\": 21.737637917906493, \"room_2\": 24.62335193561657, \"room_3\": 24.76632163617171, \"room_4\": 19.659205979568647}','2019-04-22 02:34:41','temperature'),(1327,4,'{\"room_1\": 21.568307097403036, \"room_2\": 20.91938366249606, \"room_3\": 24.437595245726335, \"room_4\": 24.524746278515575}','2019-04-22 03:04:41','temperature'),(1328,4,'{\"room_1\": 20.315751756978493, \"room_2\": 24.41227217029651, \"room_3\": 23.925384869552595, \"room_4\": 25.012177186527538}','2019-04-22 03:34:41','temperature'),(1329,4,'{\"room_1\": 18.591239043159774, \"room_2\": 25.68754410480124, \"room_3\": 20.90661950447504, \"room_4\": 20.583259626122697}','2019-04-22 04:04:41','temperature'),(1330,4,'{\"room_1\": 22.136823236253537, \"room_2\": 21.65856624495975, \"room_3\": 21.844346543336073, \"room_4\": 23.054040529998133}','2019-04-22 04:34:41','temperature'),(1331,4,'{\"room_1\": 20.12912285649131, \"room_2\": 24.713411525099843, \"room_3\": 24.201801519815735, \"room_4\": 23.689508000165944}','2019-04-22 05:04:41','temperature'),(1332,4,'{\"room_1\": 22.40987909565731, \"room_2\": 19.8194746736645, \"room_3\": 20.799327709297373, \"room_4\": 20.531325199271393}','2019-04-22 05:34:41','temperature'),(1333,4,'{\"room_1\": 21.412357843532536, \"room_2\": 23.835666085877584, \"room_3\": 18.90431611679762, \"room_4\": 24.567120137684203}','2019-04-22 06:04:41','temperature'),(1334,4,'{\"room_1\": 23.315159215819612, \"room_2\": 23.1438689937873, \"room_3\": 24.8917074633991, \"room_4\": 21.158567724886353}','2019-04-22 06:34:41','temperature'),(1335,4,'{\"room_1\": 23.29052720920749, \"room_2\": 23.010618320023003, \"room_3\": 19.828752296734905, \"room_4\": 18.42950386757734}','2019-04-22 07:04:41','temperature'),(1336,4,'{\"room_1\": 25.16113657218643, \"room_2\": 21.300752098695753, \"room_3\": 23.783889472370873, \"room_4\": 19.15272208329988}','2019-04-22 07:34:41','temperature'),(1337,4,'{\"room_1\": 18.355212331174982, \"room_2\": 25.11244101862973, \"room_3\": 24.33195905260398, \"room_4\": 22.405377292841447}','2019-04-22 08:04:41','temperature'),(1338,4,'{\"room_1\": 22.918932101740516, \"room_2\": 25.67381843713941, \"room_3\": 21.78512947575473, \"room_4\": 25.470440477629335}','2019-04-22 08:34:41','temperature'),(1339,4,'{\"room_1\": 19.32314707765351, \"room_2\": 21.93061663197247, \"room_3\": 18.852234071689892, \"room_4\": 23.11563942038428}','2019-04-22 09:04:41','temperature'),(1340,4,'{\"room_1\": 24.357302939512284, \"room_2\": 22.992302433524085, \"room_3\": 21.18825023204202, \"room_4\": 22.59371656483159}','2019-04-22 09:34:41','temperature'),(1341,4,'{\"room_1\": 22.454600709839276, \"room_2\": 19.19673166208583, \"room_3\": 21.88905909733969, \"room_4\": 23.022670455831964}','2019-04-22 10:04:41','temperature'),(1342,4,'{\"room_1\": 24.101726424058977, \"room_2\": 22.335169229477497, \"room_3\": 18.021441699200945, \"room_4\": 20.171546176304123}','2019-04-22 10:34:41','temperature'),(1343,4,'{\"room_1\": 19.30111707173361, \"room_2\": 20.210227396175295, \"room_3\": 19.36746732884021, \"room_4\": 19.13516545260171}','2019-04-22 11:04:41','temperature'),(1344,4,'{\"room_1\": 20.505534269074168, \"room_2\": 22.85404723179036, \"room_3\": 21.94144413300807, \"room_4\": 19.66589611609933}','2019-04-22 11:34:41','temperature'),(1345,4,'{\"room_1\": 20.58275457861825, \"room_2\": 24.391725252652854, \"room_3\": 25.823151126797395, \"room_4\": 19.25595758550177}','2019-04-22 12:04:41','temperature'),(1346,4,'{\"room_1\": 20.13824936833754, \"room_2\": 22.5614143381771, \"room_3\": 23.22434864906506, \"room_4\": 18.89546875178015}','2019-04-22 12:34:41','temperature'),(1347,4,'{\"room_1\": 24.753697778256072, \"room_2\": 24.39060265003705, \"room_3\": 24.46686821560987, \"room_4\": 22.76087383110025}','2019-04-22 13:04:41','temperature'),(1348,4,'{\"room_1\": 21.884146391303425, \"room_2\": 18.607455906358933, \"room_3\": 25.861767165525997, \"room_4\": 23.948940467417785}','2019-04-22 13:34:41','temperature'),(1349,4,'{\"room_1\": 22.31407420735656, \"room_2\": 25.142910587033597, \"room_3\": 21.06002880479581, \"room_4\": 19.698614694459756}','2019-04-22 14:04:41','temperature'),(1350,4,'{\"room_1\": 20.262338686604068, \"room_2\": 25.42829667960449, \"room_3\": 20.36733029641374, \"room_4\": 25.469858722097065}','2019-04-22 14:34:41','temperature'),(1351,4,'{\"room_1\": 18.14464745595581, \"room_2\": 23.93512563441923, \"room_3\": 25.1205505007499, \"room_4\": 25.724143427457605}','2019-04-22 15:04:41','temperature'),(1352,4,'{\"room_1\": 19.664327493265464, \"room_2\": 25.85237285176418, \"room_3\": 21.659194181171586, \"room_4\": 25.329736164831935}','2019-04-22 15:34:41','temperature'),(1353,4,'{\"room_1\": 24.13801553994797, \"room_2\": 18.194808345819087, \"room_3\": 24.80710067553284, \"room_4\": 25.232011738470785}','2019-04-22 16:04:41','temperature'),(1354,4,'{\"room_1\": 20.838849356454276, \"room_2\": 21.06618863026811, \"room_3\": 19.824091946963904, \"room_4\": 21.346399830754052}','2019-04-22 16:34:41','temperature'),(1355,4,'{\"room_1\": 20.574366704085833, \"room_2\": 19.73775609273745, \"room_3\": 19.424126910751013, \"room_4\": 19.25648230487979}','2019-04-22 17:04:41','temperature'),(1356,4,'{\"room_1\": 24.60514051635814, \"room_2\": 18.016552699887303, \"room_3\": 18.608372783157485, \"room_4\": 23.068300513032767}','2019-04-22 17:34:41','temperature'),(1357,4,'{\"room_1\": 19.490336056862414, \"room_2\": 25.81857078880077, \"room_3\": 23.631286629334973, \"room_4\": 22.889617544011692}','2019-04-22 18:04:41','temperature'),(1358,4,'{\"room_1\": 18.186595535802137, \"room_2\": 19.728841006314425, \"room_3\": 22.155951838595897, \"room_4\": 20.571670559105705}','2019-04-22 18:34:41','temperature'),(1359,4,'{\"room_1\": 23.99876491738656, \"room_2\": 18.704130964689696, \"room_3\": 22.064861465273037, \"room_4\": 18.36463773534455}','2019-04-22 19:04:41','temperature'),(1360,4,'{\"room_1\": 21.779763336037668, \"room_2\": 24.05481611208238, \"room_3\": 18.475068784513873, \"room_4\": 20.60429955580583}','2019-04-22 19:34:41','temperature'),(1361,4,'{\"room_1\": 22.52800112647684, \"room_2\": 22.360302736947983, \"room_3\": 24.102227542564275, \"room_4\": 23.576471801029022}','2019-04-22 20:04:41','temperature'),(1362,4,'{\"room_1\": 19.339519744838935, \"room_2\": 23.7143099499589, \"room_3\": 24.047738288101502, \"room_4\": 19.28591571568365}','2019-04-22 20:34:41','temperature'),(1363,4,'{\"room_1\": 20.330447300693542, \"room_2\": 19.03872299236866, \"room_3\": 23.066308945882128, \"room_4\": 24.382556411522827}','2019-04-22 21:04:41','temperature'),(1364,4,'{\"room_1\": 21.556208412504052, \"room_2\": 25.354547281572877, \"room_3\": 20.57241998904463, \"room_4\": 22.65327756626474}','2019-04-22 21:34:41','temperature'),(1365,4,'{\"room_1\": 23.2959258583374, \"room_2\": 20.253495918762, \"room_3\": 21.72275755567894, \"room_4\": 19.58045389190237}','2019-04-22 22:04:41','temperature'),(1366,4,'{\"room_1\": 20.066897846438767, \"room_2\": 24.58520008484751, \"room_3\": 19.456722634547297, \"room_4\": 25.92172922435791}','2019-04-22 22:34:41','temperature'),(1367,4,'{\"room_1\": 20.742551311142535, \"room_2\": 24.44825061646723, \"room_3\": 20.174031303348343, \"room_4\": 18.082995804624694}','2019-04-22 23:04:41','temperature'),(1368,4,'{\"room_1\": 20.79323613311347, \"room_2\": 19.480980841631933, \"room_3\": 22.89715456706859, \"room_4\": 22.215185253880712}','2019-04-22 23:34:41','temperature'),(1369,4,'{\"room_1\": 24.761507099091112, \"room_2\": 20.720159534848232, \"room_3\": 23.195077950970465, \"room_4\": 21.86072130319316}','2019-04-23 00:04:41','temperature'),(1370,4,'{\"room_1\": 25.630380499084936, \"room_2\": 21.198149837002916, \"room_3\": 25.48141717176026, \"room_4\": 24.939214989397897}','2019-04-23 00:34:41','temperature'),(1371,4,'{\"room_1\": 21.665399043772425, \"room_2\": 23.15656667937388, \"room_3\": 21.87829345155802, \"room_4\": 22.71850417911663}','2019-04-23 01:04:41','temperature'),(1372,4,'{\"room_1\": 23.658630829255937, \"room_2\": 23.571592021956384, \"room_3\": 19.195189680126088, \"room_4\": 25.94154408418726}','2019-04-23 01:34:41','temperature'),(1373,4,'{\"room_1\": 21.32517667610481, \"room_2\": 25.66720811711549, \"room_3\": 21.070396215857297, \"room_4\": 23.537481078841353}','2019-04-23 02:04:41','temperature'),(1374,4,'{\"room_1\": 18.14074225741496, \"room_2\": 18.908033569039993, \"room_3\": 19.905462133867665, \"room_4\": 20.54518287140817}','2019-04-23 02:34:41','temperature'),(1375,4,'{\"room_1\": 20.406175518376283, \"room_2\": 25.431621267186458, \"room_3\": 20.83694531782119, \"room_4\": 25.211543406536393}','2019-04-23 03:04:41','temperature'),(1376,4,'{\"room_1\": 20.85433550189287, \"room_2\": 23.069223546553072, \"room_3\": 25.727171454627214, \"room_4\": 20.192513502371146}','2019-04-23 03:34:41','temperature'),(1377,4,'{\"room_1\": 19.327995379259946, \"room_2\": 21.015123847180785, \"room_3\": 22.20318003025958, \"room_4\": 21.168904062679633}','2019-04-23 04:04:41','temperature'),(1378,4,'{\"room_1\": 21.88433894901882, \"room_2\": 24.348983060380156, \"room_3\": 22.163975846718344, \"room_4\": 21.915560870877464}','2019-04-23 04:34:41','temperature'),(1379,4,'{\"room_1\": 18.986439575968312, \"room_2\": 25.40905545573412, \"room_3\": 21.84636645489961, \"room_4\": 20.83087611498619}','2019-04-23 05:04:41','temperature'),(1380,4,'{\"room_1\": 19.498110115176495, \"room_2\": 24.532667082089887, \"room_3\": 25.991780195002292, \"room_4\": 21.002576492665057}','2019-04-23 05:34:41','temperature'),(1381,4,'{\"room_1\": 22.61488465906151, \"room_2\": 21.27206904608949, \"room_3\": 24.116800259592026, \"room_4\": 22.684059400926643}','2019-04-23 06:04:41','temperature'),(1382,4,'{\"room_1\": 22.043429051084235, \"room_2\": 25.48194026057086, \"room_3\": 23.87321024057231, \"room_4\": 23.65410569306456}','2019-04-23 06:34:41','temperature'),(1383,4,'{\"room_1\": 21.008609910998043, \"room_2\": 21.032672676683212, \"room_3\": 22.383317403698065, \"room_4\": 25.103364137472735}','2019-04-23 07:04:41','temperature'),(1384,4,'{\"room_1\": 19.459982245462427, \"room_2\": 19.696748928680183, \"room_3\": 19.46785968012691, \"room_4\": 22.621121092728067}','2019-04-23 07:34:41','temperature'),(1385,4,'{\"room_1\": 22.642530371576676, \"room_2\": 24.212287182149996, \"room_3\": 21.60948491041589, \"room_4\": 22.47922909312549}','2019-04-23 08:04:41','temperature'),(1386,4,'{\"room_1\": 23.471468507965827, \"room_2\": 24.58211294861406, \"room_3\": 21.62960176530788, \"room_4\": 18.405624943164263}','2019-04-23 08:34:41','temperature'),(1387,4,'{\"room_1\": 23.67791826976368, \"room_2\": 22.060601974712434, \"room_3\": 21.85120519821362, \"room_4\": 21.220239306303633}','2019-04-23 09:04:41','temperature'),(1388,4,'{\"room_1\": 23.681305596979193, \"room_2\": 23.32466197165531, \"room_3\": 21.268228328955537, \"room_4\": 18.478503383563243}','2019-04-23 09:34:41','temperature'),(1389,4,'{\"room_1\": 19.01671733627277, \"room_2\": 24.15295750667596, \"room_3\": 25.895913749618856, \"room_4\": 18.58846112601384}','2019-04-23 10:04:41','temperature'),(1390,4,'{\"room_1\": 19.29421430434992, \"room_2\": 25.89524461196533, \"room_3\": 21.662481638303667, \"room_4\": 23.832186436740606}','2019-04-23 10:34:41','temperature'),(1391,4,'{\"room_1\": 24.80269749251547, \"room_2\": 24.23136380305337, \"room_3\": 21.189013946620488, \"room_4\": 24.889864710009835}','2019-04-23 11:04:41','temperature'),(1392,4,'{\"room_1\": 20.125128946099643, \"room_2\": 23.009719105475018, \"room_3\": 24.951332551644555, \"room_4\": 22.75740849200453}','2019-04-23 11:34:41','temperature'),(1393,4,'{\"room_1\": 25.158028390333683, \"room_2\": 23.774645475080625, \"room_3\": 20.159588311626873, \"room_4\": 24.58344605235923}','2019-04-23 12:04:41','temperature'),(1394,4,'{\"room_1\": 19.62811329372353, \"room_2\": 24.993545042077475, \"room_3\": 18.7548347164878, \"room_4\": 24.79379427995648}','2019-04-23 12:34:41','temperature'),(1395,4,'{\"room_1\": 21.359740889551, \"room_2\": 23.066199504029967, \"room_3\": 19.8670864284777, \"room_4\": 19.015381384918943}','2019-04-23 13:04:41','temperature'),(1396,4,'{\"room_1\": 22.674041013611475, \"room_2\": 21.864738738403194, \"room_3\": 22.3055862218234, \"room_4\": 18.56539158144154}','2019-04-23 13:34:41','temperature'),(1397,4,'{\"room_1\": 24.92259209104343, \"room_2\": 22.320920740352506, \"room_3\": 20.791367705308488, \"room_4\": 18.903417289308724}','2019-04-23 14:04:41','temperature'),(1398,4,'{\"room_1\": 23.460250713275343, \"room_2\": 18.294141320709812, \"room_3\": 18.892575482508892, \"room_4\": 22.848674191636377}','2019-04-23 14:34:41','temperature'),(1399,4,'{\"room_1\": 25.92812107701823, \"room_2\": 20.48214157829003, \"room_3\": 21.41593471791896, \"room_4\": 24.55770990477753}','2019-04-23 15:04:41','temperature'),(1400,4,'{\"room_1\": 20.594393653490297, \"room_2\": 21.02988991981498, \"room_3\": 23.721585890461004, \"room_4\": 19.239615764304283}','2019-04-23 15:34:41','temperature'),(1401,4,'{\"room_1\": 25.37566424156743, \"room_2\": 21.408535353590164, \"room_3\": 24.758842983662767, \"room_4\": 23.415374991069395}','2019-04-23 16:04:41','temperature'),(1402,4,'{\"room_1\": 23.6924298946682, \"room_2\": 18.77149397784823, \"room_3\": 18.055667377635544, \"room_4\": 18.37328517741183}','2019-04-23 16:34:41','temperature'),(1403,4,'{\"room_1\": 19.678464706808285, \"room_2\": 25.277046150334343, \"room_3\": 23.34521968838172, \"room_4\": 23.511471818680228}','2019-04-23 17:04:41','temperature'),(1404,4,'{\"room_1\": 24.726733990374353, \"room_2\": 22.650467447583445, \"room_3\": 21.41776303879129, \"room_4\": 23.100174231891906}','2019-04-23 17:34:41','temperature'),(1405,4,'{\"room_1\": 25.45758218886775, \"room_2\": 21.227651214801064, \"room_3\": 20.23530511827187, \"room_4\": 20.418961200684613}','2019-04-23 18:04:41','temperature'),(1406,4,'{\"room_1\": 18.791646343363094, \"room_2\": 23.20951162748413, \"room_3\": 18.602702629696843, \"room_4\": 23.46328712214572}','2019-04-23 18:34:41','temperature'),(1407,4,'{\"room_1\": 20.88876559524341, \"room_2\": 19.41164161916539, \"room_3\": 24.207303009043063, \"room_4\": 22.05399051639763}','2019-04-23 19:04:41','temperature'),(1408,4,'{\"room_1\": 22.876304704301266, \"room_2\": 24.20766124942048, \"room_3\": 20.05257163869241, \"room_4\": 25.28541809666305}','2019-04-23 19:34:41','temperature'),(1409,4,'{\"room_1\": 19.55558432886847, \"room_2\": 19.03478601712803, \"room_3\": 18.958277786604945, \"room_4\": 24.918619997936904}','2019-04-23 20:04:41','temperature'),(1410,4,'{\"room_1\": 24.08633804428888, \"room_2\": 19.9156042766212, \"room_3\": 19.4113615081871, \"room_4\": 21.892642510446837}','2019-04-23 20:34:41','temperature'),(1411,4,'{\"room_1\": 18.31514283754392, \"room_2\": 25.724875824932017, \"room_3\": 22.380084648073584, \"room_4\": 23.290744264114625}','2019-04-23 21:04:41','temperature'),(1412,4,'{\"room_1\": 23.06617212794685, \"room_2\": 24.30467979727298, \"room_3\": 24.95033330174804, \"room_4\": 25.24206845985252}','2019-04-23 21:34:41','temperature'),(1413,4,'{\"room_1\": 24.043867331678847, \"room_2\": 20.147271713680265, \"room_3\": 20.13024974617063, \"room_4\": 19.4000981408713}','2019-04-23 22:04:41','temperature'),(1414,4,'{\"room_1\": 18.973820129281258, \"room_2\": 23.242152959855993, \"room_3\": 19.80022315199577, \"room_4\": 23.998223720777524}','2019-04-23 22:34:41','temperature'),(1415,4,'{\"room_1\": 22.2509479567925, \"room_2\": 18.95362335777648, \"room_3\": 25.2152684637444, \"room_4\": 23.611214794273344}','2019-04-23 23:04:41','temperature'),(1416,4,'{\"room_1\": 24.81571763647063, \"room_2\": 18.162499326605513, \"room_3\": 25.430860759523235, \"room_4\": 23.64695587332556}','2019-04-23 23:34:41','temperature'),(1417,4,'{\"room_1\": 20.99957992655924, \"room_2\": 20.047036806049803, \"room_3\": 18.633205705442062, \"room_4\": 21.398685973523804}','2019-04-24 00:04:41','temperature'),(1418,4,'{\"room_1\": 24.160974067485796, \"room_2\": 21.38706153483167, \"room_3\": 18.0990999697325, \"room_4\": 22.3813877749988}','2019-04-24 00:34:41','temperature'),(1419,4,'{\"room_1\": 20.10916539941681, \"room_2\": 22.934589005144637, \"room_3\": 18.974922425860143, \"room_4\": 19.378465278296368}','2019-04-24 01:04:41','temperature'),(1420,4,'{\"room_1\": 24.55489184385037, \"room_2\": 19.878919963416728, \"room_3\": 20.03682678943245, \"room_4\": 20.63713663935328}','2019-04-24 01:34:41','temperature'),(1421,4,'{\"room_1\": 24.383093614920263, \"room_2\": 21.119653856458932, \"room_3\": 19.417519251995103, \"room_4\": 19.282345446927632}','2019-04-24 02:04:41','temperature'),(1422,4,'{\"room_1\": 18.369427020157374, \"room_2\": 20.41528646500569, \"room_3\": 25.51189155710125, \"room_4\": 22.746702216466865}','2019-04-24 02:34:41','temperature'),(1423,4,'{\"room_1\": 22.77300459185488, \"room_2\": 18.87423333270821, \"room_3\": 21.52488260688107, \"room_4\": 18.671390305217052}','2019-04-24 03:04:41','temperature'),(1424,4,'{\"room_1\": 18.93878601257599, \"room_2\": 25.25197874173112, \"room_3\": 22.36554458427176, \"room_4\": 25.14005161157734}','2019-04-24 03:34:41','temperature'),(1425,4,'{\"room_1\": 24.27261119552902, \"room_2\": 22.302772908464213, \"room_3\": 23.451799441752325, \"room_4\": 19.790320912825145}','2019-04-24 04:04:41','temperature'),(1426,4,'{\"room_1\": 23.07684227840797, \"room_2\": 24.29815899666561, \"room_3\": 24.50645423147406, \"room_4\": 22.946735880310623}','2019-04-24 04:34:41','temperature'),(1427,4,'{\"room_1\": 24.037728013546804, \"room_2\": 23.93119221715311, \"room_3\": 21.91363668525277, \"room_4\": 24.66803635271624}','2019-04-24 05:04:41','temperature'),(1428,4,'{\"room_1\": 23.501273470581268, \"room_2\": 23.690528426026283, \"room_3\": 25.55324166499167, \"room_4\": 25.55163971607033}','2019-04-24 05:34:41','temperature'),(1429,4,'{\"room_1\": 22.123664367944485, \"room_2\": 21.996468586295208, \"room_3\": 23.295079554255647, \"room_4\": 25.477216014037214}','2019-04-24 06:04:41','temperature'),(1430,4,'{\"room_1\": 25.69779853985107, \"room_2\": 24.49998206647396, \"room_3\": 18.0680895780168, \"room_4\": 19.871381674910367}','2019-04-24 06:34:41','temperature'),(1431,4,'{\"room_1\": 19.040542674348114, \"room_2\": 18.482495348501075, \"room_3\": 19.878349833863723, \"room_4\": 18.91332823954069}','2019-04-24 07:04:41','temperature'),(1432,4,'{\"room_1\": 21.53373759450505, \"room_2\": 22.562219371709737, \"room_3\": 22.20271083918913, \"room_4\": 19.66840720282421}','2019-04-24 07:34:41','temperature'),(1433,4,'{\"room_1\": 25.18965455931364, \"room_2\": 19.6979184589521, \"room_3\": 20.810448557936503, \"room_4\": 24.89973992684436}','2019-04-24 08:04:41','temperature'),(1434,4,'{\"room_1\": 20.730953067553852, \"room_2\": 24.3874144164091, \"room_3\": 25.410424738647833, \"room_4\": 20.709094778243745}','2019-04-24 08:34:41','temperature'),(1435,4,'{\"room_1\": 19.734232348263888, \"room_2\": 18.53434687817682, \"room_3\": 21.27535682965259, \"room_4\": 19.917902021353093}','2019-04-24 09:04:41','temperature'),(1436,4,'{\"room_1\": 21.94450889197778, \"room_2\": 22.62066333195198, \"room_3\": 23.540720338136214, \"room_4\": 18.386475501014527}','2019-04-24 09:34:41','temperature'),(1437,4,'{\"room_1\": 21.361014408241203, \"room_2\": 21.341589982572465, \"room_3\": 23.50042122232006, \"room_4\": 21.22688492363755}','2019-04-24 10:04:41','temperature'),(1438,4,'{\"room_1\": 23.235118691558647, \"room_2\": 19.74868902377772, \"room_3\": 18.151565040346036, \"room_4\": 25.593023210972795}','2019-04-24 10:34:41','temperature'),(1439,4,'{\"room_1\": 19.95668773502733, \"room_2\": 20.516202887806188, \"room_3\": 20.265049145105102, \"room_4\": 19.31532795650697}','2019-04-24 11:04:41','temperature'),(1440,4,'{\"room_1\": 22.738370494335427, \"room_2\": 19.140422056515796, \"room_3\": 20.843774008326164, \"room_4\": 23.554738301995137}','2019-04-24 11:34:41','temperature'),(1441,4,'{\"room_1\": 18.863855563509382, \"room_2\": 20.880104243075856, \"room_3\": 19.19977342803684, \"room_4\": 18.176338711367386}','2019-04-24 12:04:41','temperature'),(1442,4,'{\"room_1\": 25.394513115319292, \"room_2\": 20.65239098695428, \"room_3\": 25.41628835138888, \"room_4\": 20.406612776047982}','2019-04-24 12:34:41','temperature'),(1443,4,'{\"room_1\": 19.351662475095313, \"room_2\": 25.659508557735336, \"room_3\": 23.92273717035591, \"room_4\": 25.343232508684544}','2019-04-24 13:04:41','temperature'),(1444,4,'{\"room_1\": 18.288949284161134, \"room_2\": 19.472169756546727, \"room_3\": 19.700187761917334, \"room_4\": 23.293006315703987}','2019-04-24 13:34:41','temperature'),(1445,4,'{\"room_1\": 20.800204197835207, \"room_2\": 22.819716254457152, \"room_3\": 21.283474964368736, \"room_4\": 24.79918959273575}','2019-04-24 14:04:41','temperature'),(1446,4,'{\"room_1\": 24.34525712347688, \"room_2\": 24.320408673458175, \"room_3\": 23.19783654182018, \"room_4\": 20.652825802455425}','2019-04-24 14:34:41','temperature'),(1447,4,'{\"room_1\": 22.798860582192574, \"room_2\": 24.94444808087993, \"room_3\": 22.94783148140672, \"room_4\": 25.239430699504897}','2019-04-24 15:04:41','temperature'),(1448,4,'{\"room_1\": 22.034353953608125, \"room_2\": 22.835970876272967, \"room_3\": 21.320605202142417, \"room_4\": 25.506865771431578}','2019-04-24 15:34:41','temperature'),(1449,4,'{\"room_1\": 25.416701884786026, \"room_2\": 21.12733423655889, \"room_3\": 22.93877539001454, \"room_4\": 25.05555978284695}','2019-04-24 16:04:41','temperature'),(1450,4,'{\"room_1\": 23.474652629282687, \"room_2\": 21.457188262638866, \"room_3\": 18.037561655596217, \"room_4\": 25.36574042652076}','2019-04-24 16:34:41','temperature'),(1451,4,'{\"room_1\": 54.77103825657627, \"room_2\": 63.62888399939031, \"room_3\": 71.16721067208351, \"room_4\": 46.86140550083836}','2019-04-21 16:34:41','humidity'),(1452,4,'{\"room_1\": 99.31146145230944, \"room_2\": 86.97391320805843, \"room_3\": 47.12996302886339, \"room_4\": 67.48397071948213}','2019-04-21 17:04:41','humidity'),(1453,4,'{\"room_1\": 59.86464792918926, \"room_2\": 77.38362964409656, \"room_3\": 72.3930685794671, \"room_4\": 83.14296916801678}','2019-04-21 17:34:41','humidity'),(1454,4,'{\"room_1\": 72.889399663553, \"room_2\": 86.05626157310505, \"room_3\": 60.004393451642606, \"room_4\": 44.911729063828176}','2019-04-21 18:04:41','humidity'),(1455,4,'{\"room_1\": 85.62242258282353, \"room_2\": 95.39588642864834, \"room_3\": 64.03914235553432, \"room_4\": 41.59129003496616}','2019-04-21 18:34:41','humidity'),(1456,4,'{\"room_1\": 58.15610433809824, \"room_2\": 99.7938827154907, \"room_3\": 82.26975429752048, \"room_4\": 69.11539152262992}','2019-04-21 19:04:41','humidity'),(1457,4,'{\"room_1\": 41.82845647841483, \"room_2\": 96.90745974205436, \"room_3\": 86.38618802697385, \"room_4\": 82.55409623406989}','2019-04-21 19:34:41','humidity'),(1458,4,'{\"room_1\": 56.23031531870785, \"room_2\": 80.85144618854048, \"room_3\": 97.32083436025678, \"room_4\": 88.53090506689264}','2019-04-21 20:04:41','humidity'),(1459,4,'{\"room_1\": 92.85224907465344, \"room_2\": 71.82422795388514, \"room_3\": 78.55158338710604, \"room_4\": 70.84306043268612}','2019-04-21 20:34:41','humidity'),(1460,4,'{\"room_1\": 55.083060006698304, \"room_2\": 41.99175255161501, \"room_3\": 94.6605290532317, \"room_4\": 41.4399320484626}','2019-04-21 21:04:41','humidity'),(1461,4,'{\"room_1\": 73.68932111770036, \"room_2\": 85.53639651678661, \"room_3\": 94.60471006285628, \"room_4\": 88.18243238060758}','2019-04-21 21:34:41','humidity'),(1462,4,'{\"room_1\": 44.43170024019261, \"room_2\": 61.67187722847649, \"room_3\": 92.83501222312252, \"room_4\": 54.27190031750298}','2019-04-21 22:04:41','humidity'),(1463,4,'{\"room_1\": 67.70039133015194, \"room_2\": 75.09758912988269, \"room_3\": 92.64640395212598, \"room_4\": 44.54528731068574}','2019-04-21 22:34:41','humidity'),(1464,4,'{\"room_1\": 80.70613741763354, \"room_2\": 98.7220267435815, \"room_3\": 59.33758950120562, \"room_4\": 55.04761027410384}','2019-04-21 23:04:41','humidity'),(1465,4,'{\"room_1\": 86.27122525429533, \"room_2\": 82.0150183538823, \"room_3\": 77.88259335385986, \"room_4\": 64.80136052319804}','2019-04-21 23:34:41','humidity'),(1466,4,'{\"room_1\": 88.13747748517073, \"room_2\": 94.59926477363727, \"room_3\": 89.94448569689946, \"room_4\": 78.93727227591839}','2019-04-22 00:04:41','humidity'),(1467,4,'{\"room_1\": 72.4027350317501, \"room_2\": 95.59184994766882, \"room_3\": 87.41013524312558, \"room_4\": 48.59384181801762}','2019-04-22 00:34:41','humidity'),(1468,4,'{\"room_1\": 88.12508343405696, \"room_2\": 56.17295385774342, \"room_3\": 86.53989675731353, \"room_4\": 48.34099314073432}','2019-04-22 01:04:41','humidity'),(1469,4,'{\"room_1\": 74.18287845941245, \"room_2\": 63.050599485959346, \"room_3\": 68.9958438003048, \"room_4\": 98.75039178071764}','2019-04-22 01:34:41','humidity'),(1470,4,'{\"room_1\": 80.50217726800929, \"room_2\": 48.01428630033677, \"room_3\": 95.08926004300844, \"room_4\": 44.61599718142135}','2019-04-22 02:04:41','humidity'),(1471,4,'{\"room_1\": 50.736260281077456, \"room_2\": 56.78602351417085, \"room_3\": 97.40554664979402, \"room_4\": 74.28720097021517}','2019-04-22 02:34:41','humidity'),(1472,4,'{\"room_1\": 59.358738410188685, \"room_2\": 71.91656961773701, \"room_3\": 76.22115417358742, \"room_4\": 70.5084722901747}','2019-04-22 03:04:41','humidity'),(1473,4,'{\"room_1\": 63.18991085670584, \"room_2\": 53.60421713763037, \"room_3\": 53.23971371032693, \"room_4\": 64.081326638374}','2019-04-22 03:34:41','humidity'),(1474,4,'{\"room_1\": 75.56502879597504, \"room_2\": 73.83980293601185, \"room_3\": 47.209170537971346, \"room_4\": 51.99399927332425}','2019-04-22 04:04:41','humidity'),(1475,4,'{\"room_1\": 84.83276386398504, \"room_2\": 51.35645774054656, \"room_3\": 90.51189446652592, \"room_4\": 89.59822756390396}','2019-04-22 04:34:41','humidity'),(1476,4,'{\"room_1\": 81.55446523643943, \"room_2\": 79.7196734046295, \"room_3\": 66.78128100755774, \"room_4\": 97.01495221042254}','2019-04-22 05:04:41','humidity'),(1477,4,'{\"room_1\": 90.02046783056286, \"room_2\": 45.57619047880354, \"room_3\": 41.62381835134586, \"room_4\": 78.71570819427714}','2019-04-22 05:34:41','humidity'),(1478,4,'{\"room_1\": 51.913681806358255, \"room_2\": 70.09112302022098, \"room_3\": 95.50640136771123, \"room_4\": 82.55618454283771}','2019-04-22 06:04:41','humidity'),(1479,4,'{\"room_1\": 62.574475653190575, \"room_2\": 79.61444603436274, \"room_3\": 41.6776912016346, \"room_4\": 80.75029142239009}','2019-04-22 06:34:41','humidity'),(1480,4,'{\"room_1\": 58.72596979568637, \"room_2\": 53.13551804077157, \"room_3\": 81.25794331336655, \"room_4\": 81.16133104317981}','2019-04-22 07:04:41','humidity'),(1481,4,'{\"room_1\": 83.57718937168347, \"room_2\": 64.3357115694535, \"room_3\": 80.45311931942413, \"room_4\": 91.1163775383525}','2019-04-22 07:34:41','humidity'),(1482,4,'{\"room_1\": 48.55227575371858, \"room_2\": 79.67974106096406, \"room_3\": 49.10020319854284, \"room_4\": 77.10550159407651}','2019-04-22 08:04:41','humidity'),(1483,4,'{\"room_1\": 80.94547830004868, \"room_2\": 64.91468394656567, \"room_3\": 56.299045325966645, \"room_4\": 44.52772151719342}','2019-04-22 08:34:41','humidity'),(1484,4,'{\"room_1\": 63.063310884252104, \"room_2\": 59.10670495655393, \"room_3\": 59.694102335655565, \"room_4\": 63.62738688375213}','2019-04-22 09:04:41','humidity'),(1485,4,'{\"room_1\": 97.52514295546747, \"room_2\": 43.343824278731105, \"room_3\": 75.94415789401435, \"room_4\": 65.63147447859657}','2019-04-22 09:34:41','humidity'),(1486,4,'{\"room_1\": 82.0281973194073, \"room_2\": 76.2046312819206, \"room_3\": 76.80785750792835, \"room_4\": 78.78709127336823}','2019-04-22 10:04:41','humidity'),(1487,4,'{\"room_1\": 94.91601861474749, \"room_2\": 75.0628505797147, \"room_3\": 87.3750324119533, \"room_4\": 77.61003085792895}','2019-04-22 10:34:41','humidity'),(1488,4,'{\"room_1\": 98.96807969240614, \"room_2\": 84.60278719862376, \"room_3\": 54.25937763302165, \"room_4\": 96.31822133464324}','2019-04-22 11:04:41','humidity'),(1489,4,'{\"room_1\": 52.6502949632111, \"room_2\": 94.60865500333853, \"room_3\": 77.79041398721014, \"room_4\": 70.27901204455156}','2019-04-22 11:34:41','humidity'),(1490,4,'{\"room_1\": 65.01603692175493, \"room_2\": 79.34820465370427, \"room_3\": 78.88019253806925, \"room_4\": 80.42639421419707}','2019-04-22 12:04:41','humidity'),(1491,4,'{\"room_1\": 71.10965843613315, \"room_2\": 59.97999302724321, \"room_3\": 94.4798284666238, \"room_4\": 44.13127785943193}','2019-04-22 12:34:41','humidity'),(1492,4,'{\"room_1\": 44.63192445858121, \"room_2\": 90.56854049459822, \"room_3\": 95.77487822914142, \"room_4\": 67.18426999934657}','2019-04-22 13:04:41','humidity'),(1493,4,'{\"room_1\": 85.7915537989652, \"room_2\": 78.69144551855761, \"room_3\": 48.522123740589294, \"room_4\": 91.82705428236764}','2019-04-22 13:34:41','humidity'),(1494,4,'{\"room_1\": 94.8955739665875, \"room_2\": 70.07415370487101, \"room_3\": 98.26972903288951, \"room_4\": 62.958307671863295}','2019-04-22 14:04:41','humidity'),(1495,4,'{\"room_1\": 63.17079534654764, \"room_2\": 69.82852821032722, \"room_3\": 82.36721098357148, \"room_4\": 56.60391851167796}','2019-04-22 14:34:41','humidity'),(1496,4,'{\"room_1\": 47.56569207105105, \"room_2\": 64.84521763151591, \"room_3\": 90.66768978426282, \"room_4\": 95.34264437186658}','2019-04-22 15:04:41','humidity'),(1497,4,'{\"room_1\": 54.14802066158599, \"room_2\": 56.65876332489587, \"room_3\": 65.66841571885853, \"room_4\": 42.90504088801184}','2019-04-22 15:34:41','humidity'),(1498,4,'{\"room_1\": 71.51920262854004, \"room_2\": 87.10091572338266, \"room_3\": 75.99790855080813, \"room_4\": 89.03151187671179}','2019-04-22 16:04:41','humidity'),(1499,4,'{\"room_1\": 85.2886571318806, \"room_2\": 98.53548574696306, \"room_3\": 41.61725171221422, \"room_4\": 59.23550588039838}','2019-04-22 16:34:41','humidity'),(1500,4,'{\"room_1\": 89.03098438924606, \"room_2\": 45.45722982341741, \"room_3\": 49.60307259079544, \"room_4\": 81.89898442780697}','2019-04-22 17:04:41','humidity'),(1501,4,'{\"room_1\": 75.09517469031766, \"room_2\": 43.315190060889826, \"room_3\": 52.068058008476186, \"room_4\": 86.90177730303614}','2019-04-22 17:34:41','humidity'),(1502,4,'{\"room_1\": 95.44682764512706, \"room_2\": 83.08413967867114, \"room_3\": 78.67811632312862, \"room_4\": 92.5285463235771}','2019-04-22 18:04:41','humidity'),(1503,4,'{\"room_1\": 98.07824199065288, \"room_2\": 75.94506644511532, \"room_3\": 81.37909106331881, \"room_4\": 50.14589852326816}','2019-04-22 18:34:41','humidity'),(1504,4,'{\"room_1\": 96.93908789483058, \"room_2\": 57.262629284712276, \"room_3\": 45.55060744630635, \"room_4\": 57.83362233903564}','2019-04-22 19:04:41','humidity'),(1505,4,'{\"room_1\": 86.85617858761904, \"room_2\": 87.72108097796635, \"room_3\": 44.97514334613936, \"room_4\": 77.55519839440942}','2019-04-22 19:34:41','humidity'),(1506,4,'{\"room_1\": 91.20299257017726, \"room_2\": 76.22931678369811, \"room_3\": 73.2764027133019, \"room_4\": 62.04558088574595}','2019-04-22 20:04:41','humidity'),(1507,4,'{\"room_1\": 58.21672319480817, \"room_2\": 94.24183381379504, \"room_3\": 60.35552915881887, \"room_4\": 97.22985494486409}','2019-04-22 20:34:41','humidity'),(1508,4,'{\"room_1\": 87.69663430513104, \"room_2\": 50.82834531665652, \"room_3\": 75.47162983930681, \"room_4\": 53.486711551730366}','2019-04-22 21:04:41','humidity'),(1509,4,'{\"room_1\": 84.21729089525579, \"room_2\": 63.40027910734833, \"room_3\": 87.17683902700648, \"room_4\": 60.528369459148294}','2019-04-22 21:34:41','humidity'),(1510,4,'{\"room_1\": 53.16548983930625, \"room_2\": 50.16430820038039, \"room_3\": 62.151337392286464, \"room_4\": 89.49308015851713}','2019-04-22 22:04:41','humidity'),(1511,4,'{\"room_1\": 68.4934640659504, \"room_2\": 91.22552024436531, \"room_3\": 56.158348446554086, \"room_4\": 45.49731489122432}','2019-04-22 22:34:41','humidity'),(1512,4,'{\"room_1\": 46.35237648962448, \"room_2\": 96.97352353749449, \"room_3\": 91.85292237571056, \"room_4\": 49.67087087819063}','2019-04-22 23:04:41','humidity'),(1513,4,'{\"room_1\": 61.91088111711528, \"room_2\": 58.59945062569106, \"room_3\": 83.23193941153954, \"room_4\": 98.79138800721336}','2019-04-22 23:34:41','humidity'),(1514,4,'{\"room_1\": 66.45428910957284, \"room_2\": 79.06592151514968, \"room_3\": 58.77640964815974, \"room_4\": 52.132093047710335}','2019-04-23 00:04:41','humidity'),(1515,4,'{\"room_1\": 45.57268739656412, \"room_2\": 89.19358673007119, \"room_3\": 59.81047116024481, \"room_4\": 52.78559545064887}','2019-04-23 00:34:41','humidity'),(1516,4,'{\"room_1\": 89.18510469514896, \"room_2\": 41.55677496774822, \"room_3\": 70.66993473409157, \"room_4\": 48.133275896353005}','2019-04-23 01:04:41','humidity'),(1517,4,'{\"room_1\": 98.45512786423733, \"room_2\": 99.6212123815169, \"room_3\": 42.41825126224986, \"room_4\": 61.04939556795979}','2019-04-23 01:34:41','humidity'),(1518,4,'{\"room_1\": 52.82729576095257, \"room_2\": 73.36750781181325, \"room_3\": 86.32580775021611, \"room_4\": 73.7815759278646}','2019-04-23 02:04:41','humidity'),(1519,4,'{\"room_1\": 60.55296922182855, \"room_2\": 98.85322385326477, \"room_3\": 99.73273476653787, \"room_4\": 79.0987923106899}','2019-04-23 02:34:41','humidity'),(1520,4,'{\"room_1\": 99.37359085742516, \"room_2\": 78.52869814346369, \"room_3\": 54.73611831602898, \"room_4\": 74.54238187589849}','2019-04-23 03:04:41','humidity'),(1521,4,'{\"room_1\": 44.35055260058012, \"room_2\": 61.08722958942843, \"room_3\": 48.5814300076362, \"room_4\": 72.90691551053368}','2019-04-23 03:34:41','humidity'),(1522,4,'{\"room_1\": 44.99006881945248, \"room_2\": 42.25088485327959, \"room_3\": 56.36426682311243, \"room_4\": 77.91211326905695}','2019-04-23 04:04:41','humidity'),(1523,4,'{\"room_1\": 86.23460716506605, \"room_2\": 61.252816951187874, \"room_3\": 96.52377401488276, \"room_4\": 97.6824383256257}','2019-04-23 04:34:41','humidity'),(1524,4,'{\"room_1\": 46.8516643925299, \"room_2\": 79.90021579310056, \"room_3\": 90.1884809999595, \"room_4\": 52.71158974715805}','2019-04-23 05:04:41','humidity'),(1525,4,'{\"room_1\": 80.52490643458168, \"room_2\": 70.8838867065576, \"room_3\": 77.9476271308705, \"room_4\": 85.9902190148284}','2019-04-23 05:34:41','humidity'),(1526,4,'{\"room_1\": 65.3044270773868, \"room_2\": 46.46457814408341, \"room_3\": 42.47962281493304, \"room_4\": 57.55328149729861}','2019-04-23 06:04:41','humidity'),(1527,4,'{\"room_1\": 95.2847547122106, \"room_2\": 90.21955863661208, \"room_3\": 67.4189464009961, \"room_4\": 58.541930025109394}','2019-04-23 06:34:41','humidity'),(1528,4,'{\"room_1\": 75.44628973253037, \"room_2\": 58.73749811707658, \"room_3\": 53.302387010179, \"room_4\": 81.96343703085476}','2019-04-23 07:04:41','humidity'),(1529,4,'{\"room_1\": 42.46124925469462, \"room_2\": 86.47729329499741, \"room_3\": 52.69352581193438, \"room_4\": 46.1943603018728}','2019-04-23 07:34:41','humidity'),(1530,4,'{\"room_1\": 90.09682607669248, \"room_2\": 92.41093724752297, \"room_3\": 55.8438034083492, \"room_4\": 87.34749853453229}','2019-04-23 08:04:41','humidity'),(1531,4,'{\"room_1\": 78.48879000638243, \"room_2\": 72.14368679118866, \"room_3\": 82.50485305486256, \"room_4\": 50.24644622044213}','2019-04-23 08:34:41','humidity'),(1532,4,'{\"room_1\": 98.36554419124434, \"room_2\": 56.42440658396134, \"room_3\": 61.237108912924555, \"room_4\": 73.45934475974087}','2019-04-23 09:04:41','humidity'),(1533,4,'{\"room_1\": 83.01280685125462, \"room_2\": 87.25207106912829, \"room_3\": 73.5193409219529, \"room_4\": 83.98751286095768}','2019-04-23 09:34:41','humidity'),(1534,4,'{\"room_1\": 57.043491985151505, \"room_2\": 98.69589856114143, \"room_3\": 89.76210023290312, \"room_4\": 92.2348196479716}','2019-04-23 10:04:41','humidity'),(1535,4,'{\"room_1\": 68.75342050452394, \"room_2\": 84.96947192145697, \"room_3\": 43.00546667506327, \"room_4\": 43.865594333067904}','2019-04-23 10:34:41','humidity'),(1536,4,'{\"room_1\": 88.44238440283675, \"room_2\": 94.54768662120613, \"room_3\": 54.825985638591824, \"room_4\": 50.79126833195342}','2019-04-23 11:04:41','humidity'),(1537,4,'{\"room_1\": 45.6201047818159, \"room_2\": 57.8048083737366, \"room_3\": 78.39616580406603, \"room_4\": 84.98628393037228}','2019-04-23 11:34:41','humidity'),(1538,4,'{\"room_1\": 84.47479766459864, \"room_2\": 97.5054170572074, \"room_3\": 59.30148266689699, \"room_4\": 60.6915043537273}','2019-04-23 12:04:41','humidity'),(1539,4,'{\"room_1\": 78.0663977917201, \"room_2\": 78.81955655768935, \"room_3\": 77.00129202172103, \"room_4\": 54.55529111819875}','2019-04-23 12:34:41','humidity'),(1540,4,'{\"room_1\": 92.0387547475038, \"room_2\": 53.063413952648446, \"room_3\": 94.690724082282, \"room_4\": 88.49986704928278}','2019-04-23 13:04:41','humidity'),(1541,4,'{\"room_1\": 63.192843267000995, \"room_2\": 47.89126422036138, \"room_3\": 97.10153960653112, \"room_4\": 83.87132076985482}','2019-04-23 13:34:41','humidity'),(1542,4,'{\"room_1\": 41.47684748269451, \"room_2\": 94.19427883375624, \"room_3\": 74.91001041326479, \"room_4\": 64.09406706290339}','2019-04-23 14:04:41','humidity'),(1543,4,'{\"room_1\": 45.1651390966321, \"room_2\": 47.46343308899151, \"room_3\": 82.82076121927338, \"room_4\": 41.64625538147397}','2019-04-23 14:34:41','humidity'),(1544,4,'{\"room_1\": 59.48044057651582, \"room_2\": 90.20105945685394, \"room_3\": 52.23256500108266, \"room_4\": 91.97997685759525}','2019-04-23 15:04:41','humidity'),(1545,4,'{\"room_1\": 83.3770576179954, \"room_2\": 58.272847086781056, \"room_3\": 66.92209444498887, \"room_4\": 49.27660946065388}','2019-04-23 15:34:41','humidity'),(1546,4,'{\"room_1\": 97.22885434447494, \"room_2\": 91.53714377798264, \"room_3\": 52.6151348179647, \"room_4\": 95.76761420075096}','2019-04-23 16:04:41','humidity'),(1547,4,'{\"room_1\": 60.49950215330784, \"room_2\": 66.22384334899897, \"room_3\": 70.03445905766831, \"room_4\": 92.55619910086818}','2019-04-23 16:34:41','humidity'),(1548,4,'{\"room_1\": 93.8942155662667, \"room_2\": 73.45728453412951, \"room_3\": 79.7497511604775, \"room_4\": 50.842047284890555}','2019-04-23 17:04:41','humidity'),(1549,4,'{\"room_1\": 56.134089672690976, \"room_2\": 59.80622709563166, \"room_3\": 95.73614860814848, \"room_4\": 43.34290785937942}','2019-04-23 17:34:41','humidity'),(1550,4,'{\"room_1\": 51.90034302164675, \"room_2\": 42.731582532523234, \"room_3\": 61.37130829293182, \"room_4\": 40.01195404438909}','2019-04-23 18:04:41','humidity'),(1551,4,'{\"room_1\": 42.128731643619815, \"room_2\": 59.98325602691979, \"room_3\": 93.23346866592208, \"room_4\": 82.64374806920796}','2019-04-23 18:34:41','humidity'),(1552,4,'{\"room_1\": 68.46661586205545, \"room_2\": 71.78713276811399, \"room_3\": 42.78833952460487, \"room_4\": 83.73527671878111}','2019-04-23 19:04:41','humidity'),(1553,4,'{\"room_1\": 92.299209405929, \"room_2\": 51.86901068178837, \"room_3\": 79.68356342874736, \"room_4\": 64.77763158034921}','2019-04-23 19:34:41','humidity'),(1554,4,'{\"room_1\": 91.42494949939145, \"room_2\": 48.54599580069393, \"room_3\": 49.909003112059686, \"room_4\": 93.22848525798904}','2019-04-23 20:04:41','humidity'),(1555,4,'{\"room_1\": 49.926916124034875, \"room_2\": 92.13591273541786, \"room_3\": 94.19517600271912, \"room_4\": 72.23437698865153}','2019-04-23 20:34:41','humidity'),(1556,4,'{\"room_1\": 72.31648612938345, \"room_2\": 74.36910678235023, \"room_3\": 72.44993340029018, \"room_4\": 53.19132032285725}','2019-04-23 21:04:41','humidity'),(1557,4,'{\"room_1\": 97.69266758099648, \"room_2\": 86.77181577552898, \"room_3\": 64.84333204995724, \"room_4\": 77.86937216850697}','2019-04-23 21:34:41','humidity'),(1558,4,'{\"room_1\": 61.322100933838314, \"room_2\": 61.236576810352105, \"room_3\": 71.53612988836326, \"room_4\": 91.11765598749624}','2019-04-23 22:04:41','humidity'),(1559,4,'{\"room_1\": 43.204368610957886, \"room_2\": 94.31121829910428, \"room_3\": 75.66197324032504, \"room_4\": 81.5252231613015}','2019-04-23 22:34:41','humidity'),(1560,4,'{\"room_1\": 97.2606950558405, \"room_2\": 79.88829946945141, \"room_3\": 73.7632273787732, \"room_4\": 45.96182060009091}','2019-04-23 23:04:41','humidity'),(1561,4,'{\"room_1\": 87.84806088013204, \"room_2\": 98.90792806112916, \"room_3\": 84.8658218541904, \"room_4\": 68.6466560447424}','2019-04-23 23:34:41','humidity'),(1562,4,'{\"room_1\": 70.16855205060125, \"room_2\": 87.1671907730129, \"room_3\": 42.41488761712866, \"room_4\": 96.2091691546257}','2019-04-24 00:04:41','humidity'),(1563,4,'{\"room_1\": 61.60264398521221, \"room_2\": 82.33911126239002, \"room_3\": 54.77444565327211, \"room_4\": 99.96182371262756}','2019-04-24 00:34:41','humidity'),(1564,4,'{\"room_1\": 87.77799599736034, \"room_2\": 59.54991634912839, \"room_3\": 77.76156738858255, \"room_4\": 48.92668603879277}','2019-04-24 01:04:41','humidity'),(1565,4,'{\"room_1\": 59.31154838124617, \"room_2\": 78.00028835231362, \"room_3\": 73.57434211756842, \"room_4\": 51.94550232103956}','2019-04-24 01:34:41','humidity'),(1566,4,'{\"room_1\": 92.77424526017228, \"room_2\": 77.4424724094935, \"room_3\": 88.9074608476256, \"room_4\": 41.56954214108234}','2019-04-24 02:04:41','humidity'),(1567,4,'{\"room_1\": 41.703727097005505, \"room_2\": 93.70411270634298, \"room_3\": 64.15351056276312, \"room_4\": 75.61901381510329}','2019-04-24 02:34:41','humidity'),(1568,4,'{\"room_1\": 53.56443800434961, \"room_2\": 53.50451711668321, \"room_3\": 73.64720663514592, \"room_4\": 93.59111948408598}','2019-04-24 03:04:41','humidity'),(1569,4,'{\"room_1\": 74.35170359274704, \"room_2\": 94.22035970596215, \"room_3\": 61.885587519577385, \"room_4\": 96.22717098908888}','2019-04-24 03:34:41','humidity'),(1570,4,'{\"room_1\": 50.967982166350765, \"room_2\": 45.92552111847433, \"room_3\": 76.77891271968645, \"room_4\": 91.10515432231604}','2019-04-24 04:04:41','humidity'),(1571,4,'{\"room_1\": 40.591640147373255, \"room_2\": 75.14571119031126, \"room_3\": 93.59576881417644, \"room_4\": 80.05359813824677}','2019-04-24 04:34:41','humidity'),(1572,4,'{\"room_1\": 40.012284003655395, \"room_2\": 42.046656235533305, \"room_3\": 61.28031434645765, \"room_4\": 40.73065935725637}','2019-04-24 05:04:41','humidity'),(1573,4,'{\"room_1\": 80.53751256702691, \"room_2\": 95.464193836042, \"room_3\": 82.03281538172864, \"room_4\": 67.97809932882502}','2019-04-24 05:34:41','humidity'),(1574,4,'{\"room_1\": 66.16083127278934, \"room_2\": 72.67481802690695, \"room_3\": 48.81778798606918, \"room_4\": 90.85156992609254}','2019-04-24 06:04:41','humidity'),(1575,4,'{\"room_1\": 52.208246005396745, \"room_2\": 57.35072140317029, \"room_3\": 91.84148306782618, \"room_4\": 94.26143497492404}','2019-04-24 06:34:41','humidity'),(1576,4,'{\"room_1\": 87.15938741933692, \"room_2\": 77.62808245423314, \"room_3\": 85.49688865524456, \"room_4\": 80.23696147041052}','2019-04-24 07:04:41','humidity'),(1577,4,'{\"room_1\": 41.9172026523512, \"room_2\": 58.27870310377968, \"room_3\": 44.71736051781934, \"room_4\": 49.018454894275536}','2019-04-24 07:34:41','humidity'),(1578,4,'{\"room_1\": 83.74674073277258, \"room_2\": 62.52907374853362, \"room_3\": 48.28345730884418, \"room_4\": 53.88353059486539}','2019-04-24 08:04:41','humidity'),(1579,4,'{\"room_1\": 88.18234234239087, \"room_2\": 64.60327964744636, \"room_3\": 52.96656825613765, \"room_4\": 47.01389223538546}','2019-04-24 08:34:41','humidity'),(1580,4,'{\"room_1\": 84.52122144051441, \"room_2\": 92.6390436644471, \"room_3\": 74.64261556993497, \"room_4\": 48.836108278369494}','2019-04-24 09:04:41','humidity'),(1581,4,'{\"room_1\": 58.60111047073603, \"room_2\": 63.16310112260697, \"room_3\": 90.50566468768348, \"room_4\": 48.08275159582371}','2019-04-24 09:34:41','humidity'),(1582,4,'{\"room_1\": 41.686553946565766, \"room_2\": 99.11448553515532, \"room_3\": 41.64855770583927, \"room_4\": 47.871160051616634}','2019-04-24 10:04:41','humidity'),(1583,4,'{\"room_1\": 41.22026108013444, \"room_2\": 56.3843603198421, \"room_3\": 44.02128706324242, \"room_4\": 50.559839816652705}','2019-04-24 10:34:41','humidity'),(1584,4,'{\"room_1\": 82.99004645585009, \"room_2\": 89.61239253665796, \"room_3\": 73.41298458357252, \"room_4\": 99.40994801109537}','2019-04-24 11:04:41','humidity'),(1585,4,'{\"room_1\": 41.52557326467533, \"room_2\": 41.45604638668552, \"room_3\": 67.01368962224898, \"room_4\": 78.59896372656422}','2019-04-24 11:34:41','humidity'),(1586,4,'{\"room_1\": 79.41553303920759, \"room_2\": 91.26361127876274, \"room_3\": 43.29736379884646, \"room_4\": 50.869376996941114}','2019-04-24 12:04:41','humidity'),(1587,4,'{\"room_1\": 83.40113461303577, \"room_2\": 53.08487994263977, \"room_3\": 40.46849601711393, \"room_4\": 51.73707192120382}','2019-04-24 12:34:41','humidity'),(1588,4,'{\"room_1\": 48.89951256545773, \"room_2\": 93.46536239583172, \"room_3\": 85.06041766952586, \"room_4\": 59.62110669956884}','2019-04-24 13:04:41','humidity'),(1589,4,'{\"room_1\": 46.37341218462301, \"room_2\": 93.37009580426174, \"room_3\": 71.72656464146023, \"room_4\": 70.57468000138294}','2019-04-24 13:34:41','humidity'),(1590,4,'{\"room_1\": 94.04704877642656, \"room_2\": 97.53915148466592, \"room_3\": 60.62742717428539, \"room_4\": 76.21344519362165}','2019-04-24 14:04:41','humidity'),(1591,4,'{\"room_1\": 52.66986010520286, \"room_2\": 85.72571385943485, \"room_3\": 87.83737118894865, \"room_4\": 97.9946012260048}','2019-04-24 14:34:41','humidity'),(1592,4,'{\"room_1\": 47.59397059984368, \"room_2\": 60.9813068942226, \"room_3\": 69.00595042801083, \"room_4\": 93.02635129215932}','2019-04-24 15:04:41','humidity'),(1593,4,'{\"room_1\": 72.69715176885389, \"room_2\": 87.84731121878096, \"room_3\": 42.35216722745152, \"room_4\": 99.58701318496782}','2019-04-24 15:34:41','humidity'),(1594,4,'{\"room_1\": 52.868786154901144, \"room_2\": 77.75304064593449, \"room_3\": 79.34789373184995, \"room_4\": 43.661815886334}','2019-04-24 16:04:41','humidity'),(1595,4,'{\"room_1\": 81.80553046738045, \"room_2\": 51.510428774904845, \"room_3\": 94.6372052796318, \"room_4\": 97.58365324697414}','2019-04-24 16:34:41','humidity'),(1596,4,'{\"room_1\": true, \"room_2\": true, \"room_3\": false, \"room_4\": false}','2019-04-21 16:34:41','movement'),(1597,4,'{\"room_1\": true, \"room_2\": true, \"room_3\": false, \"room_4\": false}','2019-04-21 17:04:41','movement'),(1598,4,'{\"room_1\": true, \"room_2\": true, \"room_3\": true, \"room_4\": false}','2019-04-21 17:34:41','movement'),(1599,4,'{\"room_1\": false, \"room_2\": false, \"room_3\": false, \"room_4\": true}','2019-04-21 18:04:41','movement'),(1600,4,'{\"room_1\": true, \"room_2\": true, \"room_3\": true, \"room_4\": false}','2019-04-21 18:34:41','movement'),(1601,4,'{\"room_1\": false, \"room_2\": true, \"room_3\": true, \"room_4\": true}','2019-04-21 19:04:41','movement'),(1602,4,'{\"room_1\": false, \"room_2\": false, \"room_3\": false, \"room_4\": true}','2019-04-21 19:34:41','movement'),(1603,4,'{\"room_1\": true, \"room_2\": false, \"room_3\": true, \"room_4\": true}','2019-04-21 20:04:41','movement'),(1604,4,'{\"room_1\": true, \"room_2\": false, \"room_3\": false, \"room_4\": false}','2019-04-21 20:34:41','movement'),(1605,4,'{\"room_1\": false, \"room_2\": true, \"room_3\": false, \"room_4\": false}','2019-04-21 21:04:41','movement'),(1606,4,'{\"room_1\": true, \"room_2\": true, \"room_3\": true, \"room_4\": true}','2019-04-21 21:34:41','movement'),(1607,4,'{\"room_1\": false, \"room_2\": false, \"room_3\": false, \"room_4\": true}','2019-04-21 22:04:41','movement'),(1608,4,'{\"room_1\": true, \"room_2\": true, \"room_3\": true, \"room_4\": true}','2019-04-21 22:34:41','movement'),(1609,4,'{\"room_1\": false, \"room_2\": true, \"room_3\": true, \"room_4\": false}','2019-04-21 23:04:41','movement'),(1610,4,'{\"room_1\": true, \"room_2\": true, \"room_3\": true, \"room_4\": false}','2019-04-21 23:34:41','movement'),(1611,4,'{\"room_1\": false, \"room_2\": false, \"room_3\": true, \"room_4\": true}','2019-04-22 00:04:41','movement'),(1612,4,'{\"room_1\": true, \"room_2\": true, \"room_3\": false, \"room_4\": false}','2019-04-22 00:34:41','movement'),(1613,4,'{\"room_1\": false, \"room_2\": false, \"room_3\": false, \"room_4\": false}','2019-04-22 01:04:41','movement'),(1614,4,'{\"room_1\": false, \"room_2\": true, \"room_3\": true, \"room_4\": false}','2019-04-22 01:34:41','movement'),(1615,4,'{\"room_1\": false, \"room_2\": false, \"room_3\": true, \"room_4\": true}','2019-04-22 02:04:41','movement'),(1616,4,'{\"room_1\": false, \"room_2\": true, \"room_3\": false, \"room_4\": false}','2019-04-22 02:34:41','movement'),(1617,4,'{\"room_1\": false, \"room_2\": false, \"room_3\": false, \"room_4\": true}','2019-04-22 03:04:41','movement'),(1618,4,'{\"room_1\": true, \"room_2\": true, \"room_3\": true, \"room_4\": true}','2019-04-22 03:34:41','movement'),(1619,4,'{\"room_1\": false, \"room_2\": false, \"room_3\": true, \"room_4\": false}','2019-04-22 04:04:41','movement'),(1620,4,'{\"room_1\": true, \"room_2\": false, \"room_3\": false, \"room_4\": false}','2019-04-22 04:34:41','movement'),(1621,4,'{\"room_1\": false, \"room_2\": false, \"room_3\": false, \"room_4\": false}','2019-04-22 05:04:41','movement'),(1622,4,'{\"room_1\": true, \"room_2\": false, \"room_3\": true, \"room_4\": true}','2019-04-22 05:34:41','movement'),(1623,4,'{\"room_1\": false, \"room_2\": true, \"room_3\": true, \"room_4\": false}','2019-04-22 06:04:41','movement'),(1624,4,'{\"room_1\": false, \"room_2\": false, \"room_3\": true, \"room_4\": false}','2019-04-22 06:34:41','movement'),(1625,4,'{\"room_1\": false, \"room_2\": true, \"room_3\": true, \"room_4\": false}','2019-04-22 07:04:41','movement'),(1626,4,'{\"room_1\": false, \"room_2\": true, \"room_3\": false, \"room_4\": false}','2019-04-22 07:34:41','movement'),(1627,4,'{\"room_1\": false, \"room_2\": false, \"room_3\": false, \"room_4\": true}','2019-04-22 08:04:41','movement'),(1628,4,'{\"room_1\": false, \"room_2\": true, \"room_3\": false, \"room_4\": true}','2019-04-22 08:34:41','movement'),(1629,4,'{\"room_1\": true, \"room_2\": false, \"room_3\": true, \"room_4\": false}','2019-04-22 09:04:41','movement'),(1630,4,'{\"room_1\": true, \"room_2\": false, \"room_3\": false, \"room_4\": true}','2019-04-22 09:34:41','movement'),(1631,4,'{\"room_1\": true, \"room_2\": false, \"room_3\": true, \"room_4\": false}','2019-04-22 10:04:41','movement'),(1632,4,'{\"room_1\": false, \"room_2\": true, \"room_3\": false, \"room_4\": false}','2019-04-22 10:34:41','movement'),(1633,4,'{\"room_1\": false, \"room_2\": true, \"room_3\": false, \"room_4\": false}','2019-04-22 11:04:41','movement'),(1634,4,'{\"room_1\": false, \"room_2\": false, \"room_3\": true, \"room_4\": true}','2019-04-22 11:34:41','movement'),(1635,4,'{\"room_1\": false, \"room_2\": false, \"room_3\": false, \"room_4\": true}','2019-04-22 12:04:41','movement'),(1636,4,'{\"room_1\": true, \"room_2\": false, \"room_3\": true, \"room_4\": true}','2019-04-22 12:34:41','movement'),(1637,4,'{\"room_1\": true, \"room_2\": false, \"room_3\": true, \"room_4\": true}','2019-04-22 13:04:41','movement'),(1638,4,'{\"room_1\": true, \"room_2\": true, \"room_3\": true, \"room_4\": true}','2019-04-22 13:34:41','movement'),(1639,4,'{\"room_1\": true, \"room_2\": true, \"room_3\": true, \"room_4\": true}','2019-04-22 14:04:41','movement'),(1640,4,'{\"room_1\": true, \"room_2\": true, \"room_3\": false, \"room_4\": false}','2019-04-22 14:34:41','movement'),(1641,4,'{\"room_1\": true, \"room_2\": true, \"room_3\": false, \"room_4\": false}','2019-04-22 15:04:41','movement'),(1642,4,'{\"room_1\": true, \"room_2\": false, \"room_3\": false, \"room_4\": true}','2019-04-22 15:34:41','movement'),(1643,4,'{\"room_1\": true, \"room_2\": true, \"room_3\": false, \"room_4\": false}','2019-04-22 16:04:41','movement'),(1644,4,'{\"room_1\": false, \"room_2\": false, \"room_3\": true, \"room_4\": true}','2019-04-22 16:34:41','movement'),(1645,4,'{\"room_1\": true, \"room_2\": true, \"room_3\": false, \"room_4\": true}','2019-04-22 17:04:41','movement'),(1646,4,'{\"room_1\": true, \"room_2\": true, \"room_3\": false, \"room_4\": false}','2019-04-22 17:34:41','movement'),(1647,4,'{\"room_1\": true, \"room_2\": false, \"room_3\": false, \"room_4\": false}','2019-04-22 18:04:41','movement'),(1648,4,'{\"room_1\": true, \"room_2\": false, \"room_3\": true, \"room_4\": true}','2019-04-22 18:34:41','movement'),(1649,4,'{\"room_1\": true, \"room_2\": false, \"room_3\": false, \"room_4\": true}','2019-04-22 19:04:41','movement'),(1650,4,'{\"room_1\": true, \"room_2\": false, \"room_3\": true, \"room_4\": true}','2019-04-22 19:34:41','movement'),(1651,4,'{\"room_1\": true, \"room_2\": false, \"room_3\": true, \"room_4\": true}','2019-04-22 20:04:41','movement'),(1652,4,'{\"room_1\": true, \"room_2\": false, \"room_3\": true, \"room_4\": true}','2019-04-22 20:34:41','movement'),(1653,4,'{\"room_1\": false, \"room_2\": true, \"room_3\": true, \"room_4\": true}','2019-04-22 21:04:41','movement'),(1654,4,'{\"room_1\": true, \"room_2\": true, \"room_3\": false, \"room_4\": true}','2019-04-22 21:34:41','movement'),(1655,4,'{\"room_1\": false, \"room_2\": false, \"room_3\": true, \"room_4\": false}','2019-04-22 22:04:41','movement'),(1656,4,'{\"room_1\": false, \"room_2\": false, \"room_3\": false, \"room_4\": true}','2019-04-22 22:34:41','movement'),(1657,4,'{\"room_1\": true, \"room_2\": true, \"room_3\": false, \"room_4\": false}','2019-04-22 23:04:41','movement'),(1658,4,'{\"room_1\": false, \"room_2\": false, \"room_3\": false, \"room_4\": false}','2019-04-22 23:34:41','movement'),(1659,4,'{\"room_1\": true, \"room_2\": true, \"room_3\": false, \"room_4\": false}','2019-04-23 00:04:41','movement'),(1660,4,'{\"room_1\": false, \"room_2\": false, \"room_3\": true, \"room_4\": true}','2019-04-23 00:34:41','movement'),(1661,4,'{\"room_1\": false, \"room_2\": true, \"room_3\": false, \"room_4\": true}','2019-04-23 01:04:41','movement'),(1662,4,'{\"room_1\": false, \"room_2\": true, \"room_3\": true, \"room_4\": true}','2019-04-23 01:34:41','movement'),(1663,4,'{\"room_1\": true, \"room_2\": true, \"room_3\": true, \"room_4\": true}','2019-04-23 02:04:41','movement'),(1664,4,'{\"room_1\": true, \"room_2\": false, \"room_3\": true, \"room_4\": false}','2019-04-23 02:34:41','movement'),(1665,4,'{\"room_1\": false, \"room_2\": false, \"room_3\": false, \"room_4\": true}','2019-04-23 03:04:41','movement'),(1666,4,'{\"room_1\": true, \"room_2\": true, \"room_3\": false, \"room_4\": false}','2019-04-23 03:34:41','movement'),(1667,4,'{\"room_1\": true, \"room_2\": true, \"room_3\": false, \"room_4\": true}','2019-04-23 04:04:41','movement'),(1668,4,'{\"room_1\": true, \"room_2\": false, \"room_3\": true, \"room_4\": true}','2019-04-23 04:34:41','movement'),(1669,4,'{\"room_1\": false, \"room_2\": true, \"room_3\": true, \"room_4\": true}','2019-04-23 05:04:41','movement'),(1670,4,'{\"room_1\": true, \"room_2\": true, \"room_3\": true, \"room_4\": true}','2019-04-23 05:34:41','movement'),(1671,4,'{\"room_1\": true, \"room_2\": false, \"room_3\": false, \"room_4\": true}','2019-04-23 06:04:41','movement'),(1672,4,'{\"room_1\": true, \"room_2\": false, \"room_3\": false, \"room_4\": true}','2019-04-23 06:34:41','movement'),(1673,4,'{\"room_1\": true, \"room_2\": false, \"room_3\": true, \"room_4\": true}','2019-04-23 07:04:41','movement'),(1674,4,'{\"room_1\": false, \"room_2\": true, \"room_3\": true, \"room_4\": false}','2019-04-23 07:34:41','movement'),(1675,4,'{\"room_1\": true, \"room_2\": true, \"room_3\": false, \"room_4\": false}','2019-04-23 08:04:41','movement'),(1676,4,'{\"room_1\": false, \"room_2\": true, \"room_3\": false, \"room_4\": false}','2019-04-23 08:34:41','movement'),(1677,4,'{\"room_1\": false, \"room_2\": false, \"room_3\": false, \"room_4\": false}','2019-04-23 09:04:41','movement'),(1678,4,'{\"room_1\": true, \"room_2\": false, \"room_3\": false, \"room_4\": false}','2019-04-23 09:34:41','movement'),(1679,4,'{\"room_1\": true, \"room_2\": false, \"room_3\": false, \"room_4\": true}','2019-04-23 10:04:41','movement'),(1680,4,'{\"room_1\": false, \"room_2\": true, \"room_3\": true, \"room_4\": false}','2019-04-23 10:34:41','movement'),(1681,4,'{\"room_1\": false, \"room_2\": true, \"room_3\": true, \"room_4\": false}','2019-04-23 11:04:41','movement'),(1682,4,'{\"room_1\": true, \"room_2\": true, \"room_3\": false, \"room_4\": false}','2019-04-23 11:34:41','movement'),(1683,4,'{\"room_1\": false, \"room_2\": false, \"room_3\": true, \"room_4\": true}','2019-04-23 12:04:41','movement'),(1684,4,'{\"room_1\": true, \"room_2\": false, \"room_3\": false, \"room_4\": true}','2019-04-23 12:34:41','movement'),(1685,4,'{\"room_1\": false, \"room_2\": false, \"room_3\": true, \"room_4\": true}','2019-04-23 13:04:41','movement'),(1686,4,'{\"room_1\": true, \"room_2\": false, \"room_3\": true, \"room_4\": false}','2019-04-23 13:34:41','movement'),(1687,4,'{\"room_1\": false, \"room_2\": false, \"room_3\": true, \"room_4\": true}','2019-04-23 14:04:41','movement'),(1688,4,'{\"room_1\": false, \"room_2\": true, \"room_3\": true, \"room_4\": false}','2019-04-23 14:34:41','movement'),(1689,4,'{\"room_1\": false, \"room_2\": true, \"room_3\": true, \"room_4\": false}','2019-04-23 15:04:41','movement'),(1690,4,'{\"room_1\": true, \"room_2\": true, \"room_3\": false, \"room_4\": false}','2019-04-23 15:34:41','movement'),(1691,4,'{\"room_1\": false, \"room_2\": false, \"room_3\": true, \"room_4\": true}','2019-04-23 16:04:41','movement'),(1692,4,'{\"room_1\": false, \"room_2\": true, \"room_3\": false, \"room_4\": false}','2019-04-23 16:34:41','movement'),(1693,4,'{\"room_1\": true, \"room_2\": true, \"room_3\": false, \"room_4\": false}','2019-04-23 17:04:41','movement'),(1694,4,'{\"room_1\": false, \"room_2\": true, \"room_3\": true, \"room_4\": false}','2019-04-23 17:34:41','movement'),(1695,4,'{\"room_1\": true, \"room_2\": false, \"room_3\": false, \"room_4\": true}','2019-04-23 18:04:41','movement'),(1696,4,'{\"room_1\": true, \"room_2\": false, \"room_3\": false, \"room_4\": true}','2019-04-23 18:34:41','movement'),(1697,4,'{\"room_1\": false, \"room_2\": false, \"room_3\": true, \"room_4\": true}','2019-04-23 19:04:41','movement'),(1698,4,'{\"room_1\": true, \"room_2\": true, \"room_3\": false, \"room_4\": true}','2019-04-23 19:34:41','movement'),(1699,4,'{\"room_1\": false, \"room_2\": true, \"room_3\": true, \"room_4\": false}','2019-04-23 20:04:41','movement'),(1700,4,'{\"room_1\": true, \"room_2\": true, \"room_3\": true, \"room_4\": true}','2019-04-23 20:34:41','movement'),(1701,4,'{\"room_1\": false, \"room_2\": true, \"room_3\": false, \"room_4\": true}','2019-04-23 21:04:41','movement'),(1702,4,'{\"room_1\": true, \"room_2\": true, \"room_3\": false, \"room_4\": false}','2019-04-23 21:34:41','movement'),(1703,4,'{\"room_1\": false, \"room_2\": true, \"room_3\": true, \"room_4\": false}','2019-04-23 22:04:41','movement'),(1704,4,'{\"room_1\": true, \"room_2\": false, \"room_3\": false, \"room_4\": true}','2019-04-23 22:34:41','movement'),(1705,4,'{\"room_1\": true, \"room_2\": true, \"room_3\": true, \"room_4\": false}','2019-04-23 23:04:41','movement'),(1706,4,'{\"room_1\": false, \"room_2\": false, \"room_3\": true, \"room_4\": true}','2019-04-23 23:34:41','movement'),(1707,4,'{\"room_1\": false, \"room_2\": true, \"room_3\": true, \"room_4\": false}','2019-04-24 00:04:41','movement'),(1708,4,'{\"room_1\": true, \"room_2\": false, \"room_3\": true, \"room_4\": false}','2019-04-24 00:34:41','movement'),(1709,4,'{\"room_1\": false, \"room_2\": true, \"room_3\": false, \"room_4\": false}','2019-04-24 01:04:41','movement'),(1710,4,'{\"room_1\": false, \"room_2\": false, \"room_3\": false, \"room_4\": false}','2019-04-24 01:34:41','movement'),(1711,4,'{\"room_1\": false, \"room_2\": false, \"room_3\": true, \"room_4\": true}','2019-04-24 02:04:41','movement'),(1712,4,'{\"room_1\": false, \"room_2\": false, \"room_3\": true, \"room_4\": true}','2019-04-24 02:34:41','movement'),(1713,4,'{\"room_1\": true, \"room_2\": false, \"room_3\": false, \"room_4\": true}','2019-04-24 03:04:41','movement'),(1714,4,'{\"room_1\": false, \"room_2\": true, \"room_3\": true, \"room_4\": true}','2019-04-24 03:34:41','movement'),(1715,4,'{\"room_1\": true, \"room_2\": true, \"room_3\": true, \"room_4\": true}','2019-04-24 04:04:41','movement'),(1716,4,'{\"room_1\": false, \"room_2\": false, \"room_3\": false, \"room_4\": false}','2019-04-24 04:34:41','movement'),(1717,4,'{\"room_1\": true, \"room_2\": false, \"room_3\": false, \"room_4\": true}','2019-04-24 05:04:41','movement'),(1718,4,'{\"room_1\": false, \"room_2\": true, \"room_3\": true, \"room_4\": false}','2019-04-24 05:34:41','movement'),(1719,4,'{\"room_1\": true, \"room_2\": true, \"room_3\": true, \"room_4\": true}','2019-04-24 06:04:41','movement'),(1720,4,'{\"room_1\": false, \"room_2\": true, \"room_3\": false, \"room_4\": false}','2019-04-24 06:34:41','movement'),(1721,4,'{\"room_1\": false, \"room_2\": true, \"room_3\": true, \"room_4\": true}','2019-04-24 07:04:41','movement'),(1722,4,'{\"room_1\": true, \"room_2\": false, \"room_3\": false, \"room_4\": false}','2019-04-24 07:34:41','movement'),(1723,4,'{\"room_1\": true, \"room_2\": true, \"room_3\": true, \"room_4\": false}','2019-04-24 08:04:41','movement'),(1724,4,'{\"room_1\": false, \"room_2\": false, \"room_3\": false, \"room_4\": false}','2019-04-24 08:34:41','movement'),(1725,4,'{\"room_1\": false, \"room_2\": true, \"room_3\": true, \"room_4\": true}','2019-04-24 09:04:41','movement'),(1726,4,'{\"room_1\": true, \"room_2\": true, \"room_3\": true, \"room_4\": false}','2019-04-24 09:34:41','movement'),(1727,4,'{\"room_1\": false, \"room_2\": false, \"room_3\": false, \"room_4\": false}','2019-04-24 10:04:41','movement'),(1728,4,'{\"room_1\": false, \"room_2\": true, \"room_3\": false, \"room_4\": true}','2019-04-24 10:34:41','movement'),(1729,4,'{\"room_1\": false, \"room_2\": false, \"room_3\": false, \"room_4\": true}','2019-04-24 11:04:41','movement'),(1730,4,'{\"room_1\": true, \"room_2\": true, \"room_3\": false, \"room_4\": false}','2019-04-24 11:34:41','movement'),(1731,4,'{\"room_1\": true, \"room_2\": true, \"room_3\": false, \"room_4\": false}','2019-04-24 12:04:41','movement'),(1732,4,'{\"room_1\": true, \"room_2\": false, \"room_3\": true, \"room_4\": false}','2019-04-24 12:34:41','movement'),(1733,4,'{\"room_1\": true, \"room_2\": true, \"room_3\": true, \"room_4\": false}','2019-04-24 13:04:41','movement'),(1734,4,'{\"room_1\": false, \"room_2\": true, \"room_3\": false, \"room_4\": false}','2019-04-24 13:34:41','movement'),(1735,4,'{\"room_1\": true, \"room_2\": false, \"room_3\": true, \"room_4\": false}','2019-04-24 14:04:41','movement'),(1736,4,'{\"room_1\": false, \"room_2\": true, \"room_3\": false, \"room_4\": true}','2019-04-24 14:34:41','movement'),(1737,4,'{\"room_1\": false, \"room_2\": false, \"room_3\": false, \"room_4\": false}','2019-04-24 15:04:41','movement'),(1738,4,'{\"room_1\": false, \"room_2\": true, \"room_3\": false, \"room_4\": true}','2019-04-24 15:34:41','movement'),(1739,4,'{\"room_1\": false, \"room_2\": false, \"room_3\": false, \"room_4\": true}','2019-04-24 16:04:41','movement'),(1740,4,'{\"room_1\": true, \"room_2\": true, \"room_3\": true, \"room_4\": false}','2019-04-24 16:34:41','movement'),(1743,1,'{\"room_1\": 18.267568418382893, \"room_2\": 19.08522642714848, \"room_3\": 41.4250575944651, \"room_4\": 18.718427486881644}','2019-05-15 12:09:36','temperature'),(1744,1,'{\"room_1\": 18.267568418382893, \"room_2\": 19.08522642714848, \"room_3\": 21.4250575944651, \"room_4\": 18.718427486881644}','2019-05-15 12:09:57','temperature');
/*!40000 ALTER TABLE `env_records` ENABLE KEYS */;
UNLOCK TABLES;
/*!50003 SET @saved_cs_client      = @@character_set_client */ ;
/*!50003 SET @saved_cs_results     = @@character_set_results */ ;
/*!50003 SET @saved_col_connection = @@collation_connection */ ;
/*!50003 SET character_set_client  = utf8 */ ;
/*!50003 SET character_set_results = utf8 */ ;
/*!50003 SET collation_connection  = utf8_general_ci */ ;
/*!50003 SET @saved_sql_mode       = @@sql_mode */ ;
/*!50003 SET sql_mode              = 'ONLY_FULL_GROUP_BY,STRICT_TRANS_TABLES,NO_ZERO_IN_DATE,NO_ZERO_DATE,ERROR_FOR_DIVISION_BY_ZERO,NO_ENGINE_SUBSTITUTION' */ ;
DELIMITER ;;
/*!50003 CREATE*/ /*!50017 DEFINER=`seeder`@`%`*/ /*!50003 trigger tooHot after insert on env_records for each row begin declare room_array json; declare i int default 0; if new.type="temperature" then  select json_keys(new.value) into room_array;  while_loop: while i<json_length(room_array) do if json_extract(new.value, concat("$.",json_extract(room_array,concat("$[",i,"]")))) > 40 then call insertNotification_hh(new.household_id,'error','{"msg": "Temperatura osigna niebezpiecznie wysok warto!"}'); leave while_loop; end if; select i+1 into i; end while while_loop; end if; end */;;
DELIMITER ;
/*!50003 SET sql_mode              = @saved_sql_mode */ ;
/*!50003 SET character_set_client  = @saved_cs_client */ ;
/*!50003 SET character_set_results = @saved_cs_results */ ;
/*!50003 SET collation_connection  = @saved_col_connection */ ;
/*!50003 SET @saved_cs_client      = @@character_set_client */ ;
/*!50003 SET @saved_cs_results     = @@character_set_results */ ;
/*!50003 SET @saved_col_connection = @@collation_connection */ ;
/*!50003 SET character_set_client  = utf8 */ ;
/*!50003 SET character_set_results = utf8 */ ;
/*!50003 SET collation_connection  = utf8_general_ci */ ;
/*!50003 SET @saved_sql_mode       = @@sql_mode */ ;
/*!50003 SET sql_mode              = 'ONLY_FULL_GROUP_BY,STRICT_TRANS_TABLES,NO_ZERO_IN_DATE,NO_ZERO_DATE,ERROR_FOR_DIVISION_BY_ZERO,NO_ENGINE_SUBSTITUTION' */ ;
DELIMITER ;;
/*!50003 CREATE*/ /*!50017 DEFINER=`seeder`@`%`*/ /*!50003 trigger tooHumid after insert on env_records for each row begin declare room_array json; declare i int default 0; if new.type="humidity" then  select json_keys(new.value) into room_array;  while_loop: while i<json_length(room_array) do if json_extract(new.value, concat("$.",json_extract(room_array,concat("$[",i,"]")))) > 95 then call insertNotification_hh(new.household_id,'error','{"msg": "Wilgotno osigna  wysok warto!"}'); leave while_loop; end if; select i+1 into i; end while while_loop; end if; end */;;
DELIMITER ;
/*!50003 SET sql_mode              = @saved_sql_mode */ ;
/*!50003 SET character_set_client  = @saved_cs_client */ ;
/*!50003 SET character_set_results = @saved_cs_results */ ;
/*!50003 SET collation_connection  = @saved_col_connection */ ;

--
-- Temporary table structure for view `env_records_humidity`
--

DROP TABLE IF EXISTS `env_records_humidity`;
/*!50001 DROP VIEW IF EXISTS `env_records_humidity`*/;
SET @saved_cs_client     = @@character_set_client;
SET character_set_client = utf8;
/*!50001 CREATE VIEW `env_records_humidity` AS SELECT 
 1 AS `id`,
 1 AS `Nazwa`,
 1 AS `JSON`,
 1 AS `Data`*/;
SET character_set_client = @saved_cs_client;

--
-- Temporary table structure for view `env_records_movement`
--

DROP TABLE IF EXISTS `env_records_movement`;
/*!50001 DROP VIEW IF EXISTS `env_records_movement`*/;
SET @saved_cs_client     = @@character_set_client;
SET character_set_client = utf8;
/*!50001 CREATE VIEW `env_records_movement` AS SELECT 
 1 AS `id`,
 1 AS `Nazwa`,
 1 AS `JSON`,
 1 AS `Data`*/;
SET character_set_client = @saved_cs_client;

--
-- Temporary table structure for view `env_records_temperature`
--

DROP TABLE IF EXISTS `env_records_temperature`;
/*!50001 DROP VIEW IF EXISTS `env_records_temperature`*/;
SET @saved_cs_client     = @@character_set_client;
SET character_set_client = utf8;
/*!50001 CREATE VIEW `env_records_temperature` AS SELECT 
 1 AS `id`,
 1 AS `Nazwa`,
 1 AS `JSON`,
 1 AS `Data`*/;
SET character_set_client = @saved_cs_client;

--
-- Table structure for table `fixed_monthly_expenses`
--

DROP TABLE IF EXISTS `fixed_monthly_expenses`;
/*!40101 SET @saved_cs_client     = @@character_set_client */;
/*!40101 SET character_set_client = utf8 */;
CREATE TABLE `fixed_monthly_expenses` (
  `id` int(11) NOT NULL AUTO_INCREMENT,
  `household_id` int(11) NOT NULL,
  `name` varchar(255) DEFAULT NULL,
  `cost` decimal(8,2) DEFAULT NULL,
  PRIMARY KEY (`id`),
  KEY `household_id` (`household_id`),
  CONSTRAINT `fixed_monthly_expenses_ibfk_1` FOREIGN KEY (`household_id`) REFERENCES `households` (`id`) ON DELETE CASCADE
) ENGINE=InnoDB AUTO_INCREMENT=9 DEFAULT CHARSET=utf8;
/*!40101 SET character_set_client = @saved_cs_client */;

--
-- Dumping data for table `fixed_monthly_expenses`
--

LOCK TABLES `fixed_monthly_expenses` WRITE;
/*!40000 ALTER TABLE `fixed_monthly_expenses` DISABLE KEYS */;
INSERT INTO `fixed_monthly_expenses` VALUES (1,1,'Telewizja',55.00),(2,2,'Telewizja',62.50),(3,1,'Internet',62.50),(4,1,'Telefon Marta',30.50),(5,1,'Telefon Andrzej',45.50),(6,1,'mieci',30.00),(7,2,'mieci',30.00),(8,2,'Telefon Janusz',29.99);
/*!40000 ALTER TABLE `fixed_monthly_expenses` ENABLE KEYS */;
UNLOCK TABLES;

--
-- Table structure for table `households`
--

DROP TABLE IF EXISTS `households`;
/*!40101 SET @saved_cs_client     = @@character_set_client */;
/*!40101 SET character_set_client = utf8 */;
CREATE TABLE `households` (
  `id` int(11) NOT NULL AUTO_INCREMENT,
  `name` varchar(255) DEFAULT NULL,
  `address` varchar(255) DEFAULT NULL,
  PRIMARY KEY (`id`)
) ENGINE=InnoDB AUTO_INCREMENT=5 DEFAULT CHARSET=utf8;
/*!40101 SET character_set_client = @saved_cs_client */;

--
-- Dumping data for table `households`
--

LOCK TABLES `households` WRITE;
/*!40000 ALTER TABLE `households` DISABLE KEYS */;
INSERT INTO `households` VALUES (1,'dom_1','ul. Domowa 1, 10-200 Sosnowiec'),(2,'dom_2','ul. Jerzego Pietruszki 2, 10-200 Sosnowiec'),(3,'dom_3','ul. Chopakw z Barakw 35, 10-200 Sunny Valley'),(4,'dom_4','ul. mieszkw Heheszkw 35, 10-200 Iksde');
/*!40000 ALTER TABLE `households` ENABLE KEYS */;
UNLOCK TABLES;

--
-- Table structure for table `notifications`
--

DROP TABLE IF EXISTS `notifications`;
/*!40101 SET @saved_cs_client     = @@character_set_client */;
/*!40101 SET character_set_client = utf8 */;
CREATE TABLE `notifications` (
  `id` int(11) NOT NULL AUTO_INCREMENT,
  `user_id` int(11) NOT NULL,
  `type` enum('info','warning','error') NOT NULL,
  `read` tinyint(1) NOT NULL,
  `data` json NOT NULL,
  `created_at` timestamp NOT NULL DEFAULT CURRENT_TIMESTAMP,
  PRIMARY KEY (`id`)
) ENGINE=InnoDB AUTO_INCREMENT=13 DEFAULT CHARSET=utf8;
/*!40101 SET character_set_client = @saved_cs_client */;

--
-- Dumping data for table `notifications`
--

LOCK TABLES `notifications` WRITE;
/*!40000 ALTER TABLE `notifications` DISABLE KEYS */;
INSERT INTO `notifications` VALUES (1,43,'info',0,'{}','2019-05-15 10:39:53'),(2,47,'info',0,'{}','2019-05-15 10:39:53'),(3,51,'info',0,'{}','2019-05-15 10:39:53'),(4,44,'warning',0,'{\"msg\": \"Wprowadzono bardzo drogi produkt!\"}','2019-05-15 11:12:07'),(5,48,'warning',0,'{\"msg\": \"Wprowadzono bardzo drogi produkt!\"}','2019-05-15 11:12:07'),(6,52,'warning',0,'{\"msg\": \"Wprowadzono bardzo drogi produkt!\"}','2019-05-15 11:12:07'),(7,43,'error',0,'{\"msg\": \"Temperatura osigna niebezpiecznie wysok warto!\"}','2019-05-15 12:09:36'),(8,47,'error',0,'{\"msg\": \"Temperatura osigna niebezpiecznie wysok warto!\"}','2019-05-15 12:09:36'),(9,51,'error',0,'{\"msg\": \"Temperatura osigna niebezpiecznie wysok warto!\"}','2019-05-15 12:09:36'),(10,43,'info',0,'{\"msg\": \"Utworzono now list zakupw!\"}','2019-05-15 12:40:23'),(11,47,'info',0,'{\"msg\": \"Utworzono now list zakupw!\"}','2019-05-15 12:40:23'),(12,51,'info',0,'{\"msg\": \"Utworzono now list zakupw!\"}','2019-05-15 12:40:23');
/*!40000 ALTER TABLE `notifications` ENABLE KEYS */;
UNLOCK TABLES;

--
-- Table structure for table `permission_role`
--

DROP TABLE IF EXISTS `permission_role`;
/*!40101 SET @saved_cs_client     = @@character_set_client */;
/*!40101 SET character_set_client = utf8 */;
CREATE TABLE `permission_role` (
  `permission_id` int(11) NOT NULL,
  `role_id` int(11) NOT NULL,
  PRIMARY KEY (`permission_id`,`role_id`),
  KEY `role_id` (`role_id`),
  CONSTRAINT `permission_role_ibfk_1` FOREIGN KEY (`permission_id`) REFERENCES `permissions` (`id`),
  CONSTRAINT `permission_role_ibfk_2` FOREIGN KEY (`role_id`) REFERENCES `roles` (`id`)
) ENGINE=InnoDB DEFAULT CHARSET=utf8;
/*!40101 SET character_set_client = @saved_cs_client */;

--
-- Dumping data for table `permission_role`
--

LOCK TABLES `permission_role` WRITE;
/*!40000 ALTER TABLE `permission_role` DISABLE KEYS */;
INSERT INTO `permission_role` VALUES (1,1),(2,1),(3,1),(4,1),(5,1),(6,1),(7,1),(8,1),(1,2),(2,2),(3,2),(4,2),(5,2),(6,2),(7,2),(8,2),(4,4),(5,4),(6,4),(7,4),(8,4);
/*!40000 ALTER TABLE `permission_role` ENABLE KEYS */;
UNLOCK TABLES;

--
-- Table structure for table `permissions`
--

DROP TABLE IF EXISTS `permissions`;
/*!40101 SET @saved_cs_client     = @@character_set_client */;
/*!40101 SET character_set_client = utf8 */;
CREATE TABLE `permissions` (
  `id` int(11) NOT NULL AUTO_INCREMENT,
  `name` varchar(255) DEFAULT NULL,
  PRIMARY KEY (`id`)
) ENGINE=InnoDB AUTO_INCREMENT=9 DEFAULT CHARSET=utf8;
/*!40101 SET character_set_client = @saved_cs_client */;

--
-- Dumping data for table `permissions`
--

LOCK TABLES `permissions` WRITE;
/*!40000 ALTER TABLE `permissions` DISABLE KEYS */;
INSERT INTO `permissions` VALUES (1,'Dodanie uytkownika'),(2,'Usunicie uytkownika'),(3,'Zmiana uprawnie uytkownika'),(4,'Edycja listy zakupw'),(5,'Edycja zakupw'),(6,'Edycja kategorii zakupw'),(7,'Edycja sklepw'),(8,'Edycja staych wydatkw');
/*!40000 ALTER TABLE `permissions` ENABLE KEYS */;
UNLOCK TABLES;

--
-- Table structure for table `roles`
--

DROP TABLE IF EXISTS `roles`;
/*!40101 SET @saved_cs_client     = @@character_set_client */;
/*!40101 SET character_set_client = utf8 */;
CREATE TABLE `roles` (
  `id` int(11) NOT NULL AUTO_INCREMENT,
  `name` varchar(255) DEFAULT NULL,
  PRIMARY KEY (`id`)
) ENGINE=InnoDB AUTO_INCREMENT=5 DEFAULT CHARSET=utf8;
/*!40101 SET character_set_client = @saved_cs_client */;

--
-- Dumping data for table `roles`
--

LOCK TABLES `roles` WRITE;
/*!40000 ALTER TABLE `roles` DISABLE KEYS */;
INSERT INTO `roles` VALUES (1,'Administrator'),(2,'Super Admin'),(3,'Tylko do odczytu'),(4,'Uytkownik');
/*!40000 ALTER TABLE `roles` ENABLE KEYS */;
UNLOCK TABLES;

--
-- Table structure for table `shopping_categories`
--

DROP TABLE IF EXISTS `shopping_categories`;
/*!40101 SET @saved_cs_client     = @@character_set_client */;
/*!40101 SET character_set_client = utf8 */;
CREATE TABLE `shopping_categories` (
  `id` int(11) NOT NULL AUTO_INCREMENT,
  `household_id` int(11) NOT NULL,
  `name` varchar(255) NOT NULL,
  `shared` tinyint(1) NOT NULL,
  PRIMARY KEY (`id`),
  KEY `household_id` (`household_id`),
  CONSTRAINT `shopping_categories_ibfk_1` FOREIGN KEY (`household_id`) REFERENCES `households` (`id`) ON DELETE CASCADE
) ENGINE=InnoDB AUTO_INCREMENT=21 DEFAULT CHARSET=utf8;
/*!40101 SET character_set_client = @saved_cs_client */;

--
-- Dumping data for table `shopping_categories`
--

LOCK TABLES `shopping_categories` WRITE;
/*!40000 ALTER TABLE `shopping_categories` DISABLE KEYS */;
INSERT INTO `shopping_categories` VALUES (1,1,'Spoywcze',1),(2,2,'Spoywcze',1),(3,3,'Spoywcze',1),(4,4,'Spoywcze',1),(5,1,'Chemia i artykuy domowe',1),(6,2,'Chemia i artykuy domowe',1),(7,3,'Chemia i artykuy domowe',1),(8,4,'Chemia i artykuy domowe',1),(9,1,'Sprzt do domu',1),(10,2,'Sprzt do domu',1),(11,3,'Sprzt do domu',1),(12,4,'Sprzt do domu',1),(13,1,'Uciechy',0),(14,2,'Uciechy',0),(15,3,'Uciechy',0),(16,4,'Uciechy',0),(17,1,'Jedzenie poza domem',0),(18,2,'Jedzenie poza domem',0),(19,3,'Jedzenie poza domem',0),(20,4,'Jedzenie poza domem',0);
/*!40000 ALTER TABLE `shopping_categories` ENABLE KEYS */;
UNLOCK TABLES;

--
-- Table structure for table `shopping_items`
--

DROP TABLE IF EXISTS `shopping_items`;
/*!40101 SET @saved_cs_client     = @@character_set_client */;
/*!40101 SET character_set_client = utf8 */;
CREATE TABLE `shopping_items` (
  `id` int(11) NOT NULL AUTO_INCREMENT,
  `shopping_shop_id` int(11) NOT NULL,
  `shopping_category_id` int(11) NOT NULL,
  `user_id` int(11) NOT NULL,
  `household_id` int(11) NOT NULL,
  `name` varchar(255) NOT NULL,
  `price` decimal(8,2) NOT NULL,
  `discount_on_unit` decimal(8,2) NOT NULL,
  `quantity` decimal(8,3) NOT NULL,
  `shared` tinyint(1) NOT NULL,
  `date` date NOT NULL,
  PRIMARY KEY (`id`),
  KEY `household_id` (`household_id`),
  KEY `shopping_shop_id` (`shopping_shop_id`),
  KEY `shopping_category_id` (`shopping_category_id`),
  KEY `user_id` (`user_id`),
  CONSTRAINT `shopping_items_ibfk_1` FOREIGN KEY (`household_id`) REFERENCES `households` (`id`) ON DELETE CASCADE,
  CONSTRAINT `shopping_items_ibfk_2` FOREIGN KEY (`shopping_shop_id`) REFERENCES `shopping_shops` (`id`),
  CONSTRAINT `shopping_items_ibfk_3` FOREIGN KEY (`shopping_category_id`) REFERENCES `shopping_categories` (`id`),
  CONSTRAINT `shopping_items_ibfk_4` FOREIGN KEY (`user_id`) REFERENCES `users` (`id`)
) ENGINE=InnoDB AUTO_INCREMENT=1290 DEFAULT CHARSET=utf8;
/*!40101 SET character_set_client = @saved_cs_client */;

--
-- Dumping data for table `shopping_items`
--

LOCK TABLES `shopping_items` WRITE;
/*!40000 ALTER TABLE `shopping_items` DISABLE KEYS */;
INSERT INTO `shopping_items` VALUES (289,65,18,51,3,'Sleek Plastic Keyboard',297.00,0.00,1.000,0,'2019-01-31'),(290,34,5,51,2,'Generic Steel Fish',944.00,0.00,7.000,1,'2019-04-16'),(291,29,18,46,2,'Tasty Rubber Tuna',193.00,0.00,2.000,1,'2019-02-10'),(292,1,17,46,2,'Awesome Cotton Ball',641.00,0.00,2.000,1,'2019-02-12'),(293,5,7,45,2,'Ergonomic Rubber Bike',329.00,0.00,7.000,1,'2019-04-03'),(294,15,7,48,3,'Awesome Fresh Cheese',955.00,0.00,5.000,0,'2019-02-18'),(295,11,4,44,4,'Intelligent Fresh Pants',485.00,0.00,1.000,0,'2019-03-15'),(296,83,18,49,2,'Generic Metal Chips',273.00,0.00,8.000,0,'2019-03-25'),(297,29,14,47,3,'Generic Wooden Chair',780.00,0.00,6.000,0,'2019-04-04'),(298,93,16,46,2,'Tasty Wooden Shirt',505.00,0.00,4.000,0,'2019-04-17'),(299,4,16,51,3,'Fantastic Plastic Soap',318.00,0.00,8.000,1,'2019-02-17'),(300,85,17,46,2,'Rustic Frozen Bike',636.00,0.00,7.000,1,'2019-04-13'),(301,84,16,49,2,'Ergonomic Cotton Hat',535.00,0.00,9.000,1,'2019-04-06'),(302,22,3,49,2,'Unbranded Concrete Fish',741.00,0.00,9.000,1,'2019-02-26'),(303,84,11,48,2,'Sleek Wooden Cheese',890.00,0.00,7.000,0,'2019-04-13'),(304,34,7,49,2,'Handmade Frozen Ball',837.00,0.00,6.000,1,'2019-03-18'),(305,81,8,45,2,'Licensed Frozen Towels',855.00,0.00,6.000,1,'2019-03-03'),(306,22,16,43,1,'Awesome Frozen Towels',136.00,0.00,6.000,0,'2019-01-28'),(307,33,15,45,2,'Refined Plastic Chicken',403.00,0.00,1.000,0,'2019-02-24'),(308,49,19,45,4,'Fantastic Soft Bacon',673.00,0.00,4.000,1,'2019-04-10'),(309,30,18,45,2,'Handmade Metal Keyboard',8.00,0.00,9.000,0,'2019-02-07'),(310,59,19,49,4,'Fantastic Steel Shirt',130.00,0.00,3.000,0,'2019-04-02'),(311,83,3,51,2,'Awesome Fresh Shirt',816.00,0.00,7.000,1,'2019-02-26'),(312,1,5,43,3,'Generic Frozen Chips',16.00,0.00,8.000,1,'2019-04-19'),(313,33,9,46,3,'Gorgeous Soft Car',285.00,0.00,2.000,0,'2019-04-02'),(314,31,2,49,2,'Small Metal Computer',287.00,0.00,2.000,0,'2019-03-17'),(315,92,7,51,3,'Unbranded Rubber Salad',497.00,0.00,2.000,0,'2019-04-01'),(316,94,17,45,2,'Practical Rubber Bike',250.00,0.00,1.000,0,'2019-02-23'),(317,27,3,45,3,'Fantastic Cotton Keyboard',422.00,0.00,4.000,0,'2019-04-03'),(318,26,7,52,3,'Handcrafted Metal Sausages',163.00,0.00,6.000,1,'2019-03-03'),(319,30,8,46,2,'Licensed Steel Car',280.00,0.00,4.000,0,'2019-04-18'),(320,32,3,49,2,'Rustic Metal Pizza',625.00,0.00,2.000,1,'2019-03-16'),(321,85,11,44,3,'Refined Wooden Tuna',232.00,0.00,8.000,0,'2019-02-26'),(322,59,16,49,3,'Practical Wooden Bacon',780.00,0.00,6.000,0,'2019-04-03'),(323,30,8,51,1,'Ergonomic Wooden Table',504.00,0.00,9.000,0,'2019-02-11'),(324,59,7,49,4,'Generic Wooden Gloves',658.00,0.00,6.000,1,'2019-04-11'),(325,86,11,49,2,'Sleek Plastic Ball',478.00,0.00,6.000,0,'2019-02-21'),(326,20,9,51,4,'Handcrafted Rubber Bacon',343.00,0.00,2.000,0,'2019-04-16'),(327,25,13,44,3,'Gorgeous Cotton Pizza',415.00,0.00,7.000,1,'2019-03-08'),(328,51,16,46,2,'Generic Concrete Towels',56.00,0.00,6.000,1,'2019-02-12'),(329,57,3,44,4,'Refined Metal Computer',449.00,0.00,1.000,0,'2019-02-22'),(330,62,1,44,4,'Incredible Wooden Computer',747.00,0.00,9.000,1,'2019-03-05'),(331,19,16,48,3,'Unbranded Wooden Pizza',400.00,0.00,1.000,0,'2019-02-03'),(332,53,6,47,2,'Small Granite Chair',790.00,0.00,2.000,1,'2019-03-12'),(333,58,10,48,3,'Sleek Plastic Shoes',492.00,0.00,3.000,0,'2019-04-23'),(334,60,15,43,2,'Sleek Cotton Shoes',695.00,0.00,3.000,1,'2019-03-10'),(335,90,7,47,3,'Gorgeous Frozen Bacon',49.00,0.00,4.000,1,'2019-03-07'),(336,8,10,48,3,'Intelligent Wooden Salad',387.00,0.00,4.000,0,'2019-02-13'),(337,52,16,47,4,'Refined Frozen Pizza',699.00,0.00,3.000,1,'2019-03-18'),(338,54,16,44,2,'Gorgeous Metal Cheese',682.00,0.00,5.000,0,'2019-03-17'),(339,5,5,51,2,'Unbranded Soft Salad',398.00,0.00,2.000,1,'2019-04-11'),(340,90,19,45,2,'Handcrafted Fresh Mouse',683.00,0.00,2.000,1,'2019-04-08'),(341,57,19,49,2,'Licensed Frozen Tuna',778.00,0.00,3.000,1,'2019-04-11'),(342,29,5,48,3,'Handmade Wooden Hat',149.00,0.00,1.000,0,'2019-04-15'),(343,31,11,47,3,'Generic Plastic Towels',78.00,0.00,3.000,0,'2019-02-01'),(344,19,16,46,4,'Rustic Wooden Pants',753.00,0.00,4.000,1,'2019-03-23'),(345,89,2,44,3,'Ergonomic Cotton Soap',670.00,0.00,1.000,0,'2019-02-17'),(346,33,6,52,4,'Refined Wooden Shoes',369.00,0.00,2.000,1,'2019-02-19'),(347,8,11,44,1,'Gorgeous Plastic Gloves',506.00,0.00,5.000,0,'2019-04-13'),(348,30,16,52,4,'Tasty Plastic Car',262.00,0.00,3.000,1,'2019-03-05'),(349,28,3,48,1,'Ergonomic Concrete Ball',142.00,0.00,9.000,0,'2019-04-02'),(350,88,3,52,1,'Tasty Concrete Car',35.00,0.00,2.000,0,'2019-04-18'),(351,7,13,43,1,'Licensed Soft Gloves',685.00,0.00,7.000,1,'2019-02-09'),(352,59,12,48,3,'Gorgeous Granite Tuna',16.00,0.00,4.000,0,'2019-03-24'),(353,12,14,43,1,'Refined Soft Table',893.00,0.00,5.000,0,'2019-02-19'),(354,23,14,46,1,'Awesome Metal Shoes',590.00,0.00,3.000,0,'2019-02-17'),(355,20,14,48,3,'Awesome Wooden Gloves',526.00,0.00,3.000,1,'2019-03-23'),(356,51,9,48,3,'Fantastic Plastic Tuna',744.00,0.00,1.000,0,'2019-03-07'),(357,28,8,51,3,'Fantastic Granite Ball',220.00,0.00,9.000,0,'2019-03-11'),(358,1,11,44,2,'Rustic Concrete Keyboard',628.00,0.00,7.000,0,'2019-02-14'),(359,8,3,43,2,'Rustic Metal Pizza',561.00,0.00,1.000,0,'2019-04-23'),(360,93,14,52,2,'Licensed Soft Car',928.00,0.00,9.000,0,'2019-02-25'),(361,88,15,43,3,'Sleek Steel Salad',815.00,0.00,2.000,0,'2019-03-19'),(362,31,2,43,3,'Tasty Fresh Soap',373.00,0.00,1.000,0,'2019-01-31'),(363,28,9,49,3,'Generic Concrete Keyboard',51.00,0.00,4.000,0,'2019-02-05'),(364,65,8,43,3,'Refined Steel Pizza',513.00,0.00,5.000,0,'2019-02-22'),(365,21,6,46,2,'Licensed Rubber Computer',738.00,0.00,4.000,1,'2019-03-20'),(366,93,1,48,4,'Fantastic Concrete Tuna',176.00,0.00,7.000,0,'2019-01-26'),(367,21,19,51,1,'Refined Rubber Pants',695.00,0.00,4.000,0,'2019-04-01'),(368,91,12,52,2,'Fantastic Soft Soap',163.00,0.00,7.000,1,'2019-04-22'),(369,29,9,51,4,'Intelligent Metal Shirt',969.00,0.00,7.000,1,'2019-04-03'),(370,53,2,47,2,'Intelligent Cotton Chicken',932.00,0.00,3.000,0,'2019-02-10'),(371,28,3,52,3,'Intelligent Steel Pizza',489.00,0.00,7.000,0,'2019-02-24'),(372,56,14,52,1,'Awesome Cotton Fish',114.00,0.00,1.000,0,'2019-03-25'),(373,50,6,51,4,'Licensed Plastic Gloves',969.00,0.00,6.000,1,'2019-02-27'),(374,63,19,52,3,'Ergonomic Wooden Ball',95.00,0.00,7.000,0,'2019-01-27'),(375,94,3,43,2,'Unbranded Fresh Towels',200.00,0.00,8.000,1,'2019-02-20'),(376,9,1,47,2,'Tasty Soft Ball',436.00,0.00,5.000,1,'2019-04-22'),(377,30,8,49,2,'Tasty Metal Shoes',895.00,0.00,1.000,1,'2019-02-12'),(378,28,7,45,4,'Gorgeous Concrete Chips',928.00,0.00,6.000,1,'2019-01-24'),(379,53,2,46,1,'Tasty Plastic Shoes',332.00,0.00,7.000,1,'2019-03-22'),(380,50,16,46,4,'Licensed Cotton Soap',583.00,0.00,3.000,1,'2019-04-11'),(381,24,15,43,2,'Rustic Cotton Sausages',464.00,0.00,8.000,1,'2019-03-25'),(382,5,6,43,1,'Handmade Fresh Sausages',840.00,0.00,7.000,1,'2019-02-20'),(383,2,13,51,2,'Practical Steel Hat',1.00,0.00,3.000,1,'2019-04-12'),(384,16,17,47,3,'Generic Granite Tuna',536.00,0.00,9.000,0,'2019-02-20'),(385,61,12,51,3,'Awesome Cotton Chicken',370.00,0.00,8.000,0,'2019-04-03'),(386,57,10,48,2,'Tasty Wooden Tuna',191.00,0.00,1.000,0,'2019-03-24'),(387,27,9,46,2,'Handmade Cotton Cheese',996.00,0.00,6.000,1,'2019-02-26'),(388,61,4,47,4,'Incredible Rubber Car',653.00,0.00,8.000,0,'2019-03-01'),(389,58,8,44,1,'Intelligent Steel Pants',542.00,0.00,5.000,0,'2019-02-08'),(390,18,7,52,4,'Ergonomic Plastic Ball',359.00,0.00,7.000,1,'2019-02-28'),(391,61,18,48,1,'Rustic Concrete Chips',326.00,0.00,7.000,0,'2019-02-20'),(392,34,4,45,4,'Unbranded Soft Chair',792.00,0.00,3.000,1,'2019-04-09'),(393,57,5,47,4,'Awesome Cotton Cheese',178.00,0.00,5.000,0,'2019-03-02'),(394,17,1,44,1,'Practical Steel Car',880.00,0.00,5.000,1,'2019-02-27'),(395,91,17,49,4,'Fantastic Wooden Sausages',935.00,0.00,4.000,1,'2019-03-13'),(396,50,18,48,2,'Intelligent Wooden Bacon',699.00,0.00,5.000,1,'2019-03-23'),(397,4,16,51,2,'Fantastic Rubber Bike',703.00,0.00,5.000,0,'2019-01-29'),(398,60,14,51,4,'Handmade Wooden Chair',389.00,0.00,5.000,0,'2019-03-10'),(399,8,3,45,3,'Unbranded Metal Table',791.00,0.00,5.000,0,'2019-03-21'),(400,65,2,48,2,'Intelligent Fresh Hat',939.00,0.00,4.000,1,'2019-02-13'),(401,52,16,51,2,'Small Cotton Salad',926.00,0.00,5.000,1,'2019-01-26'),(402,1,5,51,4,'Handmade Metal Tuna',683.00,0.00,8.000,0,'2019-02-20'),(403,15,16,44,4,'Practical Concrete Shoes',831.00,0.00,3.000,0,'2019-03-09'),(404,50,17,52,3,'Small Steel Chicken',137.00,0.00,6.000,0,'2019-03-01'),(405,1,19,44,4,'Fantastic Soft Bacon',28.00,0.00,3.000,0,'2019-04-11'),(406,3,10,48,3,'Tasty Steel Tuna',521.00,0.00,9.000,0,'2019-03-23'),(407,65,12,51,3,'Unbranded Cotton Bike',991.00,0.00,5.000,0,'2019-03-18'),(408,16,6,48,1,'Unbranded Soft Tuna',653.00,0.00,1.000,1,'2019-01-27'),(409,30,5,51,2,'Licensed Metal Towels',665.00,0.00,7.000,0,'2019-02-08'),(410,22,11,51,2,'Refined Rubber Gloves',478.00,0.00,9.000,1,'2019-03-08'),(411,31,1,44,3,'Sleek Frozen Hat',276.00,0.00,8.000,0,'2019-02-20'),(412,60,2,52,2,'Awesome Frozen Pants',948.00,0.00,9.000,1,'2019-03-21'),(413,10,5,47,3,'Intelligent Rubber Pants',113.00,0.00,2.000,0,'2019-03-25'),(414,4,16,43,4,'Handcrafted Fresh Table',575.00,0.00,5.000,1,'2019-04-18'),(415,13,9,51,2,'Practical Steel Sausages',443.00,0.00,8.000,0,'2019-03-10'),(416,87,18,49,3,'Unbranded Wooden Mouse',399.00,0.00,5.000,1,'2019-02-25'),(417,64,12,44,3,'Handcrafted Rubber Chair',473.00,0.00,2.000,0,'2019-04-20'),(418,54,1,43,1,'Gorgeous Frozen Hat',77.00,0.00,1.000,0,'2019-03-03'),(419,10,13,43,1,'Incredible Cotton Shoes',275.00,0.00,9.000,0,'2019-04-14'),(420,15,4,51,4,'Refined Granite Fish',411.00,0.00,5.000,0,'2019-02-14'),(421,81,16,49,3,'Incredible Rubber Car',698.00,0.00,8.000,1,'2019-02-05'),(422,32,11,43,3,'Incredible Wooden Towels',637.00,0.00,8.000,0,'2019-04-14'),(423,62,13,43,3,'Refined Plastic Towels',470.00,0.00,3.000,1,'2019-01-30'),(424,84,16,47,1,'Sleek Wooden Sausages',151.00,0.00,6.000,0,'2019-02-27'),(425,86,2,49,2,'Ergonomic Wooden Shirt',18.00,0.00,4.000,1,'2019-02-03'),(426,92,8,49,2,'Handcrafted Soft Table',166.00,0.00,3.000,1,'2019-03-30'),(427,6,5,51,4,'Small Soft Ball',691.00,0.00,3.000,1,'2019-02-21'),(428,31,15,48,4,'Handcrafted Steel Bike',395.00,0.00,7.000,0,'2019-04-12'),(429,49,11,46,1,'Refined Granite Towels',474.00,0.00,3.000,0,'2019-03-08'),(430,55,18,46,2,'Handmade Plastic Tuna',608.00,0.00,2.000,0,'2019-02-21'),(431,91,6,49,1,'Handmade Frozen Pants',791.00,0.00,1.000,1,'2019-02-22'),(432,7,10,51,3,'Fantastic Granite Car',178.00,0.00,2.000,0,'2019-03-04'),(433,31,8,49,3,'Incredible Rubber Car',302.00,0.00,2.000,1,'2019-03-12'),(434,63,18,48,3,'Ergonomic Frozen Mouse',606.00,0.00,2.000,1,'2019-02-26'),(435,91,6,51,2,'Handcrafted Wooden Chicken',327.00,0.00,5.000,0,'2019-04-03'),(436,58,16,44,2,'Awesome Plastic Tuna',333.00,0.00,9.000,0,'2019-04-16'),(437,20,18,48,3,'Gorgeous Frozen Pants',435.00,0.00,1.000,1,'2019-03-15'),(438,54,13,49,2,'Practical Cotton Mouse',573.00,0.00,5.000,0,'2019-04-01'),(439,18,15,45,4,'Ergonomic Wooden Tuna',958.00,0.00,9.000,1,'2019-04-19'),(440,50,8,44,2,'Awesome Rubber Sausages',822.00,0.00,9.000,1,'2019-03-01'),(441,87,11,52,1,'Small Concrete Table',331.00,0.00,1.000,1,'2019-02-17'),(442,1,18,45,2,'Licensed Steel Keyboard',24.00,0.00,4.000,1,'2019-04-16'),(443,82,15,46,3,'Incredible Metal Fish',665.00,0.00,6.000,1,'2019-01-25'),(444,32,5,44,4,'Intelligent Plastic Mouse',387.00,0.00,7.000,1,'2019-04-22'),(445,52,18,52,3,'Small Steel Salad',483.00,0.00,2.000,0,'2019-02-12'),(446,55,18,49,1,'Gorgeous Rubber Bike',14.00,0.00,4.000,0,'2019-02-16'),(447,93,14,52,1,'Rustic Rubber Chair',545.00,0.00,6.000,1,'2019-02-20'),(448,91,5,45,3,'Gorgeous Cotton Pants',417.00,0.00,9.000,0,'2019-02-06'),(449,6,7,46,2,'Licensed Wooden Tuna',320.00,0.00,2.000,1,'2019-03-05'),(450,62,18,46,1,'Incredible Cotton Chair',709.00,0.00,9.000,0,'2019-03-18'),(451,17,19,45,3,'Handcrafted Wooden Computer',81.00,0.00,3.000,1,'2019-02-28'),(452,28,12,51,3,'Licensed Plastic Gloves',580.00,0.00,4.000,1,'2019-02-23'),(453,58,3,49,1,'Handcrafted Granite Soap',227.00,0.00,4.000,1,'2019-04-03'),(454,22,17,51,2,'Licensed Frozen Towels',261.00,0.00,1.000,0,'2019-04-15'),(455,87,9,45,3,'Practical Rubber Shirt',353.00,0.00,5.000,1,'2019-02-18'),(456,25,5,43,3,'Handcrafted Cotton Cheese',317.00,0.00,8.000,0,'2019-04-01'),(457,24,1,44,3,'Unbranded Concrete Salad',391.00,0.00,4.000,0,'2019-03-20'),(458,18,7,52,3,'Generic Rubber Fish',634.00,0.00,2.000,0,'2019-03-31'),(459,60,7,52,1,'Handcrafted Fresh Ball',352.00,0.00,3.000,1,'2019-03-30'),(460,63,8,52,1,'Practical Plastic Chips',842.00,0.00,2.000,1,'2019-03-28'),(461,87,1,43,3,'Practical Metal Chips',937.00,0.00,1.000,1,'2019-03-14'),(462,33,4,51,1,'Incredible Plastic Salad',512.00,0.00,5.000,0,'2019-04-14'),(463,4,9,52,3,'Gorgeous Cotton Ball',543.00,0.00,3.000,1,'2019-03-07'),(464,7,12,49,3,'Sleek Metal Sausages',164.00,0.00,5.000,0,'2019-01-25'),(465,26,10,46,3,'Handmade Soft Chicken',985.00,0.00,5.000,0,'2019-04-03'),(466,85,11,43,1,'Tasty Cotton Chips',659.00,0.00,5.000,0,'2019-03-25'),(467,3,5,44,2,'Gorgeous Concrete Towels',127.00,0.00,8.000,0,'2019-04-14'),(468,95,8,43,4,'Handmade Concrete Mouse',151.00,0.00,7.000,0,'2019-02-11'),(469,94,2,52,4,'Generic Granite Tuna',969.00,0.00,8.000,0,'2019-04-06'),(470,26,19,45,3,'Practical Metal Pants',565.00,0.00,9.000,0,'2019-01-24'),(471,49,9,45,3,'Fantastic Soft Keyboard',378.00,0.00,2.000,1,'2019-02-15'),(472,56,18,52,1,'Sleek Soft Shoes',72.00,0.00,3.000,0,'2019-04-11'),(473,19,11,47,2,'Gorgeous Steel Towels',867.00,0.00,3.000,1,'2019-03-25'),(474,64,4,47,3,'Handmade Steel Keyboard',900.00,0.00,2.000,0,'2019-02-05'),(475,58,10,47,1,'Generic Soft Ball',271.00,0.00,5.000,0,'2019-02-18'),(476,50,4,43,2,'Handmade Plastic Chair',235.00,0.00,7.000,0,'2019-04-23'),(477,7,13,48,1,'Rustic Metal Bike',714.00,0.00,8.000,0,'2019-02-06'),(478,2,14,52,3,'Gorgeous Fresh Shirt',734.00,0.00,6.000,0,'2019-03-03'),(479,27,18,44,2,'Unbranded Cotton Shirt',809.00,0.00,3.000,1,'2019-02-09'),(480,28,11,47,3,'Generic Soft Table',664.00,0.00,8.000,1,'2019-04-03'),(481,61,5,49,3,'Gorgeous Steel Bacon',668.00,0.00,5.000,0,'2019-04-09'),(482,11,13,51,4,'Tasty Cotton Table',858.00,0.00,1.000,0,'2019-04-22'),(483,90,8,48,2,'Generic Concrete Pants',408.00,0.00,7.000,1,'2019-03-26'),(484,23,14,52,3,'Sleek Frozen Computer',885.00,0.00,2.000,1,'2019-02-18'),(485,32,3,48,2,'Licensed Plastic Shirt',12.00,0.00,7.000,1,'2019-02-14'),(486,58,14,51,1,'Refined Fresh Car',894.00,0.00,8.000,0,'2019-02-12'),(487,16,11,47,2,'Practical Steel Car',645.00,0.00,5.000,0,'2019-04-02'),(488,16,17,43,3,'Small Concrete Hat',589.00,0.00,1.000,0,'2019-03-26'),(489,92,11,44,4,'Generic Granite Fish',663.00,0.00,7.000,1,'2019-03-24'),(490,13,3,49,2,'Incredible Frozen Fish',162.00,0.00,7.000,0,'2019-04-15'),(491,91,11,43,3,'Tasty Concrete Bacon',921.00,0.00,8.000,0,'2019-04-23'),(492,9,9,48,2,'Handcrafted Concrete Soap',818.00,0.00,8.000,0,'2019-03-16'),(493,12,2,49,2,'Gorgeous Granite Pants',27.00,0.00,6.000,1,'2019-02-07'),(494,19,2,52,2,'Licensed Granite Table',847.00,0.00,6.000,1,'2019-04-17'),(495,4,6,49,2,'Handcrafted Wooden Hat',379.00,0.00,7.000,1,'2019-03-21'),(496,62,12,46,4,'Handcrafted Wooden Soap',15.00,0.00,1.000,0,'2019-03-05'),(497,55,4,44,4,'Tasty Soft Tuna',506.00,0.00,9.000,1,'2019-03-02'),(498,65,8,45,3,'Ergonomic Granite Table',262.00,0.00,4.000,1,'2019-02-22'),(499,80,3,49,2,'Fantastic Steel Salad',324.00,0.00,8.000,1,'2019-02-20'),(500,11,18,44,1,'Ergonomic Cotton Car',581.00,0.00,2.000,1,'2019-02-12'),(501,94,18,43,3,'Unbranded Soft Pants',69.00,0.00,4.000,0,'2019-04-04'),(502,34,19,46,3,'Ergonomic Frozen Towels',915.00,0.00,5.000,0,'2019-03-24'),(503,28,16,47,3,'Practical Steel Ball',106.00,0.00,9.000,0,'2019-03-02'),(504,87,4,48,2,'Refined Granite Ball',454.00,0.00,3.000,0,'2019-03-13'),(505,51,18,44,4,'Incredible Frozen Cheese',511.00,0.00,8.000,1,'2019-03-02'),(506,57,5,48,3,'Fantastic Rubber Car',60.00,0.00,6.000,0,'2019-04-23'),(507,6,17,48,1,'Ergonomic Frozen Gloves',774.00,0.00,7.000,0,'2019-01-31'),(508,4,7,47,2,'Small Soft Bike',311.00,0.00,7.000,1,'2019-02-19'),(509,29,17,45,3,'Generic Rubber Hat',704.00,0.00,2.000,0,'2019-02-12'),(510,11,1,43,1,'Sleek Frozen Bike',151.00,0.00,9.000,1,'2019-02-07'),(511,91,5,46,2,'Ergonomic Soft Computer',950.00,0.00,9.000,1,'2019-04-22'),(512,80,3,46,3,'Incredible Fresh Car',291.00,0.00,5.000,0,'2019-03-23'),(513,9,2,49,2,'Unbranded Cotton Ball',546.00,0.00,5.000,1,'2019-03-19'),(514,19,15,44,3,'Practical Soft Chair',450.00,0.00,2.000,1,'2019-03-30'),(515,29,5,51,3,'Incredible Rubber Towels',778.00,0.00,1.000,1,'2019-01-24'),(516,94,6,48,2,'Unbranded Frozen Towels',640.00,0.00,6.000,1,'2019-04-05'),(517,88,3,48,1,'Practical Steel Towels',25.00,0.00,7.000,1,'2019-02-24'),(518,23,10,45,4,'Intelligent Fresh Fish',323.00,0.00,5.000,0,'2019-03-29'),(519,20,17,52,2,'Gorgeous Concrete Chair',319.00,0.00,7.000,1,'2019-02-27'),(520,22,17,44,3,'Tasty Fresh Table',757.00,0.00,7.000,0,'2019-03-18'),(521,33,18,47,3,'Awesome Granite Shoes',892.00,0.00,3.000,0,'2019-02-05'),(522,84,14,51,2,'Generic Soft Shoes',168.00,0.00,1.000,0,'2019-04-18'),(523,64,7,46,3,'Handcrafted Fresh Salad',484.00,0.00,2.000,1,'2019-03-05'),(524,16,5,52,3,'Unbranded Plastic Shirt',99.00,0.00,6.000,1,'2019-03-07'),(525,86,8,43,1,'Intelligent Soft Mouse',405.00,0.00,2.000,0,'2019-02-03'),(526,1,17,47,3,'Refined Wooden Table',720.00,0.00,7.000,1,'2019-03-21'),(527,13,19,47,2,'Sleek Cotton Bike',519.00,0.00,5.000,0,'2019-04-02'),(528,49,4,44,3,'Gorgeous Steel Computer',950.00,0.00,3.000,1,'2019-03-11'),(529,5,9,45,2,'Generic Concrete Ball',851.00,0.00,6.000,0,'2019-03-12'),(530,86,5,48,3,'Awesome Plastic Ball',75.00,0.00,2.000,1,'2019-02-21'),(531,84,5,48,3,'Small Wooden Chair',647.00,0.00,5.000,1,'2019-02-27'),(532,61,17,49,1,'Unbranded Wooden Chicken',438.00,0.00,1.000,1,'2019-02-02'),(533,3,19,49,3,'Rustic Metal Shirt',813.00,0.00,4.000,0,'2019-02-22'),(534,93,17,49,3,'Generic Cotton Bike',132.00,0.00,7.000,0,'2019-02-08'),(535,9,11,44,4,'Practical Wooden Bacon',594.00,0.00,3.000,1,'2019-03-16'),(536,11,9,48,3,'Unbranded Plastic Car',884.00,0.00,4.000,1,'2019-02-06'),(537,59,19,49,2,'Refined Metal Shirt',304.00,0.00,7.000,1,'2019-04-19'),(538,55,14,46,3,'Gorgeous Soft Car',293.00,0.00,9.000,0,'2019-04-21'),(539,21,14,48,1,'Sleek Soft Bacon',449.00,0.00,5.000,1,'2019-02-05'),(540,90,12,44,4,'Licensed Cotton Towels',729.00,0.00,3.000,0,'2019-02-05'),(541,65,5,44,4,'Ergonomic Plastic Fish',645.00,0.00,5.000,1,'2019-04-12'),(542,82,18,46,1,'Ergonomic Concrete Table',637.00,0.00,3.000,0,'2019-04-08'),(543,58,7,49,2,'Licensed Wooden Keyboard',177.00,0.00,2.000,0,'2019-02-25'),(544,27,11,51,3,'Small Soft Fish',192.00,0.00,2.000,0,'2019-04-23'),(545,65,16,45,1,'Tasty Soft Towels',927.00,0.00,3.000,0,'2019-02-20'),(546,30,18,47,3,'Rustic Fresh Mouse',186.00,0.00,6.000,0,'2019-04-04'),(547,18,10,48,4,'Refined Plastic Shirt',996.00,0.00,3.000,0,'2019-03-14'),(548,18,2,49,1,'Handmade Fresh Mouse',689.00,0.00,2.000,1,'2019-02-06'),(549,87,1,47,1,'Intelligent Plastic Chips',830.00,0.00,5.000,1,'2019-02-19'),(550,89,12,48,3,'Gorgeous Concrete Chips',140.00,0.00,7.000,1,'2019-02-02'),(551,25,10,49,2,'Handcrafted Fresh Chair',366.00,0.00,9.000,0,'2019-04-19'),(552,64,9,44,2,'Licensed Soft Pizza',870.00,0.00,7.000,0,'2019-03-30'),(553,57,3,46,2,'Rustic Steel Keyboard',781.00,0.00,4.000,1,'2019-03-28'),(554,19,4,52,2,'Handmade Frozen Salad',217.00,0.00,1.000,1,'2019-04-07'),(555,21,13,43,1,'Small Steel Keyboard',570.00,0.00,8.000,1,'2019-03-26'),(556,95,16,49,2,'Unbranded Steel Bacon',97.00,0.00,4.000,0,'2019-02-24'),(557,88,12,44,1,'Gorgeous Plastic Car',788.00,0.00,4.000,1,'2019-02-12'),(558,93,8,44,1,'Handmade Fresh Soap',802.00,0.00,2.000,0,'2019-04-01'),(559,53,15,47,3,'Practical Soft Computer',28.00,0.00,7.000,0,'2019-03-14'),(560,4,9,47,2,'Handcrafted Metal Table',722.00,0.00,6.000,0,'2019-04-22'),(561,88,3,49,3,'Intelligent Steel Fish',371.00,0.00,9.000,0,'2019-03-21'),(562,12,4,51,2,'Small Metal Car',263.00,0.00,7.000,0,'2019-03-27'),(563,11,18,52,3,'Handmade Granite Table',966.00,0.00,5.000,0,'2019-02-12'),(564,51,12,49,3,'Rustic Rubber Gloves',570.00,0.00,6.000,0,'2019-03-26'),(565,29,1,45,2,'Unbranded Soft Shoes',790.00,0.00,5.000,1,'2019-03-22'),(566,11,16,43,3,'Gorgeous Rubber Fish',518.00,0.00,9.000,0,'2019-04-11'),(567,85,5,51,3,'Handcrafted Rubber Tuna',219.00,0.00,1.000,0,'2019-03-07'),(568,5,13,44,4,'Rustic Rubber Towels',917.00,0.00,2.000,0,'2019-03-07'),(569,51,2,45,1,'Fantastic Cotton Chicken',841.00,0.00,9.000,1,'2019-03-04'),(570,53,9,48,3,'Ergonomic Granite Bike',367.00,0.00,8.000,1,'2019-02-21'),(571,22,12,45,2,'Refined Fresh Towels',912.00,0.00,1.000,1,'2019-03-31'),(572,14,3,47,1,'Licensed Fresh Tuna',607.00,0.00,6.000,1,'2019-03-20'),(573,91,19,44,1,'Licensed Frozen Soap',538.00,0.00,3.000,1,'2019-03-05'),(574,1,5,51,1,'Practical Steel Car',657.00,0.00,6.000,0,'2019-03-19'),(575,16,2,43,4,'Unbranded Fresh Table',745.00,0.00,1.000,0,'2019-02-03'),(576,5,10,48,3,'Unbranded Frozen Pants',506.00,0.00,1.000,0,'2019-04-16'),(577,2,1,51,3,'Rustic Soft Chips',726.00,0.00,2.000,1,'2019-04-02'),(578,19,17,49,2,'Intelligent Plastic Towels',875.00,0.00,5.000,0,'2019-04-03'),(579,89,14,46,2,'Unbranded Cotton Sausages',157.00,0.00,2.000,1,'2019-02-12'),(580,3,10,48,2,'Ergonomic Soft Bike',247.00,0.00,4.000,1,'2019-01-24'),(581,8,19,46,3,'Generic Concrete Keyboard',190.00,0.00,6.000,1,'2019-02-20'),(582,61,3,46,1,'Sleek Soft Sausages',140.00,0.00,2.000,1,'2019-03-16'),(583,23,4,46,2,'Intelligent Concrete Chips',203.00,0.00,8.000,0,'2019-03-20'),(584,88,10,52,3,'Unbranded Fresh Car',11.00,0.00,2.000,0,'2019-04-15'),(585,15,19,46,4,'Ergonomic Steel Keyboard',24.00,0.00,4.000,0,'2019-02-17'),(586,10,9,45,3,'Small Soft Car',550.00,0.00,8.000,0,'2019-03-13'),(587,80,15,51,3,'Rustic Plastic Towels',86.00,0.00,2.000,1,'2019-01-26'),(588,85,15,51,2,'Gorgeous Concrete Shoes',511.00,0.00,4.000,0,'2019-02-27'),(589,94,6,48,2,'Handcrafted Cotton Table',326.00,0.00,1.000,0,'2019-03-11'),(590,24,4,47,3,'Generic Frozen Gloves',816.00,0.00,5.000,0,'2019-02-04'),(591,50,18,46,4,'Unbranded Steel Fish',478.00,0.00,4.000,0,'2019-03-13'),(592,19,19,47,3,'Small Cotton Cheese',527.00,0.00,7.000,0,'2019-02-13'),(593,22,8,48,4,'Rustic Plastic Tuna',98.00,0.00,6.000,0,'2019-03-06'),(594,9,4,49,1,'Sleek Plastic Sausages',252.00,0.00,5.000,1,'2019-03-12'),(595,32,17,48,4,'Generic Steel Pants',664.00,0.00,1.000,1,'2019-03-10'),(596,2,9,47,3,'Gorgeous Steel Computer',386.00,0.00,6.000,1,'2019-01-28'),(597,22,2,51,4,'Handcrafted Soft Chicken',204.00,0.00,2.000,1,'2019-04-22'),(598,8,7,49,3,'Refined Cotton Ball',644.00,0.00,3.000,1,'2019-04-12'),(599,25,13,45,3,'Awesome Cotton Pizza',346.00,0.00,3.000,1,'2019-03-29'),(600,83,7,51,4,'Refined Rubber Chips',299.00,0.00,5.000,1,'2019-04-02'),(601,84,6,52,3,'Handmade Metal Bike',853.00,0.00,9.000,0,'2019-02-25'),(602,88,1,45,2,'Tasty Cotton Fish',945.00,0.00,9.000,1,'2019-04-06'),(603,22,2,43,3,'Refined Frozen Car',843.00,0.00,6.000,0,'2019-04-10'),(604,19,3,45,2,'Fantastic Cotton Bike',100.00,0.00,7.000,1,'2019-02-11'),(605,81,18,48,4,'Licensed Wooden Car',894.00,0.00,4.000,0,'2019-03-29'),(606,30,5,51,2,'Small Wooden Car',78.00,0.00,6.000,1,'2019-02-10'),(607,88,7,49,4,'Intelligent Soft Ball',699.00,0.00,3.000,0,'2019-04-13'),(608,18,9,44,1,'Licensed Wooden Sausages',738.00,0.00,7.000,1,'2019-02-18'),(609,7,14,44,3,'Sleek Metal Car',606.00,0.00,5.000,0,'2019-02-01'),(610,82,4,43,4,'Refined Soft Sausages',45.00,0.00,4.000,0,'2019-03-10'),(611,95,12,43,4,'Unbranded Fresh Bike',867.00,0.00,1.000,0,'2019-03-22'),(612,56,4,45,2,'Handcrafted Soft Chips',4.00,0.00,2.000,1,'2019-03-05'),(613,81,14,48,1,'Ergonomic Granite Computer',24.00,0.00,5.000,0,'2019-04-10'),(614,32,10,52,3,'Sleek Steel Computer',184.00,0.00,3.000,0,'2019-04-13'),(615,28,16,49,2,'Tasty Fresh Pants',343.00,0.00,9.000,1,'2019-02-22'),(616,31,6,49,2,'Handcrafted Cotton Mouse',57.00,0.00,7.000,0,'2019-03-10'),(617,54,3,51,3,'Handmade Wooden Salad',885.00,0.00,2.000,0,'2019-04-22'),(618,3,10,49,2,'Generic Steel Pizza',525.00,0.00,5.000,0,'2019-04-06'),(619,29,9,48,2,'Ergonomic Soft Shirt',326.00,0.00,5.000,1,'2019-04-12'),(620,12,6,45,4,'Refined Granite Ball',4.00,0.00,7.000,1,'2019-04-10'),(621,56,3,49,2,'Tasty Granite Table',691.00,0.00,2.000,0,'2019-03-07'),(622,82,17,44,2,'Fantastic Cotton Table',191.00,0.00,1.000,0,'2019-03-15'),(623,91,15,47,3,'Generic Metal Hat',975.00,0.00,7.000,0,'2019-03-06'),(624,31,16,46,3,'Practical Wooden Tuna',940.00,0.00,5.000,0,'2019-04-02'),(625,3,12,47,2,'Sleek Metal Shirt',892.00,0.00,9.000,0,'2019-03-04'),(626,95,12,49,2,'Incredible Cotton Bike',156.00,0.00,8.000,1,'2019-02-10'),(627,59,7,51,4,'Ergonomic Granite Tuna',571.00,0.00,8.000,0,'2019-03-30'),(628,31,5,46,4,'Generic Metal Pizza',874.00,0.00,8.000,1,'2019-03-13'),(629,1,16,46,3,'Ergonomic Rubber Bike',551.00,0.00,2.000,0,'2019-01-26'),(630,23,16,45,3,'Licensed Metal Chicken',339.00,0.00,9.000,1,'2019-03-11'),(631,86,2,51,1,'Sleek Granite Shirt',437.00,0.00,3.000,1,'2019-03-08'),(632,1,5,51,4,'Fantastic Steel Soap',483.00,0.00,9.000,1,'2019-03-10'),(633,92,10,48,1,'Rustic Fresh Cheese',250.00,0.00,3.000,1,'2019-03-28'),(634,31,15,51,1,'Tasty Rubber Chair',293.00,0.00,2.000,1,'2019-02-17'),(635,89,1,49,3,'Gorgeous Cotton Computer',502.00,0.00,4.000,1,'2019-03-22'),(636,4,8,45,1,'Practical Wooden Fish',630.00,0.00,4.000,0,'2019-03-04'),(637,94,1,52,3,'Rustic Cotton Soap',942.00,0.00,8.000,1,'2019-04-16'),(638,8,4,49,4,'Intelligent Steel Soap',167.00,0.00,3.000,0,'2019-04-01'),(639,85,8,47,4,'Fantastic Frozen Gloves',788.00,0.00,8.000,0,'2019-02-10'),(640,22,10,46,3,'Refined Metal Hat',818.00,0.00,3.000,1,'2019-02-05'),(641,20,8,48,4,'Licensed Metal Sausages',493.00,0.00,6.000,1,'2019-02-22'),(642,19,19,45,3,'Incredible Metal Shoes',922.00,0.00,8.000,0,'2019-03-04'),(643,54,13,52,2,'Awesome Wooden Towels',8.00,0.00,7.000,1,'2019-02-22'),(644,84,3,49,3,'Gorgeous Cotton Sausages',189.00,0.00,8.000,1,'2019-01-30'),(645,1,13,43,3,'Rustic Metal Cheese',51.00,0.00,3.000,1,'2019-02-12'),(646,87,6,48,1,'Gorgeous Rubber Pants',631.00,0.00,7.000,0,'2019-04-14'),(647,4,15,45,3,'Awesome Wooden Ball',542.00,0.00,3.000,1,'2019-02-18'),(648,84,19,46,1,'Practical Wooden Bacon',898.00,0.00,9.000,1,'2019-03-30'),(649,58,18,47,2,'Intelligent Steel Towels',574.00,0.00,7.000,0,'2019-03-18'),(650,94,4,46,2,'Fantastic Cotton Ball',588.00,0.00,8.000,1,'2019-03-23'),(651,83,4,51,2,'Generic Steel Towels',44.00,0.00,6.000,0,'2019-01-27'),(652,95,19,51,2,'Rustic Wooden Bike',338.00,0.00,2.000,0,'2019-04-05'),(653,90,1,48,4,'Ergonomic Wooden Tuna',616.00,0.00,1.000,1,'2019-01-25'),(654,27,10,52,4,'Small Soft Hat',640.00,0.00,9.000,0,'2019-02-26'),(655,59,3,46,3,'Tasty Soft Towels',341.00,0.00,3.000,0,'2019-03-30'),(656,25,12,52,2,'Practical Fresh Car',472.00,0.00,2.000,1,'2019-03-31'),(657,1,5,48,2,'Gorgeous Steel Shirt',964.00,0.00,3.000,1,'2019-03-31'),(658,90,19,52,1,'Gorgeous Plastic Mouse',508.00,0.00,1.000,1,'2019-02-21'),(659,56,7,44,2,'Generic Wooden Sausages',309.00,0.00,3.000,0,'2019-02-19'),(660,86,3,51,1,'Gorgeous Rubber Car',940.00,0.00,1.000,0,'2019-04-01'),(661,94,17,47,1,'Ergonomic Frozen Chair',175.00,0.00,7.000,0,'2019-03-11'),(662,89,9,49,3,'Unbranded Cotton Bacon',232.00,0.00,2.000,0,'2019-03-13'),(663,92,18,48,4,'Tasty Plastic Ball',956.00,0.00,2.000,1,'2019-04-07'),(664,85,15,43,2,'Tasty Metal Fish',722.00,0.00,3.000,0,'2019-02-19'),(665,92,11,51,3,'Fantastic Cotton Keyboard',255.00,0.00,5.000,1,'2019-02-27'),(666,84,8,51,4,'Practical Metal Pizza',846.00,0.00,9.000,0,'2019-02-03'),(667,4,19,48,2,'Ergonomic Cotton Salad',729.00,0.00,7.000,1,'2019-04-10'),(668,26,11,47,3,'Tasty Cotton Car',384.00,0.00,3.000,0,'2019-02-16'),(669,60,15,52,4,'Fantastic Steel Tuna',868.00,0.00,2.000,0,'2019-03-14'),(670,14,19,48,4,'Handcrafted Fresh Chair',550.00,0.00,4.000,1,'2019-03-07'),(671,84,8,45,4,'Sleek Fresh Soap',567.00,0.00,7.000,1,'2019-02-17'),(672,53,15,46,2,'Practical Steel Pants',417.00,0.00,3.000,1,'2019-02-28'),(673,16,13,51,3,'Handmade Metal Soap',873.00,0.00,5.000,0,'2019-04-01'),(674,25,16,51,4,'Awesome Fresh Towels',356.00,0.00,5.000,0,'2019-02-15'),(675,31,5,45,3,'Refined Rubber Table',233.00,0.00,3.000,1,'2019-04-12'),(676,57,10,44,3,'Intelligent Cotton Chips',215.00,0.00,1.000,1,'2019-02-20'),(677,85,10,43,2,'Sleek Metal Pants',63.00,0.00,3.000,1,'2019-04-22'),(678,23,17,46,2,'Licensed Steel Fish',487.00,0.00,2.000,0,'2019-04-08'),(679,13,13,48,3,'Refined Cotton Hat',49.00,0.00,8.000,0,'2019-02-27'),(680,5,1,49,2,'Sleek Wooden Table',387.00,0.00,4.000,0,'2019-01-27'),(681,52,12,45,4,'Incredible Fresh Table',864.00,0.00,8.000,1,'2019-02-18'),(682,84,7,45,2,'Awesome Soft Tuna',739.00,0.00,6.000,0,'2019-01-26'),(683,31,12,51,4,'Tasty Concrete Sausages',723.00,0.00,7.000,0,'2019-02-14'),(684,18,8,49,3,'Generic Cotton Soap',804.00,0.00,5.000,0,'2019-03-22'),(685,2,3,44,2,'Unbranded Granite Soap',237.00,0.00,9.000,1,'2019-02-05'),(686,88,3,45,3,'Intelligent Plastic Tuna',255.00,0.00,9.000,0,'2019-03-18'),(687,3,5,52,2,'Practical Cotton Pizza',642.00,0.00,7.000,0,'2019-02-05'),(688,27,17,47,4,'Fantastic Wooden Car',30.00,0.00,6.000,0,'2019-02-06'),(689,2,17,48,2,'Fantastic Wooden Computer',152.00,0.00,4.000,1,'2019-04-19'),(690,56,18,48,3,'Handcrafted Rubber Shoes',476.00,0.00,1.000,0,'2019-02-03'),(691,54,12,45,1,'Unbranded Plastic Ball',720.00,0.00,3.000,0,'2019-02-11'),(692,5,5,49,3,'Handcrafted Plastic Car',302.00,0.00,4.000,0,'2019-01-28'),(693,90,11,43,3,'Unbranded Rubber Chips',727.00,0.00,3.000,0,'2019-03-03'),(694,23,15,44,2,'Unbranded Fresh Soap',752.00,0.00,5.000,1,'2019-04-21'),(695,94,19,52,3,'Small Wooden Bacon',945.00,0.00,8.000,1,'2019-02-24'),(696,19,10,44,3,'Generic Frozen Mouse',316.00,0.00,6.000,0,'2019-03-28'),(697,84,3,44,2,'Tasty Wooden Car',273.00,0.00,2.000,1,'2019-03-10'),(698,11,11,44,1,'Ergonomic Granite Mouse',227.00,0.00,3.000,0,'2019-03-31'),(699,33,14,44,1,'Fantastic Plastic Pizza',579.00,0.00,3.000,0,'2019-03-26'),(700,81,16,43,2,'Intelligent Frozen Keyboard',634.00,0.00,8.000,0,'2019-04-14'),(701,14,2,52,4,'Refined Granite Cheese',219.00,0.00,3.000,0,'2019-03-02'),(702,31,3,46,3,'Ergonomic Frozen Chair',827.00,0.00,4.000,0,'2019-03-25'),(703,5,4,44,2,'Awesome Frozen Chicken',536.00,0.00,1.000,0,'2019-02-07'),(704,4,7,44,1,'Practical Fresh Shoes',161.00,0.00,4.000,1,'2019-03-16'),(705,33,1,52,2,'Ergonomic Cotton Keyboard',586.00,0.00,2.000,0,'2019-02-03'),(706,88,14,46,4,'Handcrafted Rubber Ball',604.00,0.00,2.000,0,'2019-04-23'),(707,4,14,46,3,'Unbranded Rubber Sausages',465.00,0.00,5.000,0,'2019-02-19'),(708,63,4,48,3,'Tasty Metal Soap',853.00,0.00,5.000,1,'2019-02-05'),(709,59,17,47,3,'Handcrafted Concrete Chicken',325.00,0.00,2.000,0,'2019-03-29'),(710,83,5,45,3,'Incredible Metal Fish',771.00,0.00,6.000,0,'2019-03-20'),(711,60,19,49,1,'Sleek Soft Soap',220.00,0.00,6.000,1,'2019-04-11'),(712,87,9,51,3,'Ergonomic Frozen Shoes',959.00,0.00,1.000,0,'2019-03-08'),(713,62,9,45,1,'Sleek Granite Sausages',91.00,0.00,8.000,0,'2019-02-02'),(714,5,9,44,1,'Gorgeous Cotton Ball',859.00,0.00,5.000,1,'2019-04-14'),(715,95,2,44,2,'Rustic Soft Car',294.00,0.00,8.000,0,'2019-03-08'),(716,58,7,47,1,'Ergonomic Concrete Table',729.00,0.00,7.000,1,'2019-02-15'),(717,15,9,51,1,'Unbranded Plastic Bacon',317.00,0.00,8.000,1,'2019-03-29'),(718,32,8,46,2,'Fantastic Steel Chair',581.00,0.00,8.000,0,'2019-02-10'),(719,9,2,49,3,'Handmade Plastic Sausages',221.00,0.00,7.000,1,'2019-04-23'),(720,61,15,49,4,'Practical Rubber Shirt',798.00,0.00,4.000,1,'2019-04-03'),(721,29,16,43,3,'Generic Concrete Computer',542.00,0.00,6.000,1,'2019-04-08'),(722,82,15,49,3,'Licensed Fresh Cheese',865.00,0.00,3.000,1,'2019-01-25'),(723,62,3,49,3,'Gorgeous Concrete Chips',346.00,0.00,9.000,1,'2019-03-30'),(724,4,6,43,3,'Awesome Metal Chair',23.00,0.00,9.000,0,'2019-03-07'),(725,82,18,44,4,'Tasty Plastic Computer',582.00,0.00,9.000,1,'2019-02-28'),(726,13,10,47,4,'Licensed Wooden Ball',451.00,0.00,8.000,0,'2019-03-18'),(727,83,5,49,2,'Generic Concrete Bike',382.00,0.00,7.000,0,'2019-02-18'),(728,26,13,46,3,'Ergonomic Fresh Mouse',216.00,0.00,9.000,0,'2019-04-16'),(729,22,14,43,2,'Sleek Concrete Cheese',270.00,0.00,8.000,1,'2019-03-04'),(730,57,15,44,3,'Fantastic Metal Hat',625.00,0.00,3.000,1,'2019-03-28'),(731,14,14,47,2,'Ergonomic Cotton Table',375.00,0.00,8.000,0,'2019-03-11'),(732,49,3,47,3,'Ergonomic Wooden Fish',23.00,0.00,5.000,1,'2019-04-17'),(733,56,1,48,2,'Awesome Granite Sausages',746.00,0.00,1.000,0,'2019-04-16'),(734,31,12,45,3,'Practical Steel Hat',862.00,0.00,7.000,1,'2019-02-27'),(735,5,15,52,4,'Rustic Frozen Towels',232.00,0.00,8.000,0,'2019-03-18'),(736,60,17,51,1,'Tasty Wooden Shirt',517.00,0.00,1.000,0,'2019-04-11'),(737,21,4,51,3,'Ergonomic Soft Soap',775.00,0.00,5.000,1,'2019-03-18'),(738,1,16,45,4,'Rustic Steel Salad',188.00,0.00,5.000,1,'2019-03-23'),(739,59,9,43,4,'Generic Concrete Chicken',785.00,0.00,9.000,1,'2019-02-22'),(740,91,9,52,3,'Ergonomic Metal Towels',513.00,0.00,2.000,0,'2019-03-23'),(741,20,15,47,3,'Small Soft Pants',738.00,0.00,3.000,0,'2019-04-01'),(742,85,3,46,3,'Rustic Fresh Cheese',147.00,0.00,9.000,1,'2019-03-29'),(743,53,13,49,3,'Refined Cotton Computer',932.00,0.00,6.000,1,'2019-04-01'),(744,22,19,43,3,'Refined Metal Chips',253.00,0.00,8.000,0,'2019-03-07'),(745,7,5,45,3,'Small Cotton Keyboard',380.00,0.00,8.000,0,'2019-04-05'),(746,56,15,51,3,'Unbranded Frozen Towels',669.00,0.00,6.000,1,'2019-02-22'),(747,9,7,51,3,'Intelligent Plastic Keyboard',551.00,0.00,2.000,0,'2019-02-14'),(748,32,14,51,3,'Intelligent Plastic Pants',313.00,0.00,5.000,0,'2019-04-01'),(749,50,18,49,2,'Handcrafted Cotton Towels',881.00,0.00,1.000,0,'2019-02-06'),(750,21,7,52,2,'Awesome Frozen Mouse',93.00,0.00,9.000,1,'2019-04-18'),(751,6,18,51,3,'Unbranded Rubber Chips',882.00,0.00,5.000,0,'2019-03-20'),(752,28,5,46,3,'Awesome Metal Chair',46.00,0.00,6.000,0,'2019-03-14'),(753,20,4,43,2,'Ergonomic Plastic Mouse',79.00,0.00,9.000,0,'2019-02-01'),(754,26,10,51,2,'Fantastic Cotton Towels',571.00,0.00,4.000,1,'2019-02-12'),(755,33,18,49,2,'Rustic Plastic Chair',991.00,0.00,7.000,0,'2019-02-13'),(756,11,15,52,2,'Rustic Plastic Bacon',453.00,0.00,9.000,0,'2019-03-06'),(757,86,6,44,1,'Awesome Frozen Gloves',585.00,0.00,8.000,1,'2019-04-06'),(758,85,10,46,1,'Ergonomic Steel Chips',917.00,0.00,1.000,1,'2019-04-13'),(759,56,13,46,2,'Small Metal Sausages',70.00,0.00,2.000,0,'2019-04-03'),(760,34,12,45,1,'Handmade Soft Chicken',521.00,0.00,2.000,0,'2019-03-03'),(761,30,16,48,2,'Practical Fresh Shoes',691.00,0.00,7.000,0,'2019-01-25'),(762,83,12,44,2,'Handmade Wooden Ball',184.00,0.00,4.000,1,'2019-04-14'),(763,80,3,52,2,'Generic Wooden Shirt',91.00,0.00,7.000,1,'2019-03-03'),(764,65,2,48,3,'Licensed Fresh Keyboard',282.00,0.00,1.000,1,'2019-04-16'),(765,87,3,52,2,'Gorgeous Steel Keyboard',789.00,0.00,7.000,0,'2019-03-16'),(766,52,2,51,2,'Intelligent Frozen Table',956.00,0.00,7.000,1,'2019-03-20'),(767,26,10,43,1,'Small Plastic Shirt',462.00,0.00,4.000,1,'2019-02-04'),(768,84,8,49,1,'Practical Soft Tuna',507.00,0.00,9.000,1,'2019-03-11'),(769,84,9,46,2,'Intelligent Plastic Fish',553.00,0.00,4.000,0,'2019-03-27'),(770,50,8,46,1,'Intelligent Rubber Cheese',980.00,0.00,9.000,0,'2019-03-23'),(771,14,15,47,2,'Refined Steel Shirt',512.00,0.00,7.000,1,'2019-02-18'),(772,84,17,48,3,'Practical Rubber Cheese',980.00,0.00,3.000,1,'2019-02-06'),(773,29,17,51,2,'Incredible Cotton Bacon',328.00,0.00,9.000,1,'2019-04-02'),(774,52,15,43,1,'Small Granite Ball',301.00,0.00,4.000,0,'2019-04-05'),(775,1,11,44,2,'Tasty Fresh Shoes',761.00,0.00,4.000,0,'2019-04-06'),(776,13,7,48,2,'Unbranded Fresh Keyboard',264.00,0.00,5.000,0,'2019-01-28'),(777,2,18,43,2,'Sleek Fresh Hat',924.00,0.00,6.000,0,'2019-03-10'),(778,61,16,49,4,'Unbranded Cotton Shirt',346.00,0.00,1.000,0,'2019-04-19'),(779,91,15,43,2,'Incredible Rubber Table',24.00,0.00,1.000,0,'2019-03-29'),(780,54,4,43,4,'Fantastic Fresh Hat',493.00,0.00,3.000,0,'2019-04-05'),(781,86,14,49,2,'Intelligent Soft Ball',323.00,0.00,7.000,0,'2019-04-16'),(782,4,2,51,2,'Intelligent Metal Chicken',142.00,0.00,6.000,1,'2019-02-06'),(783,81,11,52,1,'Gorgeous Concrete Hat',46.00,0.00,1.000,1,'2019-02-16'),(784,14,6,51,4,'Awesome Steel Pants',191.00,0.00,8.000,0,'2019-01-31'),(785,95,12,48,3,'Practical Frozen Bike',530.00,0.00,6.000,1,'2019-04-09'),(786,11,9,47,2,'Practical Plastic Pants',950.00,0.00,4.000,1,'2019-01-27'),(787,10,16,43,2,'Incredible Rubber Computer',40.00,0.00,9.000,0,'2019-02-07'),(788,88,12,44,3,'Intelligent Rubber Bike',504.00,0.00,2.000,1,'2019-02-12'),(789,14,10,46,2,'Sleek Fresh Shirt',681.00,0.00,2.000,0,'2019-03-28'),(790,52,4,47,3,'Generic Steel Car',174.00,0.00,7.000,0,'2019-02-24'),(791,16,16,51,3,'Small Fresh Mouse',727.00,0.00,9.000,1,'2019-03-15'),(792,26,4,44,3,'Fantastic Frozen Keyboard',683.00,0.00,7.000,0,'2019-03-28'),(793,18,9,47,2,'Awesome Wooden Computer',418.00,0.00,3.000,0,'2019-04-01'),(794,82,16,47,3,'Tasty Metal Pants',986.00,0.00,9.000,0,'2019-03-04'),(795,8,13,48,4,'Sleek Plastic Chips',108.00,0.00,6.000,1,'2019-03-18'),(796,61,13,48,3,'Unbranded Concrete Chicken',917.00,0.00,1.000,1,'2019-04-14'),(797,3,17,47,2,'Incredible Metal Pants',221.00,0.00,7.000,0,'2019-03-12'),(798,17,7,43,4,'Fantastic Rubber Tuna',414.00,0.00,6.000,1,'2019-01-28'),(799,65,14,46,3,'Handcrafted Soft Shirt',819.00,0.00,5.000,0,'2019-02-12'),(800,94,7,49,3,'Refined Concrete Sausages',578.00,0.00,3.000,1,'2019-02-23'),(801,5,14,49,2,'Incredible Rubber Sausages',87.00,0.00,8.000,1,'2019-02-18'),(802,13,16,49,1,'Refined Plastic Fish',21.00,0.00,9.000,0,'2019-04-12'),(803,92,12,46,1,'Refined Concrete Pants',597.00,0.00,8.000,1,'2019-03-27'),(804,22,11,46,4,'Tasty Plastic Car',116.00,0.00,9.000,0,'2019-03-03'),(805,22,17,47,1,'Small Metal Shoes',951.00,0.00,3.000,0,'2019-02-22'),(806,50,13,45,3,'Awesome Plastic Shoes',9.00,0.00,7.000,1,'2019-01-26'),(807,6,15,52,3,'Sleek Wooden Ball',300.00,0.00,2.000,0,'2019-03-06'),(808,32,3,45,3,'Ergonomic Rubber Chair',496.00,0.00,3.000,0,'2019-01-29'),(809,80,19,44,3,'Handmade Metal Gloves',773.00,0.00,2.000,1,'2019-03-17'),(810,52,13,48,3,'Handmade Cotton Table',430.00,0.00,4.000,0,'2019-02-22'),(811,3,11,47,2,'Fantastic Fresh Bike',35.00,0.00,5.000,0,'2019-02-06'),(812,61,14,45,2,'Generic Wooden Bacon',73.00,0.00,3.000,0,'2019-02-28'),(813,29,12,52,3,'Generic Concrete Keyboard',273.00,0.00,1.000,1,'2019-03-07'),(814,84,17,46,3,'Incredible Granite Towels',129.00,0.00,9.000,0,'2019-03-26'),(815,24,7,52,2,'Fantastic Plastic Chicken',297.00,0.00,9.000,0,'2019-03-18'),(816,80,3,48,2,'Fantastic Plastic Mouse',382.00,0.00,7.000,1,'2019-02-17'),(817,83,17,43,2,'Tasty Frozen Towels',353.00,0.00,8.000,0,'2019-02-23'),(818,80,14,52,3,'Small Wooden Cheese',457.00,0.00,3.000,1,'2019-03-31'),(819,59,10,51,1,'Sleek Plastic Towels',541.00,0.00,2.000,0,'2019-03-05'),(820,1,3,45,2,'Gorgeous Soft Table',927.00,0.00,7.000,1,'2019-04-21'),(821,63,10,44,2,'Handcrafted Rubber Shirt',753.00,0.00,4.000,0,'2019-02-07'),(822,64,15,43,3,'Handcrafted Cotton Bike',316.00,0.00,4.000,1,'2019-02-21'),(823,11,1,49,2,'Incredible Wooden Cheese',830.00,0.00,9.000,0,'2019-01-23'),(824,18,6,44,1,'Licensed Concrete Gloves',169.00,0.00,9.000,0,'2019-02-28'),(825,56,4,46,2,'Ergonomic Soft Sausages',202.00,0.00,8.000,1,'2019-02-28'),(826,88,1,44,2,'Tasty Concrete Sausages',548.00,0.00,5.000,1,'2019-02-14'),(827,56,5,52,1,'Unbranded Cotton Shoes',165.00,0.00,9.000,1,'2019-04-09'),(828,91,6,44,2,'Rustic Plastic Shoes',832.00,0.00,2.000,0,'2019-04-03'),(829,57,7,47,2,'Ergonomic Cotton Table',670.00,0.00,6.000,0,'2019-02-13'),(830,95,16,44,2,'Practical Granite Chair',745.00,0.00,6.000,1,'2019-03-19'),(831,52,2,44,2,'Fantastic Soft Towels',300.00,0.00,9.000,1,'2019-02-14'),(832,54,15,52,2,'Handmade Cotton Salad',561.00,0.00,2.000,1,'2019-02-10'),(833,3,9,44,2,'Ergonomic Wooden Computer',812.00,0.00,9.000,1,'2019-03-19'),(834,18,18,43,4,'Awesome Plastic Tuna',844.00,0.00,2.000,1,'2019-02-19'),(835,17,19,44,3,'Practical Metal Computer',175.00,0.00,3.000,0,'2019-02-07'),(836,14,16,44,3,'Handmade Rubber Hat',379.00,0.00,7.000,0,'2019-02-15'),(837,56,10,47,1,'Ergonomic Metal Car',198.00,0.00,4.000,1,'2019-03-01'),(838,5,11,44,4,'Rustic Frozen Hat',612.00,0.00,9.000,1,'2019-02-17'),(839,51,11,45,3,'Practical Rubber Computer',720.00,0.00,8.000,0,'2019-01-25'),(840,9,16,45,4,'Incredible Wooden Chicken',300.00,0.00,8.000,0,'2019-04-09'),(841,56,18,47,2,'Generic Plastic Pizza',585.00,0.00,3.000,0,'2019-04-16'),(842,61,6,48,2,'Generic Wooden Pants',192.00,0.00,2.000,0,'2019-04-04'),(843,31,5,43,4,'Intelligent Wooden Towels',401.00,0.00,7.000,0,'2019-04-21'),(844,33,8,43,1,'Refined Steel Salad',332.00,0.00,1.000,0,'2019-04-23'),(845,16,1,46,3,'Licensed Concrete Car',556.00,0.00,4.000,1,'2019-04-06'),(846,81,19,52,4,'Awesome Metal Car',237.00,0.00,9.000,1,'2019-03-08'),(847,1,8,46,3,'Awesome Wooden Chips',557.00,0.00,5.000,0,'2019-01-29'),(848,22,4,44,3,'Small Cotton Bike',646.00,0.00,9.000,1,'2019-03-07'),(849,63,18,46,1,'Generic Soft Chips',447.00,0.00,8.000,0,'2019-02-07'),(850,80,10,44,2,'Intelligent Plastic Chips',100.00,0.00,4.000,0,'2019-04-16'),(851,63,1,46,4,'Handmade Concrete Computer',692.00,0.00,3.000,1,'2019-02-09'),(852,89,4,47,1,'Fantastic Soft Chips',20.00,0.00,1.000,0,'2019-02-21'),(853,54,7,48,2,'Intelligent Cotton Hat',166.00,0.00,4.000,0,'2019-03-03'),(854,52,18,44,2,'Handcrafted Fresh Fish',223.00,0.00,7.000,1,'2019-02-14'),(855,59,7,44,3,'Intelligent Wooden Fish',730.00,0.00,5.000,0,'2019-04-07'),(856,20,7,43,4,'Ergonomic Fresh Bike',70.00,0.00,8.000,0,'2019-01-26'),(857,85,17,51,3,'Handmade Cotton Salad',492.00,0.00,5.000,0,'2019-03-18'),(858,84,14,52,2,'Handcrafted Cotton Table',972.00,0.00,6.000,0,'2019-02-28'),(859,86,10,52,1,'Intelligent Cotton Shirt',235.00,0.00,9.000,0,'2019-03-18'),(860,8,12,49,4,'Incredible Rubber Chicken',575.00,0.00,4.000,0,'2019-04-11'),(861,82,2,43,2,'Small Metal Chicken',467.00,0.00,7.000,1,'2019-03-16'),(862,21,14,48,3,'Handmade Granite Computer',941.00,0.00,7.000,1,'2019-04-19'),(863,4,4,49,3,'Tasty Rubber Sausages',215.00,0.00,3.000,1,'2019-02-28'),(864,1,4,45,3,'Unbranded Granite Chair',299.00,0.00,8.000,0,'2019-03-16'),(865,90,6,46,2,'Practical Steel Ball',282.00,0.00,3.000,0,'2019-03-20'),(866,32,14,46,1,'Handcrafted Concrete Shirt',785.00,0.00,4.000,1,'2019-04-19'),(867,9,7,43,1,'Intelligent Metal Sausages',676.00,0.00,6.000,0,'2019-03-27'),(868,16,17,51,3,'Tasty Granite Soap',851.00,0.00,6.000,0,'2019-02-28'),(869,27,19,47,3,'Handmade Plastic Towels',744.00,0.00,6.000,0,'2019-02-27'),(870,7,2,44,3,'Tasty Plastic Towels',201.00,0.00,4.000,0,'2019-02-15'),(871,31,11,45,3,'Generic Frozen Pants',64.00,0.00,2.000,0,'2019-03-06'),(872,94,19,43,3,'Practical Cotton Computer',232.00,0.00,1.000,0,'2019-03-17'),(873,4,13,49,3,'Rustic Granite Mouse',136.00,0.00,2.000,0,'2019-04-03'),(874,93,19,43,2,'Refined Rubber Towels',521.00,0.00,6.000,0,'2019-03-13'),(875,92,5,51,1,'Generic Soft Pants',103.00,0.00,3.000,1,'2019-02-28'),(876,11,6,45,2,'Ergonomic Rubber Keyboard',82.00,0.00,4.000,1,'2019-02-20'),(877,57,3,45,2,'Intelligent Frozen Shirt',180.00,0.00,6.000,1,'2019-03-10'),(878,91,14,48,2,'Generic Soft Cheese',324.00,0.00,8.000,0,'2019-04-11'),(879,6,10,43,3,'Refined Rubber Chair',970.00,0.00,2.000,1,'2019-02-22'),(880,18,12,47,1,'Handcrafted Steel Table',906.00,0.00,2.000,1,'2019-04-13'),(881,6,6,45,1,'Awesome Soft Ball',270.00,0.00,8.000,1,'2019-02-20'),(882,85,16,52,4,'Generic Steel Shirt',136.00,0.00,4.000,0,'2019-04-21'),(883,84,18,49,2,'Ergonomic Cotton Shoes',885.00,0.00,7.000,0,'2019-03-25'),(884,94,1,46,2,'Awesome Rubber Ball',574.00,0.00,2.000,0,'2019-04-12'),(885,15,13,44,4,'Awesome Soft Bike',976.00,0.00,2.000,1,'2019-02-24'),(886,22,19,46,3,'Gorgeous Plastic Shoes',406.00,0.00,8.000,1,'2019-04-11'),(887,14,11,44,2,'Generic Steel Pants',965.00,0.00,3.000,1,'2019-02-19'),(888,93,12,52,3,'Sleek Fresh Computer',244.00,0.00,8.000,0,'2019-02-14'),(889,85,2,43,3,'Rustic Rubber Shoes',972.00,0.00,6.000,0,'2019-02-05'),(890,29,12,44,4,'Gorgeous Granite Shirt',137.00,0.00,2.000,1,'2019-04-11'),(891,52,4,51,2,'Handmade Plastic Hat',560.00,0.00,6.000,1,'2019-02-06'),(892,10,13,45,1,'Awesome Rubber Shoes',375.00,0.00,7.000,1,'2019-03-17'),(893,23,16,48,3,'Intelligent Granite Salad',335.00,0.00,9.000,0,'2019-03-14'),(894,56,12,47,2,'Ergonomic Soft Cheese',550.00,0.00,6.000,1,'2019-02-22'),(895,95,5,46,2,'Practical Granite Shirt',593.00,0.00,6.000,1,'2019-03-18'),(896,10,14,51,2,'Rustic Granite Computer',49.00,0.00,1.000,0,'2019-02-11'),(897,59,3,46,2,'Practical Granite Gloves',904.00,0.00,4.000,1,'2019-02-23'),(898,24,3,52,3,'Intelligent Soft Pizza',752.00,0.00,2.000,1,'2019-04-08'),(899,3,18,47,2,'Generic Granite Car',941.00,0.00,8.000,0,'2019-01-30'),(900,63,16,52,2,'Rustic Metal Chair',991.00,0.00,5.000,1,'2019-02-07'),(901,11,10,43,4,'Handcrafted Plastic Ball',803.00,0.00,1.000,0,'2019-03-30'),(902,90,13,49,1,'Tasty Metal Gloves',785.00,0.00,2.000,1,'2019-03-20'),(903,1,12,44,3,'Small Frozen Chair',246.00,0.00,8.000,0,'2019-02-16'),(904,26,12,51,4,'Ergonomic Frozen Tuna',237.00,0.00,4.000,0,'2019-02-13'),(905,61,10,45,3,'Incredible Granite Mouse',80.00,0.00,3.000,0,'2019-03-30'),(906,61,6,45,2,'Practical Concrete Table',993.00,0.00,5.000,1,'2019-02-16'),(907,94,4,47,1,'Practical Granite Keyboard',839.00,0.00,3.000,0,'2019-04-15'),(908,1,14,44,4,'Intelligent Soft Bike',639.00,0.00,1.000,1,'2019-03-03'),(909,51,4,48,2,'Handcrafted Metal Chair',478.00,0.00,9.000,0,'2019-01-28'),(910,14,4,51,3,'Sleek Granite Chair',923.00,0.00,7.000,0,'2019-03-30'),(911,28,18,46,3,'Tasty Soft Shirt',564.00,0.00,6.000,1,'2019-04-04'),(912,49,10,46,1,'Handmade Soft Chicken',813.00,0.00,4.000,1,'2019-02-04'),(913,3,4,46,3,'Licensed Metal Gloves',358.00,0.00,1.000,0,'2019-03-04'),(914,12,11,46,2,'Unbranded Cotton Gloves',284.00,0.00,2.000,0,'2019-04-07'),(915,53,3,45,3,'Handcrafted Fresh Fish',303.00,0.00,3.000,0,'2019-02-07'),(916,22,17,51,1,'Fantastic Concrete Cheese',34.00,0.00,4.000,1,'2019-03-14'),(917,59,13,47,2,'Generic Rubber Car',220.00,0.00,3.000,1,'2019-02-15'),(918,59,2,49,2,'Sleek Frozen Bacon',205.00,0.00,7.000,0,'2019-02-12'),(919,60,9,44,1,'Handmade Granite Pizza',165.00,0.00,1.000,1,'2019-03-03'),(920,23,2,44,3,'Gorgeous Frozen Bike',856.00,0.00,9.000,1,'2019-03-28'),(921,15,11,44,3,'Tasty Fresh Car',923.00,0.00,2.000,1,'2019-02-17'),(922,30,15,48,2,'Intelligent Wooden Sausages',754.00,0.00,3.000,1,'2019-02-10'),(923,9,1,43,3,'Ergonomic Frozen Soap',38.00,0.00,9.000,1,'2019-04-21'),(924,11,1,52,1,'Generic Steel Car',809.00,0.00,5.000,1,'2019-02-04'),(925,16,14,45,2,'Handcrafted Steel Chicken',5.00,0.00,7.000,0,'2019-03-30'),(926,88,17,45,3,'Incredible Plastic Table',681.00,0.00,5.000,0,'2019-03-11'),(927,12,1,48,2,'Practical Metal Computer',442.00,0.00,1.000,0,'2019-02-10'),(928,8,19,43,1,'Awesome Frozen Car',639.00,0.00,8.000,1,'2019-01-31'),(929,90,16,44,4,'Incredible Plastic Hat',157.00,0.00,6.000,0,'2019-03-06'),(930,12,18,51,3,'Fantastic Frozen Soap',10.00,0.00,5.000,1,'2019-01-31'),(931,19,3,44,1,'Small Soft Pizza',18.00,0.00,2.000,0,'2019-02-11'),(932,27,3,51,4,'Handcrafted Frozen Shirt',147.00,0.00,6.000,0,'2019-03-22'),(933,93,14,46,4,'Refined Frozen Pants',363.00,0.00,8.000,1,'2019-02-09'),(934,24,14,43,2,'Sleek Wooden Computer',868.00,0.00,8.000,0,'2019-02-15'),(935,25,6,46,1,'Small Metal Bacon',62.00,0.00,5.000,1,'2019-03-20'),(936,60,19,51,3,'Licensed Soft Car',33.00,0.00,6.000,1,'2019-03-21'),(937,24,19,49,4,'Unbranded Granite Fish',549.00,0.00,9.000,0,'2019-03-12'),(938,25,14,51,4,'Sleek Wooden Gloves',994.00,0.00,9.000,0,'2019-02-16'),(939,54,17,49,2,'Fantastic Cotton Gloves',870.00,0.00,8.000,0,'2019-04-01'),(940,80,9,43,1,'Rustic Metal Bacon',390.00,0.00,7.000,1,'2019-02-19'),(941,88,19,52,3,'Awesome Fresh Hat',949.00,0.00,9.000,0,'2019-03-06'),(942,87,14,52,4,'Intelligent Frozen Chair',631.00,0.00,8.000,1,'2019-03-18'),(943,25,16,45,2,'Tasty Rubber Soap',186.00,0.00,9.000,0,'2019-03-26'),(944,17,5,43,3,'Tasty Cotton Bike',245.00,0.00,4.000,0,'2019-02-18'),(945,87,17,52,1,'Incredible Frozen Towels',897.00,0.00,2.000,1,'2019-03-17'),(946,60,5,43,1,'Practical Fresh Keyboard',277.00,0.00,2.000,1,'2019-04-08'),(947,7,9,44,4,'Small Steel Chair',883.00,0.00,5.000,1,'2019-04-11'),(948,62,6,44,2,'Rustic Frozen Pizza',524.00,0.00,9.000,1,'2019-04-23'),(949,8,9,47,3,'Generic Fresh Chicken',210.00,0.00,5.000,1,'2019-01-31'),(950,64,15,49,2,'Awesome Granite Hat',143.00,0.00,2.000,0,'2019-02-12'),(951,53,19,52,1,'Practical Cotton Car',131.00,0.00,9.000,1,'2019-04-10'),(952,17,5,49,3,'Licensed Concrete Table',972.00,0.00,4.000,1,'2019-03-05'),(953,56,18,47,2,'Small Metal Chicken',44.00,0.00,4.000,0,'2019-04-22'),(954,86,3,47,2,'Generic Metal Bacon',987.00,0.00,5.000,1,'2019-03-01'),(955,3,15,46,3,'Refined Soft Gloves',754.00,0.00,3.000,0,'2019-03-02'),(956,15,9,47,3,'Fantastic Steel Gloves',349.00,0.00,7.000,0,'2019-04-13'),(957,2,4,45,2,'Sleek Granite Shoes',35.00,0.00,8.000,1,'2019-03-15'),(958,33,12,49,3,'Handcrafted Metal Table',491.00,0.00,6.000,0,'2019-04-13'),(959,21,10,49,4,'Refined Fresh Pizza',670.00,0.00,6.000,0,'2019-04-08'),(960,63,9,46,1,'Unbranded Plastic Ball',393.00,0.00,5.000,1,'2019-02-24'),(961,31,13,51,1,'Ergonomic Wooden Shoes',389.00,0.00,6.000,1,'2019-02-25'),(962,33,8,52,3,'Refined Steel Table',249.00,0.00,8.000,0,'2019-03-19'),(963,9,10,44,3,'Small Wooden Salad',768.00,0.00,8.000,1,'2019-03-08'),(964,8,1,44,4,'Ergonomic Soft Bike',894.00,0.00,4.000,0,'2019-01-30'),(965,57,8,52,3,'Intelligent Rubber Hat',185.00,0.00,6.000,0,'2019-03-08'),(966,85,10,49,2,'Gorgeous Plastic Bike',896.00,0.00,2.000,0,'2019-03-28'),(967,93,12,43,3,'Licensed Cotton Keyboard',616.00,0.00,8.000,0,'2019-01-26'),(968,24,9,48,2,'Incredible Soft Ball',929.00,0.00,8.000,1,'2019-03-16'),(969,31,8,51,3,'Awesome Cotton Salad',889.00,0.00,9.000,1,'2019-04-23'),(970,5,6,46,3,'Generic Soft Bacon',700.00,0.00,7.000,1,'2019-04-06'),(971,12,13,49,3,'Refined Frozen Tuna',949.00,0.00,6.000,1,'2019-03-23'),(972,51,7,51,2,'Incredible Rubber Pizza',215.00,0.00,1.000,0,'2019-01-27'),(973,6,8,47,1,'Small Soft Gloves',716.00,0.00,6.000,1,'2019-01-23'),(974,63,8,43,3,'Ergonomic Soft Shoes',143.00,0.00,2.000,1,'2019-04-13'),(975,8,13,46,3,'Ergonomic Cotton Soap',435.00,0.00,1.000,1,'2019-02-23'),(976,23,8,49,2,'Handmade Cotton Cheese',250.00,0.00,9.000,1,'2019-02-13'),(977,58,1,44,4,'Handmade Soft Table',42.00,0.00,3.000,0,'2019-04-16'),(978,65,14,52,2,'Practical Metal Towels',486.00,0.00,9.000,0,'2019-02-13'),(979,30,8,43,3,'Handmade Granite Fish',324.00,0.00,2.000,0,'2019-03-19'),(980,62,7,52,2,'Practical Plastic Tuna',951.00,0.00,2.000,1,'2019-04-13'),(981,5,12,45,2,'Rustic Soft Sausages',248.00,0.00,1.000,0,'2019-03-07'),(982,84,15,46,4,'Small Frozen Salad',403.00,0.00,1.000,0,'2019-04-20'),(983,95,2,45,3,'Licensed Soft Towels',446.00,0.00,7.000,0,'2019-03-13'),(984,84,11,51,2,'Gorgeous Cotton Car',977.00,0.00,3.000,0,'2019-03-09'),(985,83,4,47,1,'Unbranded Rubber Pizza',915.00,0.00,5.000,0,'2019-02-11'),(986,54,10,44,1,'Refined Concrete Car',684.00,0.00,6.000,0,'2019-03-27'),(987,5,4,43,2,'Tasty Steel Pizza',803.00,0.00,7.000,1,'2019-02-10'),(988,7,5,44,4,'Awesome Concrete Soap',172.00,0.00,5.000,0,'2019-03-31'),(989,1,15,51,3,'Generic Cotton Chair',158.00,0.00,2.000,0,'2019-04-01'),(990,54,3,48,3,'Handmade Fresh Keyboard',27.00,0.00,6.000,1,'2019-02-15'),(991,87,18,52,2,'Rustic Granite Hat',137.00,0.00,8.000,1,'2019-02-25'),(992,25,13,49,2,'Fantastic Granite Computer',212.00,0.00,8.000,1,'2019-01-24'),(993,9,8,45,3,'Fantastic Granite Ball',758.00,0.00,5.000,1,'2019-04-18'),(994,25,8,45,2,'Handcrafted Granite Soap',407.00,0.00,5.000,0,'2019-02-27'),(995,11,7,44,3,'Practical Granite Chair',367.00,0.00,6.000,0,'2019-04-06'),(996,29,11,48,2,'Generic Frozen Keyboard',772.00,0.00,4.000,0,'2019-03-15'),(997,8,12,52,2,'Unbranded Metal Mouse',357.00,0.00,6.000,0,'2019-03-20'),(998,55,7,47,3,'Intelligent Frozen Cheese',368.00,0.00,2.000,1,'2019-01-31'),(999,21,14,45,3,'Gorgeous Plastic Keyboard',46.00,0.00,8.000,1,'2019-02-07'),(1000,30,15,49,1,'Generic Metal Computer',616.00,0.00,5.000,1,'2019-02-20'),(1001,55,6,46,3,'Unbranded Wooden Table',223.00,0.00,9.000,0,'2019-04-13'),(1002,62,14,44,4,'Practical Rubber Sausages',831.00,0.00,7.000,0,'2019-01-28'),(1003,11,10,44,2,'Handcrafted Concrete Table',744.00,0.00,7.000,1,'2019-03-10'),(1004,51,10,52,3,'Fantastic Cotton Salad',407.00,0.00,7.000,1,'2019-04-06'),(1005,58,17,52,3,'Ergonomic Rubber Fish',136.00,0.00,7.000,0,'2019-04-18'),(1006,15,5,46,3,'Unbranded Metal Pants',854.00,0.00,7.000,0,'2019-03-04'),(1007,14,17,47,2,'Licensed Granite Keyboard',973.00,0.00,8.000,1,'2019-01-28'),(1008,1,10,49,4,'Unbranded Plastic Cheese',147.00,0.00,2.000,0,'2019-03-10'),(1009,86,3,45,3,'Handmade Granite Pants',305.00,0.00,2.000,0,'2019-01-31'),(1010,30,3,43,3,'Gorgeous Granite Towels',113.00,0.00,4.000,0,'2019-03-31'),(1011,63,15,47,2,'Incredible Cotton Cheese',478.00,0.00,3.000,0,'2019-03-24'),(1012,55,10,52,4,'Generic Soft Computer',831.00,0.00,9.000,1,'2019-01-30'),(1013,81,3,51,1,'Fantastic Cotton Cheese',960.00,0.00,8.000,1,'2019-02-24'),(1014,3,2,52,3,'Small Rubber Soap',866.00,0.00,8.000,1,'2019-03-17'),(1015,23,19,48,3,'Handcrafted Soft Ball',766.00,0.00,1.000,0,'2019-04-10'),(1016,29,13,44,3,'Ergonomic Concrete Chicken',866.00,0.00,1.000,1,'2019-02-19'),(1017,62,3,44,1,'Tasty Fresh Keyboard',29.00,0.00,1.000,1,'2019-03-16'),(1018,5,3,44,3,'Handcrafted Soft Gloves',732.00,0.00,3.000,0,'2019-03-26'),(1019,23,7,48,4,'Fantastic Steel Soap',929.00,0.00,2.000,0,'2019-03-24'),(1020,95,1,51,2,'Small Frozen Chicken',32.00,0.00,5.000,0,'2019-03-08'),(1021,33,2,48,4,'Small Steel Soap',908.00,0.00,9.000,1,'2019-04-10'),(1022,21,9,46,2,'Sleek Steel Mouse',804.00,0.00,5.000,1,'2019-03-07'),(1023,25,5,44,2,'Fantastic Frozen Pants',876.00,0.00,8.000,1,'2019-02-03'),(1024,13,2,43,3,'Rustic Cotton Shirt',666.00,0.00,5.000,1,'2019-03-09'),(1025,65,14,43,2,'Gorgeous Wooden Cheese',629.00,0.00,5.000,1,'2019-04-23'),(1026,84,10,45,1,'Tasty Granite Towels',681.00,0.00,1.000,1,'2019-04-16'),(1027,89,15,47,2,'Licensed Wooden Bacon',648.00,0.00,8.000,1,'2019-02-11'),(1028,29,8,44,3,'Generic Soft Car',788.00,0.00,6.000,1,'2019-02-05'),(1029,92,18,44,1,'Sleek Cotton Towels',564.00,0.00,6.000,1,'2019-02-11'),(1030,1,12,49,2,'Incredible Frozen Pizza',964.00,0.00,8.000,0,'2019-04-06'),(1031,34,19,45,2,'Unbranded Wooden Chips',176.00,0.00,1.000,1,'2019-02-07'),(1032,34,15,44,2,'Handcrafted Wooden Bacon',326.00,0.00,5.000,0,'2019-02-27'),(1033,22,2,52,2,'Rustic Plastic Car',655.00,0.00,9.000,0,'2019-04-19'),(1034,55,8,49,2,'Incredible Rubber Pants',765.00,0.00,7.000,1,'2019-03-07'),(1035,62,5,45,1,'Handmade Concrete Chips',9.00,0.00,3.000,0,'2019-02-07'),(1036,3,4,49,1,'Gorgeous Frozen Pizza',476.00,0.00,9.000,0,'2019-04-06'),(1037,30,19,52,3,'Fantastic Concrete Chair',535.00,0.00,7.000,1,'2019-03-05'),(1038,52,12,47,2,'Rustic Frozen Chicken',289.00,0.00,2.000,0,'2019-03-21'),(1039,57,9,48,3,'Practical Cotton Shirt',555.00,0.00,6.000,1,'2019-03-07'),(1040,54,8,46,1,'Practical Soft Sausages',679.00,0.00,8.000,0,'2019-03-29'),(1041,7,16,52,1,'Rustic Fresh Mouse',730.00,0.00,2.000,0,'2019-03-16'),(1042,32,12,43,2,'Incredible Frozen Mouse',113.00,0.00,1.000,1,'2019-04-13'),(1043,24,8,44,2,'Awesome Granite Sausages',689.00,0.00,2.000,0,'2019-04-06'),(1044,56,17,49,3,'Incredible Plastic Car',716.00,0.00,2.000,0,'2019-02-19'),(1045,59,12,43,4,'Sleek Rubber Mouse',3.00,0.00,3.000,1,'2019-04-12'),(1046,90,9,43,1,'Incredible Rubber Keyboard',961.00,0.00,7.000,1,'2019-02-26'),(1047,10,10,51,3,'Unbranded Plastic Computer',685.00,0.00,6.000,1,'2019-02-26'),(1048,19,5,46,2,'Practical Fresh Pants',97.00,0.00,9.000,0,'2019-02-13'),(1049,33,13,43,2,'Unbranded Frozen Keyboard',587.00,0.00,6.000,1,'2019-02-14'),(1050,83,11,43,3,'Gorgeous Plastic Pizza',744.00,0.00,2.000,1,'2019-01-27'),(1051,21,1,48,3,'Intelligent Metal Towels',264.00,0.00,8.000,1,'2019-04-10'),(1052,30,6,47,3,'Intelligent Granite Shoes',353.00,0.00,5.000,1,'2019-03-31'),(1053,57,9,51,3,'Licensed Plastic Shirt',341.00,0.00,6.000,1,'2019-03-21'),(1054,49,18,49,2,'Practical Concrete Chips',210.00,0.00,1.000,1,'2019-01-29'),(1055,10,1,48,2,'Intelligent Metal Car',50.00,0.00,4.000,1,'2019-03-20'),(1056,6,10,44,4,'Tasty Granite Pizza',825.00,0.00,6.000,0,'2019-03-25'),(1057,29,4,47,2,'Awesome Plastic Tuna',914.00,0.00,7.000,0,'2019-02-09'),(1058,88,19,43,3,'Fantastic Fresh Tuna',117.00,0.00,7.000,1,'2019-03-23'),(1059,92,7,46,4,'Intelligent Concrete Chicken',399.00,0.00,4.000,1,'2019-02-01'),(1060,11,13,46,1,'Licensed Concrete Table',233.00,0.00,2.000,1,'2019-01-28'),(1061,80,7,46,3,'Small Metal Chips',506.00,0.00,7.000,1,'2019-01-31'),(1062,32,17,51,3,'Unbranded Concrete Car',158.00,0.00,6.000,1,'2019-04-10'),(1063,62,19,46,3,'Refined Wooden Tuna',959.00,0.00,5.000,0,'2019-01-27'),(1064,6,11,47,4,'Sleek Steel Pizza',11.00,0.00,2.000,1,'2019-04-17'),(1065,60,4,45,3,'Intelligent Fresh Keyboard',893.00,0.00,1.000,0,'2019-01-30'),(1066,12,13,46,4,'Ergonomic Soft Sausages',725.00,0.00,1.000,0,'2019-04-18'),(1067,32,15,47,1,'Small Fresh Fish',41.00,0.00,5.000,1,'2019-04-18'),(1068,4,4,46,2,'Sleek Steel Fish',235.00,0.00,7.000,1,'2019-01-31'),(1069,3,19,44,2,'Rustic Metal Towels',257.00,0.00,6.000,0,'2019-03-20'),(1070,60,7,44,2,'Small Soft Chair',994.00,0.00,3.000,1,'2019-04-23'),(1071,55,15,52,1,'Ergonomic Wooden Sausages',18.00,0.00,8.000,1,'2019-03-06'),(1072,16,18,45,2,'Ergonomic Metal Shirt',163.00,0.00,2.000,0,'2019-02-23'),(1073,84,8,44,3,'Practical Plastic Mouse',592.00,0.00,4.000,0,'2019-03-10'),(1074,86,2,47,4,'Generic Steel Mouse',5.00,0.00,2.000,1,'2019-04-08'),(1075,54,3,49,1,'Generic Rubber Table',73.00,0.00,2.000,1,'2019-03-02'),(1076,29,17,45,3,'Intelligent Rubber Hat',151.00,0.00,8.000,1,'2019-02-06'),(1077,17,5,45,2,'Sleek Granite Mouse',90.00,0.00,1.000,1,'2019-01-30'),(1078,10,18,46,4,'Incredible Steel Chair',741.00,0.00,8.000,0,'2019-02-24'),(1079,80,4,48,4,'Small Wooden Towels',381.00,0.00,3.000,1,'2019-03-24'),(1080,12,16,43,2,'Unbranded Plastic Car',134.00,0.00,1.000,1,'2019-02-10'),(1081,26,5,45,2,'Tasty Wooden Cheese',912.00,0.00,9.000,1,'2019-04-14'),(1082,34,1,43,3,'Generic Soft Shirt',378.00,0.00,1.000,0,'2019-02-02'),(1083,27,12,43,1,'Handmade Wooden Shirt',803.00,0.00,6.000,0,'2019-03-02'),(1084,14,10,47,2,'Licensed Plastic Towels',316.00,0.00,6.000,1,'2019-01-24'),(1085,56,4,49,3,'Generic Wooden Towels',682.00,0.00,9.000,1,'2019-03-30'),(1086,86,7,52,1,'Fantastic Frozen Hat',478.00,0.00,9.000,0,'2019-02-17'),(1087,7,6,43,4,'Gorgeous Plastic Computer',598.00,0.00,9.000,0,'2019-02-28'),(1088,3,6,49,3,'Rustic Fresh Cheese',167.00,0.00,6.000,0,'2019-02-10'),(1089,64,6,45,1,'Tasty Cotton Computer',43.00,0.00,7.000,0,'2019-01-30'),(1090,60,15,52,4,'Sleek Wooden Chicken',106.00,0.00,3.000,1,'2019-02-02'),(1091,21,4,44,1,'Sleek Granite Towels',831.00,0.00,1.000,0,'2019-04-12'),(1092,8,17,51,3,'Handcrafted Cotton Tuna',482.00,0.00,3.000,1,'2019-03-16'),(1093,26,15,44,4,'Licensed Cotton Chicken',171.00,0.00,5.000,1,'2019-02-13'),(1094,51,17,51,4,'Awesome Metal Bacon',96.00,0.00,2.000,1,'2019-02-24'),(1095,55,3,47,4,'Licensed Fresh Cheese',972.00,0.00,7.000,1,'2019-03-31'),(1096,1,1,43,3,'Unbranded Frozen Chair',64.00,0.00,1.000,0,'2019-02-06'),(1097,58,11,47,2,'Unbranded Plastic Hat',752.00,0.00,4.000,1,'2019-03-02'),(1098,1,7,52,2,'Sleek Plastic Gloves',317.00,0.00,7.000,0,'2019-04-01'),(1099,29,19,48,3,'Unbranded Fresh Ball',568.00,0.00,9.000,0,'2019-03-05'),(1100,23,5,44,2,'Licensed Frozen Chair',434.00,0.00,8.000,0,'2019-02-06'),(1101,53,8,47,2,'Awesome Steel Table',589.00,0.00,7.000,1,'2019-04-03'),(1102,27,19,49,4,'Sleek Plastic Table',47.00,0.00,5.000,1,'2019-03-20'),(1103,34,18,47,4,'Ergonomic Soft Cheese',205.00,0.00,7.000,1,'2019-02-21'),(1104,2,6,47,3,'Unbranded Steel Sausages',163.00,0.00,9.000,1,'2019-02-17'),(1105,9,15,48,3,'Generic Fresh Car',222.00,0.00,2.000,1,'2019-03-04'),(1106,5,7,48,3,'Rustic Concrete Soap',998.00,0.00,8.000,1,'2019-02-07'),(1107,28,5,45,2,'Generic Rubber Ball',56.00,0.00,6.000,0,'2019-01-30'),(1108,21,6,45,3,'Incredible Rubber Gloves',948.00,0.00,7.000,0,'2019-04-12'),(1109,53,7,48,3,'Handcrafted Metal Salad',121.00,0.00,2.000,0,'2019-04-11'),(1110,2,12,46,2,'Ergonomic Metal Chips',128.00,0.00,9.000,1,'2019-02-24'),(1111,23,17,44,3,'Fantastic Soft Pizza',589.00,0.00,3.000,0,'2019-04-14'),(1112,15,6,52,2,'Practical Plastic Hat',613.00,0.00,6.000,0,'2019-04-03'),(1113,55,9,43,1,'Practical Concrete Cheese',821.00,0.00,1.000,1,'2019-03-02'),(1114,29,10,51,3,'Awesome Metal Table',135.00,0.00,8.000,0,'2019-01-26'),(1115,32,7,52,1,'Generic Fresh Towels',885.00,0.00,8.000,1,'2019-01-24'),(1116,13,10,48,3,'Handcrafted Rubber Chicken',17.00,0.00,5.000,1,'2019-04-04'),(1117,89,19,48,1,'Gorgeous Frozen Bike',935.00,0.00,6.000,1,'2019-02-04'),(1118,87,6,45,2,'Fantastic Frozen Shoes',739.00,0.00,1.000,0,'2019-02-14'),(1119,1,4,48,3,'Small Concrete Towels',461.00,0.00,7.000,1,'2019-03-06'),(1120,1,18,52,1,'Small Fresh Chicken',973.00,0.00,2.000,1,'2019-03-18'),(1121,11,12,44,2,'Unbranded Metal Keyboard',407.00,0.00,4.000,1,'2019-02-04'),(1122,53,5,51,4,'Sleek Rubber Bacon',570.00,0.00,5.000,0,'2019-02-04'),(1123,14,13,52,4,'Handmade Steel Keyboard',238.00,0.00,5.000,0,'2019-03-07'),(1124,83,10,48,4,'Gorgeous Soft Keyboard',927.00,0.00,2.000,0,'2019-04-03'),(1125,65,11,45,2,'Ergonomic Metal Bike',484.00,0.00,8.000,1,'2019-03-21'),(1126,29,9,48,1,'Sleek Concrete Tuna',676.00,0.00,8.000,0,'2019-01-31'),(1127,11,6,51,2,'Intelligent Fresh Towels',213.00,0.00,4.000,0,'2019-02-02'),(1128,82,10,45,1,'Licensed Steel Fish',597.00,0.00,4.000,0,'2019-04-22'),(1129,15,1,48,2,'Practical Plastic Chair',268.00,0.00,7.000,1,'2019-03-15'),(1130,55,2,49,3,'Awesome Steel Bike',367.00,0.00,8.000,1,'2019-03-04'),(1131,19,14,44,1,'Practical Plastic Towels',254.00,0.00,3.000,1,'2019-01-28'),(1132,26,15,45,3,'Handmade Frozen Fish',68.00,0.00,4.000,1,'2019-04-09'),(1133,57,5,44,3,'Sleek Concrete Pizza',949.00,0.00,8.000,0,'2019-01-25'),(1134,3,11,47,2,'Handcrafted Metal Gloves',720.00,0.00,2.000,1,'2019-04-08'),(1135,92,9,49,3,'Unbranded Concrete Fish',298.00,0.00,7.000,0,'2019-03-30'),(1136,90,7,48,3,'Handmade Metal Table',319.00,0.00,4.000,0,'2019-02-07'),(1137,7,6,47,3,'Intelligent Metal Bike',25.00,0.00,1.000,1,'2019-03-21'),(1138,10,10,43,1,'Sleek Steel Gloves',243.00,0.00,4.000,1,'2019-04-21'),(1139,94,10,52,3,'Small Soft Towels',866.00,0.00,6.000,1,'2019-04-05'),(1140,8,7,48,1,'Incredible Metal Pizza',101.00,0.00,4.000,1,'2019-03-15'),(1141,61,18,47,3,'Handcrafted Concrete Soap',807.00,0.00,5.000,1,'2019-03-08'),(1142,85,9,47,4,'Ergonomic Rubber Salad',387.00,0.00,2.000,1,'2019-02-11'),(1143,26,4,48,4,'Handcrafted Soft Computer',382.00,0.00,8.000,1,'2019-03-10'),(1144,14,19,51,4,'Tasty Fresh Ball',370.00,0.00,4.000,0,'2019-03-23'),(1145,31,18,52,3,'Tasty Wooden Salad',478.00,0.00,3.000,0,'2019-03-27'),(1146,8,13,44,4,'Refined Rubber Bacon',994.00,0.00,3.000,0,'2019-03-19'),(1147,82,12,44,4,'Sleek Frozen Salad',562.00,0.00,1.000,0,'2019-02-04'),(1148,61,3,44,1,'Fantastic Soft Table',559.00,0.00,6.000,1,'2019-02-21'),(1149,60,1,45,1,'Fantastic Metal Bacon',117.00,0.00,1.000,0,'2019-01-28'),(1150,89,7,48,1,'Incredible Rubber Sausages',143.00,0.00,3.000,0,'2019-03-08'),(1151,51,14,47,3,'Licensed Rubber Chair',551.00,0.00,5.000,1,'2019-03-10'),(1152,50,9,49,3,'Practical Fresh Salad',213.00,0.00,9.000,0,'2019-02-20'),(1153,20,19,52,2,'Fantastic Rubber Computer',357.00,0.00,4.000,1,'2019-01-25'),(1154,23,1,43,3,'Intelligent Wooden Towels',741.00,0.00,1.000,1,'2019-03-06'),(1155,16,18,44,3,'Licensed Concrete Soap',344.00,0.00,1.000,0,'2019-04-02'),(1156,58,14,44,1,'Sleek Metal Pizza',380.00,0.00,1.000,1,'2019-04-20'),(1157,28,7,47,2,'Intelligent Plastic Bike',157.00,0.00,2.000,1,'2019-02-16'),(1158,3,6,47,2,'Practical Steel Bike',884.00,0.00,1.000,1,'2019-01-29'),(1159,59,13,51,4,'Fantastic Soft Chair',85.00,0.00,3.000,1,'2019-04-20'),(1160,59,4,52,2,'Handmade Fresh Table',772.00,0.00,7.000,0,'2019-03-04'),(1161,82,8,46,4,'Handmade Rubber Mouse',530.00,0.00,7.000,0,'2019-03-08'),(1162,1,13,46,4,'Awesome Steel Bike',229.00,0.00,8.000,1,'2019-01-29'),(1163,34,10,52,3,'Awesome Steel Chair',922.00,0.00,3.000,1,'2019-03-16'),(1164,80,5,52,2,'Handcrafted Wooden Pizza',466.00,0.00,1.000,1,'2019-03-01'),(1165,85,17,49,1,'Practical Concrete Tuna',839.00,0.00,8.000,1,'2019-02-12'),(1166,22,13,45,3,'Tasty Fresh Shoes',171.00,0.00,7.000,0,'2019-04-10'),(1167,21,14,49,3,'Sleek Frozen Chips',593.00,0.00,1.000,1,'2019-04-07'),(1168,9,13,44,1,'Sleek Metal Chips',94.00,0.00,5.000,0,'2019-04-10'),(1169,15,2,47,2,'Ergonomic Fresh Chair',677.00,0.00,5.000,0,'2019-04-13'),(1170,1,13,44,2,'Practical Metal Ball',847.00,0.00,7.000,0,'2019-01-29'),(1171,13,5,46,3,'Gorgeous Plastic Tuna',119.00,0.00,1.000,0,'2019-03-13'),(1172,4,3,46,3,'Sleek Fresh Mouse',992.00,0.00,2.000,0,'2019-02-26'),(1173,9,7,44,2,'Handcrafted Frozen Table',965.00,0.00,6.000,1,'2019-03-07'),(1174,90,15,48,2,'Sleek Fresh Salad',682.00,0.00,7.000,0,'2019-02-06'),(1175,11,9,47,3,'Gorgeous Soft Mouse',437.00,0.00,4.000,1,'2019-03-26'),(1176,81,10,44,3,'Handmade Plastic Pizza',167.00,0.00,9.000,1,'2019-02-25'),(1177,8,18,46,2,'Gorgeous Granite Cheese',649.00,0.00,4.000,0,'2019-02-07'),(1178,8,9,48,3,'Incredible Soft Ball',667.00,0.00,3.000,0,'2019-04-06'),(1179,89,8,51,3,'Gorgeous Granite Ball',585.00,0.00,9.000,0,'2019-03-19'),(1180,85,6,45,2,'Practical Granite Gloves',996.00,0.00,8.000,0,'2019-04-15'),(1181,84,10,49,4,'Refined Soft Ball',842.00,0.00,3.000,0,'2019-03-07'),(1182,90,5,49,3,'Sleek Rubber Sausages',71.00,0.00,5.000,0,'2019-03-22'),(1183,34,7,46,2,'Licensed Granite Towels',144.00,0.00,2.000,0,'2019-04-14'),(1184,49,15,51,3,'Tasty Granite Chair',502.00,0.00,4.000,0,'2019-04-05'),(1185,85,12,51,1,'Ergonomic Plastic Tuna',907.00,0.00,4.000,0,'2019-04-15'),(1186,17,15,44,3,'Handmade Steel Towels',842.00,0.00,7.000,1,'2019-04-13'),(1187,85,17,51,3,'Practical Plastic Towels',694.00,0.00,7.000,1,'2019-01-28'),(1188,31,9,44,2,'Intelligent Frozen Shirt',204.00,0.00,8.000,0,'2019-03-13'),(1189,84,6,52,3,'Sleek Wooden Keyboard',315.00,0.00,2.000,0,'2019-02-01'),(1190,16,12,46,2,'Incredible Cotton Chair',210.00,0.00,1.000,1,'2019-04-17'),(1191,18,4,51,3,'Practical Plastic Hat',4.00,0.00,4.000,1,'2019-02-20'),(1192,87,11,49,2,'Awesome Metal Hat',479.00,0.00,8.000,0,'2019-01-25'),(1193,4,3,49,3,'Fantastic Frozen Ball',80.00,0.00,2.000,1,'2019-04-20'),(1194,28,19,45,1,'Gorgeous Plastic Shoes',862.00,0.00,5.000,0,'2019-01-24'),(1195,14,18,49,3,'Rustic Wooden Chair',716.00,0.00,1.000,1,'2019-02-02'),(1196,92,9,49,3,'Licensed Wooden Car',960.00,0.00,1.000,1,'2019-04-04'),(1197,64,10,52,1,'Gorgeous Steel Pizza',760.00,0.00,8.000,1,'2019-04-05'),(1198,3,2,48,2,'Refined Steel Shoes',328.00,0.00,8.000,0,'2019-02-10'),(1199,55,7,52,1,'Awesome Soft Gloves',837.00,0.00,6.000,0,'2019-04-12'),(1200,18,19,45,3,'Intelligent Rubber Hat',703.00,0.00,9.000,0,'2019-02-28'),(1201,18,14,46,2,'Generic Rubber Keyboard',863.00,0.00,4.000,1,'2019-02-20'),(1202,61,4,47,3,'Tasty Metal Cheese',992.00,0.00,9.000,1,'2019-03-23'),(1203,33,10,52,3,'Handcrafted Concrete Pants',147.00,0.00,6.000,1,'2019-03-05'),(1204,33,16,45,2,'Awesome Wooden Bacon',858.00,0.00,5.000,0,'2019-04-02'),(1205,29,10,43,3,'Rustic Steel Cheese',248.00,0.00,7.000,1,'2019-01-28'),(1206,54,6,49,2,'Licensed Rubber Shoes',203.00,0.00,1.000,1,'2019-04-12'),(1207,12,8,45,2,'Practical Rubber Keyboard',316.00,0.00,6.000,1,'2019-03-02'),(1208,83,5,43,3,'Ergonomic Frozen Bacon',188.00,0.00,9.000,0,'2019-02-28'),(1209,90,8,43,2,'Awesome Frozen Shirt',315.00,0.00,7.000,0,'2019-04-03'),(1210,89,12,43,2,'Sleek Metal Tuna',959.00,0.00,9.000,1,'2019-04-04'),(1211,31,12,43,3,'Sleek Plastic Hat',125.00,0.00,8.000,0,'2019-03-10'),(1212,23,2,52,4,'Generic Granite Ball',788.00,0.00,4.000,1,'2019-04-18'),(1213,86,13,52,1,'Gorgeous Steel Chicken',704.00,0.00,3.000,0,'2019-03-26'),(1214,2,3,49,3,'Intelligent Plastic Shoes',858.00,0.00,8.000,1,'2019-03-10'),(1215,17,3,52,2,'Gorgeous Steel Bike',190.00,0.00,7.000,1,'2019-02-04'),(1216,1,18,48,2,'Unbranded Cotton Shirt',236.00,0.00,8.000,1,'2019-04-12'),(1217,61,15,46,2,'Practical Fresh Bacon',95.00,0.00,4.000,0,'2019-02-17'),(1218,57,1,51,2,'Generic Soft Chicken',879.00,0.00,1.000,1,'2019-04-10'),(1219,1,5,47,4,'Gorgeous Granite Tuna',843.00,0.00,3.000,1,'2019-03-21'),(1220,95,1,52,3,'Sleek Cotton Keyboard',44.00,0.00,9.000,0,'2019-02-20'),(1221,95,10,49,4,'Sleek Frozen Shirt',341.00,0.00,6.000,0,'2019-04-13'),(1222,53,1,51,4,'Handmade Plastic Fish',876.00,0.00,5.000,1,'2019-03-22'),(1223,9,8,49,3,'Unbranded Soft Salad',561.00,0.00,8.000,1,'2019-03-25'),(1224,12,5,47,2,'Small Frozen Pants',12.00,0.00,8.000,1,'2019-03-13'),(1225,86,9,46,2,'Incredible Metal Computer',244.00,0.00,1.000,1,'2019-03-30'),(1226,26,5,51,4,'Handcrafted Wooden Chair',897.00,0.00,9.000,1,'2019-02-16'),(1227,10,19,49,4,'Refined Fresh Salad',825.00,0.00,6.000,1,'2019-02-16'),(1228,32,15,47,3,'Gorgeous Steel Tuna',560.00,0.00,9.000,1,'2019-02-02'),(1229,32,8,48,2,'Tasty Wooden Hat',311.00,0.00,6.000,1,'2019-04-11'),(1230,91,6,48,2,'Practical Soft Chair',209.00,0.00,7.000,1,'2019-04-21'),(1231,27,13,52,2,'Tasty Rubber Pants',103.00,0.00,4.000,1,'2019-04-16'),(1232,1,15,47,3,'Sleek Concrete Pizza',998.00,0.00,9.000,0,'2019-04-17'),(1233,49,12,44,2,'Refined Frozen Chicken',939.00,0.00,2.000,1,'2019-02-19'),(1234,11,8,52,2,'Tasty Fresh Bike',846.00,0.00,7.000,1,'2019-02-20'),(1235,9,19,47,3,'Ergonomic Fresh Pants',176.00,0.00,1.000,1,'2019-03-03'),(1236,13,6,51,1,'Generic Cotton Cheese',846.00,0.00,1.000,0,'2019-02-06'),(1237,54,2,52,2,'Handcrafted Concrete Bacon',734.00,0.00,3.000,1,'2019-04-05'),(1238,14,14,46,3,'Unbranded Rubber Salad',691.00,0.00,8.000,1,'2019-04-07'),(1239,83,1,51,2,'Handmade Fresh Car',902.00,0.00,2.000,0,'2019-03-26'),(1240,25,13,48,2,'Unbranded Steel Pants',807.00,0.00,6.000,0,'2019-03-02'),(1241,12,13,44,3,'Fantastic Plastic Mouse',986.00,0.00,1.000,0,'2019-04-15'),(1242,59,1,45,4,'Fantastic Cotton Table',347.00,0.00,1.000,1,'2019-03-15'),(1243,31,8,47,2,'Licensed Cotton Bacon',519.00,0.00,2.000,1,'2019-02-24'),(1244,10,13,45,4,'Fantastic Cotton Computer',971.00,0.00,5.000,1,'2019-02-24'),(1245,90,4,49,4,'Small Granite Shoes',688.00,0.00,3.000,1,'2019-04-05'),(1246,25,10,46,3,'Refined Wooden Bike',424.00,0.00,1.000,1,'2019-04-09'),(1247,24,8,49,3,'Generic Cotton Tuna',867.00,0.00,2.000,1,'2019-04-14'),(1248,50,1,51,2,'Refined Soft Chicken',292.00,0.00,9.000,0,'2019-03-10'),(1249,93,7,49,1,'Awesome Wooden Chicken',293.00,0.00,8.000,0,'2019-02-03'),(1250,80,14,47,4,'Awesome Concrete Car',910.00,0.00,5.000,0,'2019-02-11'),(1251,25,13,49,4,'Licensed Steel Towels',331.00,0.00,5.000,1,'2019-04-20'),(1252,95,7,43,2,'Small Cotton Computer',330.00,0.00,5.000,1,'2019-02-21'),(1253,17,8,46,2,'Awesome Metal Soap',889.00,0.00,9.000,0,'2019-03-06'),(1254,52,8,47,4,'Small Steel Bacon',495.00,0.00,5.000,1,'2019-02-19'),(1255,94,3,49,2,'Incredible Granite Shirt',830.00,0.00,4.000,1,'2019-03-29'),(1256,27,8,51,3,'Rustic Granite Chicken',39.00,0.00,9.000,0,'2019-02-28'),(1257,20,8,51,3,'Rustic Metal Shirt',206.00,0.00,9.000,0,'2019-02-27'),(1258,34,18,47,2,'Unbranded Granite Towels',233.00,0.00,2.000,1,'2019-03-09'),(1259,18,19,49,3,'Gorgeous Metal Shirt',948.00,0.00,9.000,1,'2019-03-19'),(1260,34,11,47,4,'Awesome Cotton Bike',883.00,0.00,1.000,0,'2019-04-17'),(1261,65,1,44,2,'Handcrafted Metal Bacon',500.00,0.00,4.000,1,'2019-02-06'),(1262,34,18,51,2,'Awesome Granite Computer',603.00,0.00,4.000,1,'2019-03-23'),(1263,26,7,48,3,'Handmade Frozen Shirt',678.00,0.00,8.000,0,'2019-03-28'),(1264,10,2,48,1,'Refined Concrete Bike',787.00,0.00,2.000,0,'2019-03-01'),(1265,33,16,43,1,'Fantastic Granite Pizza',911.00,0.00,7.000,1,'2019-03-17'),(1266,11,5,44,2,'Ergonomic Steel Salad',498.00,0.00,9.000,1,'2019-03-23'),(1267,57,4,44,2,'Incredible Plastic Towels',462.00,0.00,2.000,1,'2019-04-22'),(1268,9,19,43,3,'Intelligent Metal Car',59.00,0.00,1.000,1,'2019-02-11'),(1269,65,9,43,1,'Gorgeous Rubber Bacon',639.00,0.00,4.000,1,'2019-02-08'),(1270,56,16,44,3,'Small Metal Keyboard',336.00,0.00,7.000,0,'2019-01-24'),(1271,82,9,52,2,'Sleek Steel Tuna',179.00,0.00,6.000,0,'2019-04-23'),(1272,14,18,51,1,'Refined Frozen Cheese',373.00,0.00,8.000,1,'2019-04-17'),(1273,60,15,43,3,'Generic Wooden Salad',0.00,0.00,4.000,1,'2019-04-08'),(1274,6,15,47,2,'Handmade Plastic Pants',486.00,0.00,6.000,1,'2019-03-24'),(1275,11,7,51,2,'Sleek Frozen Ball',156.00,0.00,9.000,0,'2019-02-02'),(1276,1,14,43,3,'Handmade Soft Keyboard',932.00,0.00,4.000,1,'2019-04-20'),(1277,15,13,47,3,'Small Steel Keyboard',363.00,0.00,9.000,0,'2019-02-18'),(1278,49,14,49,1,'Refined Steel Pizza',469.00,0.00,8.000,0,'2019-03-02'),(1279,60,13,47,2,'Gorgeous Fresh Chicken',110.00,0.00,1.000,1,'2019-03-30'),(1280,20,4,49,2,'Handmade Frozen Table',87.00,0.00,7.000,1,'2019-03-25'),(1281,15,11,48,1,'Rustic Rubber Cheese',200.00,0.00,7.000,1,'2019-04-04'),(1282,31,18,45,2,'Fantastic Frozen Pants',764.00,0.00,9.000,1,'2019-01-31'),(1283,20,12,45,3,'Handmade Soft Bacon',622.00,0.00,5.000,1,'2019-04-01'),(1284,14,6,46,4,'Intelligent Plastic Bike',816.00,0.00,2.000,1,'2019-02-03'),(1285,33,19,47,4,'Fantastic Fresh Fish',359.00,0.00,5.000,0,'2019-02-17'),(1286,6,13,51,1,'Handmade Plastic Pants',977.00,0.00,5.000,1,'2019-03-12'),(1287,1,8,46,2,'Practical Fresh Chips',182.00,0.00,7.000,1,'2019-04-09'),(1288,81,3,49,1,'Small Frozen Tuna',668.00,0.00,1.000,0,'2019-04-21'),(1289,1,1,43,2,'Co drogiego',1100.00,0.00,1.000,0,'2019-05-15');
/*!40000 ALTER TABLE `shopping_items` ENABLE KEYS */;
UNLOCK TABLES;
/*!50003 SET @saved_cs_client      = @@character_set_client */ ;
/*!50003 SET @saved_cs_results     = @@character_set_results */ ;
/*!50003 SET @saved_col_connection = @@collation_connection */ ;
/*!50003 SET character_set_client  = utf8 */ ;
/*!50003 SET character_set_results = utf8 */ ;
/*!50003 SET collation_connection  = utf8_general_ci */ ;
/*!50003 SET @saved_sql_mode       = @@sql_mode */ ;
/*!50003 SET sql_mode              = 'ONLY_FULL_GROUP_BY,STRICT_TRANS_TABLES,NO_ZERO_IN_DATE,NO_ZERO_DATE,ERROR_FOR_DIVISION_BY_ZERO,NO_ENGINE_SUBSTITUTION' */ ;
DELIMITER ;;
/*!50003 CREATE*/ /*!50017 DEFINER=`seeder`@`%`*/ /*!50003 trigger tooExpensive after insert on shopping_items for each row begin if new.price > 1000 then call insertNotification_hh(new.household_id,'warning', '{"msg":"Wprowadzono bardzo drogi produkt!"}'); end if; end */;;
DELIMITER ;
/*!50003 SET sql_mode              = @saved_sql_mode */ ;
/*!50003 SET character_set_client  = @saved_cs_client */ ;
/*!50003 SET character_set_results = @saved_cs_results */ ;
/*!50003 SET collation_connection  = @saved_col_connection */ ;

--
-- Temporary table structure for view `shopping_items_view`
--

DROP TABLE IF EXISTS `shopping_items_view`;
/*!50001 DROP VIEW IF EXISTS `shopping_items_view`*/;
SET @saved_cs_client     = @@character_set_client;
SET character_set_client = utf8;
/*!50001 CREATE VIEW `shopping_items_view` AS SELECT 
 1 AS `id`,
 1 AS `Nazwa`,
 1 AS `Kupujcy`,
 1 AS `Nazwa przedmiotu`,
 1 AS `Ilo`,
 1 AS `Rabat na sztuk`,
 1 AS `Cena`,
 1 AS `Kategoria`,
 1 AS `Sklep`,
 1 AS `Wspdzielone`,
 1 AS `Data`*/;
SET character_set_client = @saved_cs_client;

--
-- Table structure for table `shopping_list_items`
--

DROP TABLE IF EXISTS `shopping_list_items`;
/*!40101 SET @saved_cs_client     = @@character_set_client */;
/*!40101 SET character_set_client = utf8 */;
CREATE TABLE `shopping_list_items` (
  `id` int(11) NOT NULL AUTO_INCREMENT,
  `shopping_list_id` int(11) NOT NULL,
  `shopping_sublist_id` int(11) DEFAULT NULL,
  `name` varchar(255) NOT NULL,
  `quantity` decimal(8,3) NOT NULL,
  PRIMARY KEY (`id`),
  KEY `shopping_list_id` (`shopping_list_id`),
  KEY `shopping_sublist_id` (`shopping_sublist_id`),
  CONSTRAINT `shopping_list_items_ibfk_1` FOREIGN KEY (`shopping_list_id`) REFERENCES `shopping_lists` (`id`) ON DELETE CASCADE,
  CONSTRAINT `shopping_list_items_ibfk_2` FOREIGN KEY (`shopping_sublist_id`) REFERENCES `shopping_sublists` (`id`)
) ENGINE=InnoDB AUTO_INCREMENT=4 DEFAULT CHARSET=utf8;
/*!40101 SET character_set_client = @saved_cs_client */;

--
-- Dumping data for table `shopping_list_items`
--

LOCK TABLES `shopping_list_items` WRITE;
/*!40000 ALTER TABLE `shopping_list_items` DISABLE KEYS */;
INSERT INTO `shopping_list_items` VALUES (1,1,NULL,'SDF',10.000),(2,1,NULL,'AAAAA',10.000),(3,1,NULL,'BBBB',10.000);
/*!40000 ALTER TABLE `shopping_list_items` ENABLE KEYS */;
UNLOCK TABLES;

--
-- Table structure for table `shopping_lists`
--

DROP TABLE IF EXISTS `shopping_lists`;
/*!40101 SET @saved_cs_client     = @@character_set_client */;
/*!40101 SET character_set_client = utf8 */;
CREATE TABLE `shopping_lists` (
  `id` int(11) NOT NULL AUTO_INCREMENT,
  `household_id` int(11) NOT NULL,
  `name` varchar(255) NOT NULL,
  PRIMARY KEY (`id`),
  KEY `household_id` (`household_id`),
  CONSTRAINT `shopping_lists_ibfk_1` FOREIGN KEY (`household_id`) REFERENCES `households` (`id`) ON DELETE CASCADE
) ENGINE=InnoDB AUTO_INCREMENT=3 DEFAULT CHARSET=utf8;
/*!40101 SET character_set_client = @saved_cs_client */;

--
-- Dumping data for table `shopping_lists`
--

LOCK TABLES `shopping_lists` WRITE;
/*!40000 ALTER TABLE `shopping_lists` DISABLE KEYS */;
INSERT INTO `shopping_lists` VALUES (1,1,'ABC'),(2,1,'Lista 1');
/*!40000 ALTER TABLE `shopping_lists` ENABLE KEYS */;
UNLOCK TABLES;
/*!50003 SET @saved_cs_client      = @@character_set_client */ ;
/*!50003 SET @saved_cs_results     = @@character_set_results */ ;
/*!50003 SET @saved_col_connection = @@collation_connection */ ;
/*!50003 SET character_set_client  = utf8 */ ;
/*!50003 SET character_set_results = utf8 */ ;
/*!50003 SET collation_connection  = utf8_general_ci */ ;
/*!50003 SET @saved_sql_mode       = @@sql_mode */ ;
/*!50003 SET sql_mode              = 'ONLY_FULL_GROUP_BY,STRICT_TRANS_TABLES,NO_ZERO_IN_DATE,NO_ZERO_DATE,ERROR_FOR_DIVISION_BY_ZERO,NO_ENGINE_SUBSTITUTION' */ ;
DELIMITER ;;
/*!50003 CREATE*/ /*!50017 DEFINER=`seeder`@`%`*/ /*!50003 trigger newShoppingList after insert on shopping_lists for each row begin call insertNotification_hh(new.household_id, 'info', '{"msg":"Utworzono now list zakupw!"}');end */;;
DELIMITER ;
/*!50003 SET sql_mode              = @saved_sql_mode */ ;
/*!50003 SET character_set_client  = @saved_cs_client */ ;
/*!50003 SET character_set_results = @saved_cs_results */ ;
/*!50003 SET collation_connection  = @saved_col_connection */ ;

--
-- Table structure for table `shopping_shops`
--

DROP TABLE IF EXISTS `shopping_shops`;
/*!40101 SET @saved_cs_client     = @@character_set_client */;
/*!40101 SET character_set_client = utf8 */;
CREATE TABLE `shopping_shops` (
  `id` int(11) NOT NULL AUTO_INCREMENT,
  `household_id` int(11) NOT NULL,
  `name` varchar(255) NOT NULL,
  PRIMARY KEY (`id`),
  KEY `household_id` (`household_id`),
  CONSTRAINT `shopping_shops_ibfk_1` FOREIGN KEY (`household_id`) REFERENCES `households` (`id`) ON DELETE CASCADE
) ENGINE=InnoDB AUTO_INCREMENT=97 DEFAULT CHARSET=utf8;
/*!40101 SET character_set_client = @saved_cs_client */;

--
-- Dumping data for table `shopping_shops`
--

LOCK TABLES `shopping_shops` WRITE;
/*!40000 ALTER TABLE `shopping_shops` DISABLE KEYS */;
INSERT INTO `shopping_shops` VALUES (1,1,'Biedronka'),(2,1,'Rossmann'),(3,1,'TESCO'),(4,1,'Reckman'),(5,1,'abka'),(6,1,'Fresh'),(7,1,'Kaufland'),(8,1,'Intermarche'),(9,1,'Kazar'),(10,1,'Aldi'),(11,1,'Castorama'),(12,1,'Leroy Merlin'),(13,1,'Fresh'),(14,1,'KFC'),(15,1,'DUCA'),(16,1,'Home&You'),(17,1,'Homla'),(18,2,'Biedronka'),(19,2,'Rossmann'),(20,2,'TESCO'),(21,2,'Reckman'),(22,2,'abka'),(23,2,'Fresh'),(24,2,'Kaufland'),(25,2,'Intermarche'),(26,2,'Kazar'),(27,2,'Aldi'),(28,2,'Castorama'),(29,2,'Leroy Merlin'),(30,2,'Fresh'),(31,2,'KFC'),(32,2,'DUCA'),(33,2,'Home&You'),(34,2,'Homla'),(49,3,'Biedronka'),(50,3,'Rossmann'),(51,3,'TESCO'),(52,3,'Reckman'),(53,3,'abka'),(54,3,'Fresh'),(55,3,'Kaufland'),(56,3,'Intermarche'),(57,3,'Kazar'),(58,3,'Aldi'),(59,3,'Castorama'),(60,3,'Leroy Merlin'),(61,3,'Fresh'),(62,3,'KFC'),(63,3,'DUCA'),(64,3,'Home&You'),(65,3,'Homla'),(80,4,'Biedronka'),(81,4,'Rossmann'),(82,4,'TESCO'),(83,4,'Reckman'),(84,4,'abka'),(85,4,'Fresh'),(86,4,'Kaufland'),(87,4,'Intermarche'),(88,4,'Kazar'),(89,4,'Aldi'),(90,4,'Castorama'),(91,4,'Leroy Merlin'),(92,4,'Fresh'),(93,4,'KFC'),(94,4,'DUCA'),(95,4,'Home&You'),(96,4,'Homla');
/*!40000 ALTER TABLE `shopping_shops` ENABLE KEYS */;
UNLOCK TABLES;

--
-- Table structure for table `shopping_sublists`
--

DROP TABLE IF EXISTS `shopping_sublists`;
/*!40101 SET @saved_cs_client     = @@character_set_client */;
/*!40101 SET character_set_client = utf8 */;
CREATE TABLE `shopping_sublists` (
  `id` int(11) NOT NULL AUTO_INCREMENT,
  `shopping_list_id` int(11) NOT NULL,
  `name` varchar(255) NOT NULL,
  PRIMARY KEY (`id`),
  KEY `shopping_list_id` (`shopping_list_id`),
  CONSTRAINT `shopping_sublists_ibfk_1` FOREIGN KEY (`shopping_list_id`) REFERENCES `shopping_lists` (`id`) ON DELETE CASCADE
) ENGINE=InnoDB DEFAULT CHARSET=utf8;
/*!40101 SET character_set_client = @saved_cs_client */;

--
-- Dumping data for table `shopping_sublists`
--

LOCK TABLES `shopping_sublists` WRITE;
/*!40000 ALTER TABLE `shopping_sublists` DISABLE KEYS */;
/*!40000 ALTER TABLE `shopping_sublists` ENABLE KEYS */;
UNLOCK TABLES;

--
-- Table structure for table `user_permission`
--

DROP TABLE IF EXISTS `user_permission`;
/*!40101 SET @saved_cs_client     = @@character_set_client */;
/*!40101 SET character_set_client = utf8 */;
CREATE TABLE `user_permission` (
  `user_id` int(11) NOT NULL,
  `permission_id` int(11) NOT NULL,
  PRIMARY KEY (`user_id`,`permission_id`),
  KEY `permission_id` (`permission_id`),
  CONSTRAINT `user_permission_ibfk_1` FOREIGN KEY (`user_id`) REFERENCES `users` (`id`) ON DELETE CASCADE,
  CONSTRAINT `user_permission_ibfk_2` FOREIGN KEY (`permission_id`) REFERENCES `permissions` (`id`) ON DELETE CASCADE
) ENGINE=InnoDB DEFAULT CHARSET=utf8;
/*!40101 SET character_set_client = @saved_cs_client */;

--
-- Dumping data for table `user_permission`
--

LOCK TABLES `user_permission` WRITE;
/*!40000 ALTER TABLE `user_permission` DISABLE KEYS */;
INSERT INTO `user_permission` VALUES (43,1),(44,1),(45,1),(46,1),(47,1),(48,1),(49,1),(51,1),(52,1),(43,2),(44,2),(45,2),(46,2),(47,2),(48,2),(49,2),(51,2),(52,2),(43,3),(44,3),(45,3),(46,3),(47,3),(48,3),(49,3),(51,3),(52,3),(43,4),(44,4),(45,4),(46,4),(47,4),(48,4),(49,4),(51,4),(52,4),(43,5),(44,5),(45,5),(46,5),(47,5),(48,5),(49,5),(50,5),(51,5),(52,5),(43,6),(44,6),(45,6),(46,6),(47,6),(48,6),(49,6),(50,6),(51,6),(52,6),(43,7),(44,7),(45,7),(46,7),(47,7),(48,7),(49,7),(50,7),(51,7),(52,7),(43,8),(44,8),(45,8),(46,8),(47,8),(48,8),(49,8),(50,8),(51,8),(52,8);
/*!40000 ALTER TABLE `user_permission` ENABLE KEYS */;
UNLOCK TABLES;

--
-- Table structure for table `users`
--

DROP TABLE IF EXISTS `users`;
/*!40101 SET @saved_cs_client     = @@character_set_client */;
/*!40101 SET character_set_client = utf8 */;
CREATE TABLE `users` (
  `id` int(11) NOT NULL AUTO_INCREMENT,
  `household_id` int(11) NOT NULL,
  `firstname` varchar(255) NOT NULL,
  `surname` varchar(255) NOT NULL,
  `color` varchar(7) NOT NULL,
  `birthdate` date NOT NULL,
  PRIMARY KEY (`id`),
  KEY `household_id` (`household_id`),
  CONSTRAINT `users_ibfk_1` FOREIGN KEY (`household_id`) REFERENCES `households` (`id`) ON DELETE CASCADE
) ENGINE=InnoDB AUTO_INCREMENT=53 DEFAULT CHARSET=utf8;
/*!40101 SET character_set_client = @saved_cs_client */;

--
-- Dumping data for table `users`
--

LOCK TABLES `users` WRITE;
/*!40000 ALTER TABLE `users` DISABLE KEYS */;
INSERT INTO `users` VALUES (43,1,'Ksawery','Jurek','#5b1352','1992-02-05'),(44,2,'Klementyna','Kiebasa','#03685a','1973-01-21'),(45,3,'Cezary','Kostecki','#202726','1997-03-29'),(46,4,'Michalina','Madej','#58767c','1980-11-01'),(47,1,'Eudokia','Wierzbicki','#41153f','1979-07-15'),(48,2,'Stanisaw','Kaua','#390458','1996-10-21'),(49,3,'Klara','Stpie','#664270','1996-08-20'),(50,4,'Oliwia','Olszewski','#0d3b7e','1978-01-29'),(51,1,'Dariusz','Kucharczyk','#747416','1976-04-04'),(52,2,'Lea','Pietras','#0d0e1c','1970-11-29');
/*!40000 ALTER TABLE `users` ENABLE KEYS */;
UNLOCK TABLES;

--
-- Table structure for table `utility_costs`
--

DROP TABLE IF EXISTS `utility_costs`;
/*!40101 SET @saved_cs_client     = @@character_set_client */;
/*!40101 SET character_set_client = utf8 */;
CREATE TABLE `utility_costs` (
  `id` int(11) NOT NULL AUTO_INCREMENT,
  `household_id` int(11) DEFAULT NULL,
  `name` varchar(255) DEFAULT NULL,
  `cost` decimal(8,2) DEFAULT NULL,
  PRIMARY KEY (`id`),
  KEY `household_id` (`household_id`),
  CONSTRAINT `utility_costs_ibfk_1` FOREIGN KEY (`household_id`) REFERENCES `households` (`id`) ON DELETE CASCADE
) ENGINE=InnoDB AUTO_INCREMENT=7 DEFAULT CHARSET=utf8;
/*!40101 SET character_set_client = @saved_cs_client */;

--
-- Dumping data for table `utility_costs`
--

LOCK TABLES `utility_costs` WRITE;
/*!40000 ALTER TABLE `utility_costs` DISABLE KEYS */;
INSERT INTO `utility_costs` VALUES (1,1,'Prd',0.59),(2,1,'Woda',4.80),(3,1,'cieki',8.50),(4,2,'Prd',0.59),(5,2,'cieki',8.50),(6,2,'Woda',4.80);
/*!40000 ALTER TABLE `utility_costs` ENABLE KEYS */;
UNLOCK TABLES;

--
-- Table structure for table `utility_usage_records`
--

DROP TABLE IF EXISTS `utility_usage_records`;
/*!40101 SET @saved_cs_client     = @@character_set_client */;
/*!40101 SET character_set_client = utf8 */;
CREATE TABLE `utility_usage_records` (
  `id` int(11) NOT NULL AUTO_INCREMENT,
  `utility_cost_id` int(11) NOT NULL,
  `value` json DEFAULT NULL,
  `date` timestamp NOT NULL DEFAULT CURRENT_TIMESTAMP,
  PRIMARY KEY (`id`),
  KEY `utility_cost_id` (`utility_cost_id`),
  CONSTRAINT `utility_usage_records_ibfk_2` FOREIGN KEY (`utility_cost_id`) REFERENCES `utility_costs` (`id`) ON DELETE CASCADE
) ENGINE=InnoDB AUTO_INCREMENT=150 DEFAULT CHARSET=utf8;
/*!40101 SET character_set_client = @saved_cs_client */;

--
-- Dumping data for table `utility_usage_records`
--

LOCK TABLES `utility_usage_records` WRITE;
/*!40000 ALTER TABLE `utility_usage_records` DISABLE KEYS */;
INSERT INTO `utility_usage_records` VALUES (1,1,'{\"gauge_1\": 1241.7438793850345}','2019-04-21 16:50:51'),(2,1,'{\"gauge_1\": 1255.7292486128222}','2019-04-21 19:50:51'),(3,1,'{\"gauge_1\": 1268.9313039030162}','2019-04-21 22:50:51'),(4,1,'{\"gauge_1\": 1317.6150805496004}','2019-04-22 01:50:51'),(5,1,'{\"gauge_1\": 1354.3128456021466}','2019-04-22 04:50:51'),(6,1,'{\"gauge_1\": 1368.3275267457495}','2019-04-22 07:50:51'),(7,1,'{\"gauge_1\": 1409.791909699208}','2019-04-22 10:50:51'),(8,1,'{\"gauge_1\": 1456.3168932019082}','2019-04-22 13:50:51'),(9,1,'{\"gauge_1\": 1487.8473373883169}','2019-04-22 16:50:51'),(10,1,'{\"gauge_1\": 1511.6316897411978}','2019-04-22 19:50:51'),(11,1,'{\"gauge_1\": 1538.4917295405014}','2019-04-22 22:50:51'),(12,1,'{\"gauge_1\": 1581.1571790030566}','2019-04-23 01:50:51'),(13,1,'{\"gauge_1\": 1599.229082395921}','2019-04-23 04:50:51'),(14,1,'{\"gauge_1\": 1641.1357560440763}','2019-04-23 07:50:51'),(15,1,'{\"gauge_1\": 1660.634474303302}','2019-04-23 10:50:51'),(16,1,'{\"gauge_1\": 1679.104822314588}','2019-04-23 13:50:51'),(17,1,'{\"gauge_1\": 1707.6315552726342}','2019-04-23 16:50:51'),(18,1,'{\"gauge_1\": 1730.603838929}','2019-04-23 19:50:51'),(19,1,'{\"gauge_1\": 1746.7521166727934}','2019-04-23 22:50:51'),(20,1,'{\"gauge_1\": 1779.122696880474}','2019-04-24 01:50:51'),(21,1,'{\"gauge_1\": 1815.027084182364}','2019-04-24 04:50:51'),(22,1,'{\"gauge_1\": 1825.654062128302}','2019-04-24 07:50:51'),(23,1,'{\"gauge_1\": 1842.933068033819}','2019-04-24 10:50:51'),(24,1,'{\"gauge_1\": 1867.548680972306}','2019-04-24 13:50:51'),(25,1,'{\"gauge_1\": 1911.353183944624}','2019-04-24 16:50:51'),(26,2,'{\"gauge_1\": 1210.3696943529844}','2019-04-21 16:50:51'),(27,2,'{\"gauge_1\": 1245.1974108285892}','2019-04-21 19:50:51'),(28,2,'{\"gauge_1\": 1265.5536658363064}','2019-04-21 22:50:51'),(29,2,'{\"gauge_1\": 1299.604898042694}','2019-04-22 01:50:51'),(30,2,'{\"gauge_1\": 1345.6352320108035}','2019-04-22 04:50:51'),(31,2,'{\"gauge_1\": 1364.1246317753946}','2019-04-22 07:50:51'),(32,2,'{\"gauge_1\": 1397.0822362175484}','2019-04-22 10:50:51'),(33,2,'{\"gauge_1\": 1445.0386388104505}','2019-04-22 13:50:51'),(34,2,'{\"gauge_1\": 1491.648691187327}','2019-04-22 16:50:51'),(35,2,'{\"gauge_1\": 1504.1279491837215}','2019-04-22 19:50:51'),(36,2,'{\"gauge_1\": 1551.920437426062}','2019-04-22 22:50:51'),(37,2,'{\"gauge_1\": 1571.175869467995}','2019-04-23 01:50:51'),(38,2,'{\"gauge_1\": 1605.5501365573425}','2019-04-23 04:50:51'),(39,2,'{\"gauge_1\": 1632.7858689490397}','2019-04-23 07:50:51'),(40,2,'{\"gauge_1\": 1650.5539057641693}','2019-04-23 10:50:51'),(41,2,'{\"gauge_1\": 1671.5257643766267}','2019-04-23 13:50:51'),(42,2,'{\"gauge_1\": 1682.7492473733491}','2019-04-23 16:50:51'),(43,2,'{\"gauge_1\": 1727.3669056832352}','2019-04-23 19:50:51'),(44,2,'{\"gauge_1\": 1759.007489308869}','2019-04-23 22:50:51'),(45,2,'{\"gauge_1\": 1773.558554558448}','2019-04-24 01:50:51'),(46,2,'{\"gauge_1\": 1818.8897743425127}','2019-04-24 04:50:51'),(47,2,'{\"gauge_1\": 1834.527412417606}','2019-04-24 07:50:51'),(48,2,'{\"gauge_1\": 1854.551063627152}','2019-04-24 10:50:51'),(49,2,'{\"gauge_1\": 1871.6145767438752}','2019-04-24 13:50:51'),(50,2,'{\"gauge_1\": 1899.6075337996172}','2019-04-24 16:50:51'),(51,3,'{\"gauge_1\": 1240.5784868443277}','2019-04-21 16:50:51'),(52,3,'{\"gauge_1\": 1283.353953196063}','2019-04-21 19:50:51'),(53,3,'{\"gauge_1\": 1309.9162738600078}','2019-04-21 22:50:51'),(54,3,'{\"gauge_1\": 1346.161824022183}','2019-04-22 01:50:51'),(55,3,'{\"gauge_1\": 1377.6888331582584}','2019-04-22 04:50:51'),(56,3,'{\"gauge_1\": 1393.9484380201486}','2019-04-22 07:50:51'),(57,3,'{\"gauge_1\": 1409.1596687589172}','2019-04-22 10:50:51'),(58,3,'{\"gauge_1\": 1428.4482003520102}','2019-04-22 13:50:51'),(59,3,'{\"gauge_1\": 1448.5516423219844}','2019-04-22 16:50:51'),(60,3,'{\"gauge_1\": 1495.6066345452975}','2019-04-22 19:50:51'),(61,3,'{\"gauge_1\": 1521.326980435761}','2019-04-22 22:50:51'),(62,3,'{\"gauge_1\": 1531.733697306587}','2019-04-23 01:50:51'),(63,3,'{\"gauge_1\": 1549.1844947423149}','2019-04-23 04:50:51'),(64,3,'{\"gauge_1\": 1581.1317206397423}','2019-04-23 07:50:51'),(65,3,'{\"gauge_1\": 1604.6835518334483}','2019-04-23 10:50:51'),(66,3,'{\"gauge_1\": 1643.152083748584}','2019-04-23 13:50:51'),(67,3,'{\"gauge_1\": 1671.5353856333886}','2019-04-23 16:50:51'),(68,3,'{\"gauge_1\": 1686.0974138528911}','2019-04-23 19:50:51'),(69,3,'{\"gauge_1\": 1720.9228442402875}','2019-04-23 22:50:51'),(70,3,'{\"gauge_1\": 1765.9434241608008}','2019-04-24 01:50:51'),(71,3,'{\"gauge_1\": 1791.8886066343248}','2019-04-24 04:50:51'),(72,3,'{\"gauge_1\": 1803.099832426437}','2019-04-24 07:50:51'),(73,3,'{\"gauge_1\": 1845.9700144895191}','2019-04-24 10:50:51'),(74,3,'{\"gauge_1\": 1892.717159602708}','2019-04-24 13:50:51'),(75,3,'{\"gauge_1\": 1935.595738613813}','2019-04-24 16:50:51'),(76,4,'{\"gauge_1\": 1212.877483706868}','2019-04-21 16:50:51'),(77,4,'{\"gauge_1\": 1231.4585687228562}','2019-04-21 19:50:51'),(78,4,'{\"gauge_1\": 1257.3069819656707}','2019-04-21 22:50:51'),(79,4,'{\"gauge_1\": 1291.8589013289486}','2019-04-22 01:50:51'),(80,4,'{\"gauge_1\": 1312.6276471426334}','2019-04-22 04:50:51'),(81,4,'{\"gauge_1\": 1327.680931121704}','2019-04-22 07:50:51'),(82,4,'{\"gauge_1\": 1346.8653887207297}','2019-04-22 10:50:51'),(83,4,'{\"gauge_1\": 1364.6437303853324}','2019-04-22 13:50:51'),(84,4,'{\"gauge_1\": 1395.989720478611}','2019-04-22 16:50:51'),(85,4,'{\"gauge_1\": 1432.4975018949965}','2019-04-22 19:50:51'),(86,4,'{\"gauge_1\": 1447.4555591733715}','2019-04-22 22:50:51'),(87,4,'{\"gauge_1\": 1468.9858113102382}','2019-04-23 01:50:51'),(88,4,'{\"gauge_1\": 1508.2558275195242}','2019-04-23 04:50:51'),(89,4,'{\"gauge_1\": 1552.3961619503302}','2019-04-23 07:50:51'),(90,4,'{\"gauge_1\": 1588.8275814473552}','2019-04-23 10:50:51'),(91,4,'{\"gauge_1\": 1623.9492769145932}','2019-04-23 13:50:51'),(92,4,'{\"gauge_1\": 1640.7356910754056}','2019-04-23 16:50:51'),(93,4,'{\"gauge_1\": 1680.6013268326303}','2019-04-23 19:50:51'),(94,4,'{\"gauge_1\": 1693.986334051967}','2019-04-23 22:50:51'),(95,4,'{\"gauge_1\": 1708.804038099311}','2019-04-24 01:50:51'),(96,4,'{\"gauge_1\": 1724.3650330213345}','2019-04-24 04:50:51'),(97,4,'{\"gauge_1\": 1772.428558351985}','2019-04-24 07:50:51'),(98,4,'{\"gauge_1\": 1795.9586671275802}','2019-04-24 10:50:51'),(99,4,'{\"gauge_1\": 1822.1157887169063}','2019-04-24 13:50:51'),(100,4,'{\"gauge_1\": 1843.4621388087924}','2019-04-24 16:50:51'),(101,5,'{\"gauge_1\": 1225.4243304371578}','2019-04-21 16:50:51'),(102,5,'{\"gauge_1\": 1263.2313407641182}','2019-04-21 19:50:51'),(103,5,'{\"gauge_1\": 1294.2493092536922}','2019-04-21 22:50:51'),(104,5,'{\"gauge_1\": 1319.6409900699866}','2019-04-22 01:50:51'),(105,5,'{\"gauge_1\": 1333.2444948464847}','2019-04-22 04:50:51'),(106,5,'{\"gauge_1\": 1360.6170771864397}','2019-04-22 07:50:51'),(107,5,'{\"gauge_1\": 1380.841572024514}','2019-04-22 10:50:51'),(108,5,'{\"gauge_1\": 1418.732970123319}','2019-04-22 13:50:51'),(109,5,'{\"gauge_1\": 1431.0235505123585}','2019-04-22 16:50:51'),(110,5,'{\"gauge_1\": 1450.9182558783075}','2019-04-22 19:50:51'),(111,5,'{\"gauge_1\": 1493.8991943312328}','2019-04-22 22:50:51'),(112,5,'{\"gauge_1\": 1521.2658838355098}','2019-04-23 01:50:51'),(113,5,'{\"gauge_1\": 1558.433814620213}','2019-04-23 04:50:51'),(114,5,'{\"gauge_1\": 1575.0450090341394}','2019-04-23 07:50:51'),(115,5,'{\"gauge_1\": 1612.6337400305044}','2019-04-23 10:50:51'),(116,5,'{\"gauge_1\": 1652.2410373778607}','2019-04-23 13:50:51'),(117,5,'{\"gauge_1\": 1679.1454613333717}','2019-04-23 16:50:51'),(118,5,'{\"gauge_1\": 1694.9842213214338}','2019-04-23 19:50:51'),(119,5,'{\"gauge_1\": 1730.8305886041055}','2019-04-23 22:50:51'),(120,5,'{\"gauge_1\": 1770.5408684390218}','2019-04-24 01:50:51'),(121,5,'{\"gauge_1\": 1787.4053538461476}','2019-04-24 04:50:51'),(122,5,'{\"gauge_1\": 1831.6496594404712}','2019-04-24 07:50:51'),(123,5,'{\"gauge_1\": 1857.0822869291712}','2019-04-24 10:50:51'),(124,5,'{\"gauge_1\": 1874.7980013235656}','2019-04-24 13:50:51'),(125,5,'{\"gauge_1\": 1909.3889825414997}','2019-04-24 16:50:51'),(126,6,'{\"gauge_1\": 1243.6049131139907}','2019-04-21 16:50:51'),(127,6,'{\"gauge_1\": 1268.996607035239}','2019-04-21 19:50:51'),(128,6,'{\"gauge_1\": 1298.2419553552447}','2019-04-21 22:50:51'),(129,6,'{\"gauge_1\": 1345.4227752611184}','2019-04-22 01:50:51'),(130,6,'{\"gauge_1\": 1395.0475304192255}','2019-04-22 04:50:51'),(131,6,'{\"gauge_1\": 1423.1710600038275}','2019-04-22 07:50:51'),(132,6,'{\"gauge_1\": 1437.491386954916}','2019-04-22 10:50:51'),(133,6,'{\"gauge_1\": 1449.7980409571007}','2019-04-22 13:50:51'),(134,6,'{\"gauge_1\": 1470.4170628735594}','2019-04-22 16:50:51'),(135,6,'{\"gauge_1\": 1506.225662198668}','2019-04-22 19:50:51'),(136,6,'{\"gauge_1\": 1537.8020698980097}','2019-04-22 22:50:51'),(137,6,'{\"gauge_1\": 1548.1893040009834}','2019-04-23 01:50:51'),(138,6,'{\"gauge_1\": 1578.9480947587217}','2019-04-23 04:50:51'),(139,6,'{\"gauge_1\": 1626.842679636684}','2019-04-23 07:50:51'),(140,6,'{\"gauge_1\": 1644.879546515241}','2019-04-23 10:50:51'),(141,6,'{\"gauge_1\": 1662.3725657966258}','2019-04-23 13:50:51'),(142,6,'{\"gauge_1\": 1695.4305409947897}','2019-04-23 16:50:51'),(143,6,'{\"gauge_1\": 1706.0558872559277}','2019-04-23 19:50:51'),(144,6,'{\"gauge_1\": 1738.1382251180837}','2019-04-23 22:50:51'),(145,6,'{\"gauge_1\": 1777.960607050941}','2019-04-24 01:50:51'),(146,6,'{\"gauge_1\": 1790.0320965430965}','2019-04-24 04:50:51'),(147,6,'{\"gauge_1\": 1838.763387429}','2019-04-24 07:50:51'),(148,6,'{\"gauge_1\": 1865.5214121331292}','2019-04-24 10:50:51'),(149,6,'{\"gauge_1\": 1901.732886937132}','2019-04-24 13:50:51');
/*!40000 ALTER TABLE `utility_usage_records` ENABLE KEYS */;
UNLOCK TABLES;

--
-- Dumping routines for database 'hhapp'
--
/*!50003 DROP PROCEDURE IF EXISTS `avgHum_hh_room` */;
/*!50003 SET @saved_cs_client      = @@character_set_client */ ;
/*!50003 SET @saved_cs_results     = @@character_set_results */ ;
/*!50003 SET @saved_col_connection = @@collation_connection */ ;
/*!50003 SET character_set_client  = utf8 */ ;
/*!50003 SET character_set_results = utf8 */ ;
/*!50003 SET collation_connection  = utf8_general_ci */ ;
/*!50003 SET @saved_sql_mode       = @@sql_mode */ ;
/*!50003 SET sql_mode              = 'ONLY_FULL_GROUP_BY,STRICT_TRANS_TABLES,NO_ZERO_IN_DATE,NO_ZERO_DATE,ERROR_FOR_DIVISION_BY_ZERO,NO_ENGINE_SUBSTITUTION' */ ;
DELIMITER ;;
CREATE DEFINER=`seeder`@`%` PROCEDURE `avgHum_hh_room`(in _household_name varchar(255), in _roomName varchar(255))
begin select concat(round(avg(json_extract(JSON,concat("$.",_roomName))),2),"%") as "rednia wilgotno" from env_records_humidity where Nazwa=_household_name; end ;;
DELIMITER ;
/*!50003 SET sql_mode              = @saved_sql_mode */ ;
/*!50003 SET character_set_client  = @saved_cs_client */ ;
/*!50003 SET character_set_results = @saved_cs_results */ ;
/*!50003 SET collation_connection  = @saved_col_connection */ ;
/*!50003 DROP PROCEDURE IF EXISTS `avgTemp_hh_room` */;
/*!50003 SET @saved_cs_client      = @@character_set_client */ ;
/*!50003 SET @saved_cs_results     = @@character_set_results */ ;
/*!50003 SET @saved_col_connection = @@collation_connection */ ;
/*!50003 SET character_set_client  = utf8 */ ;
/*!50003 SET character_set_results = utf8 */ ;
/*!50003 SET collation_connection  = utf8_general_ci */ ;
/*!50003 SET @saved_sql_mode       = @@sql_mode */ ;
/*!50003 SET sql_mode              = 'ONLY_FULL_GROUP_BY,STRICT_TRANS_TABLES,NO_ZERO_IN_DATE,NO_ZERO_DATE,ERROR_FOR_DIVISION_BY_ZERO,NO_ENGINE_SUBSTITUTION' */ ;
DELIMITER ;;
CREATE DEFINER=`seeder`@`%` PROCEDURE `avgTemp_hh_room`(in _household_name varchar(255), in _roomName varchar(255))
begin select concat(round(avg(json_extract(JSON,concat("$.",_roomName))),2),"*C") as "rednia temperatura" from env_records_temperature where Nazwa=_household_name; end ;;
DELIMITER ;
/*!50003 SET sql_mode              = @saved_sql_mode */ ;
/*!50003 SET character_set_client  = @saved_cs_client */ ;
/*!50003 SET character_set_results = @saved_cs_results */ ;
/*!50003 SET collation_connection  = @saved_col_connection */ ;
/*!50003 DROP PROCEDURE IF EXISTS `insertNotification_hh` */;
/*!50003 SET @saved_cs_client      = @@character_set_client */ ;
/*!50003 SET @saved_cs_results     = @@character_set_results */ ;
/*!50003 SET @saved_col_connection = @@collation_connection */ ;
/*!50003 SET character_set_client  = utf8 */ ;
/*!50003 SET character_set_results = utf8 */ ;
/*!50003 SET collation_connection  = utf8_general_ci */ ;
/*!50003 SET @saved_sql_mode       = @@sql_mode */ ;
/*!50003 SET sql_mode              = 'ONLY_FULL_GROUP_BY,STRICT_TRANS_TABLES,NO_ZERO_IN_DATE,NO_ZERO_DATE,ERROR_FOR_DIVISION_BY_ZERO,NO_ENGINE_SUBSTITUTION' */ ;
DELIMITER ;;
CREATE DEFINER=`seeder`@`%` PROCEDURE `insertNotification_hh`(in _household_id int(11), in _type enum('info','warning', 'error'), in _value json)
begin declare done int default false; declare _user_id int(11); declare cur1 cursor for select id from users where household_id=_household_id; declare continue handler for not found set done = true; open cur1;  insert_loop: LOOP fetch cur1 into _user_id; if done then leave insert_loop; else insert into notifications (user_id, type, `read`, data, created_at) values (_user_id, _type, false,_value, current_timestamp); end if; end loop; close cur1; end ;;
DELIMITER ;
/*!50003 SET sql_mode              = @saved_sql_mode */ ;
/*!50003 SET character_set_client  = @saved_cs_client */ ;
/*!50003 SET character_set_results = @saved_cs_results */ ;
/*!50003 SET collation_connection  = @saved_col_connection */ ;
/*!50003 DROP PROCEDURE IF EXISTS `shoppingExpences_hh_from_to` */;
/*!50003 SET @saved_cs_client      = @@character_set_client */ ;
/*!50003 SET @saved_cs_results     = @@character_set_results */ ;
/*!50003 SET @saved_col_connection = @@collation_connection */ ;
/*!50003 SET character_set_client  = utf8 */ ;
/*!50003 SET character_set_results = utf8 */ ;
/*!50003 SET collation_connection  = utf8_general_ci */ ;
/*!50003 SET @saved_sql_mode       = @@sql_mode */ ;
/*!50003 SET sql_mode              = 'ONLY_FULL_GROUP_BY,STRICT_TRANS_TABLES,NO_ZERO_IN_DATE,NO_ZERO_DATE,ERROR_FOR_DIVISION_BY_ZERO,NO_ENGINE_SUBSTITUTION' */ ;
DELIMITER ;;
CREATE DEFINER=`seeder`@`%` PROCEDURE `shoppingExpences_hh_from_to`(in _household_name varchar(255), in _from varchar(10), in _to varchar(10))
begin select _household_name as "Nazwa", sum(shopping_items.quantity*shopping_items.price-shopping_items.quantity*shopping_items.discount_on_unit) as "Koszt cakowity" from shopping_items join households on households.id = shopping_items.household_id where households.name = _household_name and shopping_items.date between _from and _to; end ;;
DELIMITER ;
/*!50003 SET sql_mode              = @saved_sql_mode */ ;
/*!50003 SET character_set_client  = @saved_cs_client */ ;
/*!50003 SET character_set_results = @saved_cs_results */ ;
/*!50003 SET collation_connection  = @saved_col_connection */ ;
/*!50003 DROP PROCEDURE IF EXISTS `showPermissions_userId` */;
/*!50003 SET @saved_cs_client      = @@character_set_client */ ;
/*!50003 SET @saved_cs_results     = @@character_set_results */ ;
/*!50003 SET @saved_col_connection = @@collation_connection */ ;
/*!50003 SET character_set_client  = utf8 */ ;
/*!50003 SET character_set_results = utf8 */ ;
/*!50003 SET collation_connection  = utf8_general_ci */ ;
/*!50003 SET @saved_sql_mode       = @@sql_mode */ ;
/*!50003 SET sql_mode              = 'ONLY_FULL_GROUP_BY,STRICT_TRANS_TABLES,NO_ZERO_IN_DATE,NO_ZERO_DATE,ERROR_FOR_DIVISION_BY_ZERO,NO_ENGINE_SUBSTITUTION' */ ;
DELIMITER ;;
CREATE DEFINER=`seeder`@`%` PROCEDURE `showPermissions_userId`(in _id varchar(255))
begin
select permissions.name from permissions join user_permission on permission_id = permissions.id
where user_id = _id; end ;;
DELIMITER ;
/*!50003 SET sql_mode              = @saved_sql_mode */ ;
/*!50003 SET character_set_client  = @saved_cs_client */ ;
/*!50003 SET character_set_results = @saved_cs_results */ ;
/*!50003 SET collation_connection  = @saved_col_connection */ ;
/*!50003 DROP PROCEDURE IF EXISTS `showShoppingItemsOfFromTo` */;
/*!50003 SET @saved_cs_client      = @@character_set_client */ ;
/*!50003 SET @saved_cs_results     = @@character_set_results */ ;
/*!50003 SET @saved_col_connection = @@collation_connection */ ;
/*!50003 SET character_set_client  = utf8 */ ;
/*!50003 SET character_set_results = utf8 */ ;
/*!50003 SET collation_connection  = utf8_general_ci */ ;
/*!50003 SET @saved_sql_mode       = @@sql_mode */ ;
/*!50003 SET sql_mode              = 'ONLY_FULL_GROUP_BY,STRICT_TRANS_TABLES,NO_ZERO_IN_DATE,NO_ZERO_DATE,ERROR_FOR_DIVISION_BY_ZERO,NO_ENGINE_SUBSTITUTION' */ ;
DELIMITER ;;
CREATE DEFINER=`seeder`@`%` PROCEDURE `showShoppingItemsOfFromTo`(in _household_name varchar(255), in _from varchar(10), in _to varchar(10))
begin select * from shopping_items_view where Nazwa=_household_name and Data between _from and _to; end ;;
DELIMITER ;
/*!50003 SET sql_mode              = @saved_sql_mode */ ;
/*!50003 SET character_set_client  = @saved_cs_client */ ;
/*!50003 SET character_set_results = @saved_cs_results */ ;
/*!50003 SET collation_connection  = @saved_col_connection */ ;

--
-- Final view structure for view `env_records_humidity`
--

/*!50001 DROP VIEW IF EXISTS `env_records_humidity`*/;
/*!50001 SET @saved_cs_client          = @@character_set_client */;
/*!50001 SET @saved_cs_results         = @@character_set_results */;
/*!50001 SET @saved_col_connection     = @@collation_connection */;
/*!50001 SET character_set_client      = utf8 */;
/*!50001 SET character_set_results     = utf8 */;
/*!50001 SET collation_connection      = utf8_general_ci */;
/*!50001 CREATE ALGORITHM=UNDEFINED */
/*!50013 DEFINER=`seeder`@`%` SQL SECURITY DEFINER */
/*!50001 VIEW `env_records_humidity` AS select `env_records`.`id` AS `id`,`households`.`name` AS `Nazwa`,`env_records`.`value` AS `JSON`,`env_records`.`date` AS `Data` from (`env_records` join `households` on((`households`.`id` = `env_records`.`household_id`))) where (`env_records`.`type` = 'humidity') */;
/*!50001 SET character_set_client      = @saved_cs_client */;
/*!50001 SET character_set_results     = @saved_cs_results */;
/*!50001 SET collation_connection      = @saved_col_connection */;

--
-- Final view structure for view `env_records_movement`
--

/*!50001 DROP VIEW IF EXISTS `env_records_movement`*/;
/*!50001 SET @saved_cs_client          = @@character_set_client */;
/*!50001 SET @saved_cs_results         = @@character_set_results */;
/*!50001 SET @saved_col_connection     = @@collation_connection */;
/*!50001 SET character_set_client      = utf8 */;
/*!50001 SET character_set_results     = utf8 */;
/*!50001 SET collation_connection      = utf8_general_ci */;
/*!50001 CREATE ALGORITHM=UNDEFINED */
/*!50013 DEFINER=`seeder`@`%` SQL SECURITY DEFINER */
/*!50001 VIEW `env_records_movement` AS select `env_records`.`id` AS `id`,`households`.`name` AS `Nazwa`,`env_records`.`value` AS `JSON`,`env_records`.`date` AS `Data` from (`env_records` join `households` on((`households`.`id` = `env_records`.`household_id`))) where (`env_records`.`type` = 'movement') */;
/*!50001 SET character_set_client      = @saved_cs_client */;
/*!50001 SET character_set_results     = @saved_cs_results */;
/*!50001 SET collation_connection      = @saved_col_connection */;

--
-- Final view structure for view `env_records_temperature`
--

/*!50001 DROP VIEW IF EXISTS `env_records_temperature`*/;
/*!50001 SET @saved_cs_client          = @@character_set_client */;
/*!50001 SET @saved_cs_results         = @@character_set_results */;
/*!50001 SET @saved_col_connection     = @@collation_connection */;
/*!50001 SET character_set_client      = utf8 */;
/*!50001 SET character_set_results     = utf8 */;
/*!50001 SET collation_connection      = utf8_general_ci */;
/*!50001 CREATE ALGORITHM=UNDEFINED */
/*!50013 DEFINER=`seeder`@`%` SQL SECURITY DEFINER */
/*!50001 VIEW `env_records_temperature` AS select `env_records`.`id` AS `id`,`households`.`name` AS `Nazwa`,`env_records`.`value` AS `JSON`,`env_records`.`date` AS `Data` from (`env_records` join `households` on((`households`.`id` = `env_records`.`household_id`))) where (`env_records`.`type` = 'temperature') */;
/*!50001 SET character_set_client      = @saved_cs_client */;
/*!50001 SET character_set_results     = @saved_cs_results */;
/*!50001 SET collation_connection      = @saved_col_connection */;

--
-- Final view structure for view `shopping_items_view`
--

/*!50001 DROP VIEW IF EXISTS `shopping_items_view`*/;
/*!50001 SET @saved_cs_client          = @@character_set_client */;
/*!50001 SET @saved_cs_results         = @@character_set_results */;
/*!50001 SET @saved_col_connection     = @@collation_connection */;
/*!50001 SET character_set_client      = utf8 */;
/*!50001 SET character_set_results     = utf8 */;
/*!50001 SET collation_connection      = utf8_general_ci */;
/*!50001 CREATE ALGORITHM=UNDEFINED */
/*!50013 DEFINER=`seeder`@`%` SQL SECURITY DEFINER */
/*!50001 VIEW `shopping_items_view` AS select `shopping_items`.`id` AS `id`,`households`.`name` AS `Nazwa`,concat(`users`.`firstname`,' ',`users`.`surname`) AS `Kupujcy`,`shopping_items`.`name` AS `Nazwa przedmiotu`,`shopping_items`.`quantity` AS `Ilo`,`shopping_items`.`discount_on_unit` AS `Rabat na sztuk`,((`shopping_items`.`price` * `shopping_items`.`quantity`) - (`shopping_items`.`quantity` * `shopping_items`.`discount_on_unit`)) AS `Cena`,`shopping_categories`.`name` AS `Kategoria`,`shopping_shops`.`name` AS `Sklep`,(case when (`shopping_items`.`shared` = 1) then 'TAK' when (`shopping_items`.`shared` = 0) then 'NIE' end) AS `Wspdzielone`,`shopping_items`.`date` AS `Data` from ((((`shopping_items` left join `shopping_categories` on((`shopping_categories`.`id` = `shopping_items`.`shopping_category_id`))) left join `shopping_shops` on((`shopping_shops`.`id` = `shopping_items`.`shopping_shop_id`))) left join `users` on((`users`.`id` = `shopping_items`.`user_id`))) left join `households` on((`households`.`id` = `shopping_items`.`household_id`))) order by `shopping_items`.`date` */;
/*!50001 SET character_set_client      = @saved_cs_client */;
/*!50001 SET character_set_results     = @saved_cs_results */;
/*!50001 SET collation_connection      = @saved_col_connection */;
/*!40103 SET TIME_ZONE=@OLD_TIME_ZONE */;

/*!40101 SET SQL_MODE=@OLD_SQL_MODE */;
/*!40014 SET FOREIGN_KEY_CHECKS=@OLD_FOREIGN_KEY_CHECKS */;
/*!40014 SET UNIQUE_CHECKS=@OLD_UNIQUE_CHECKS */;
/*!40101 SET CHARACTER_SET_CLIENT=@OLD_CHARACTER_SET_CLIENT */;
/*!40101 SET CHARACTER_SET_RESULTS=@OLD_CHARACTER_SET_RESULTS */;
/*!40101 SET COLLATION_CONNECTION=@OLD_COLLATION_CONNECTION */;
/*!40111 SET SQL_NOTES=@OLD_SQL_NOTES */;

-- Dump completed on 2019-05-15 16:31:31
